roll_no,gender,race_ethnicity,parental_level_of_education,lunch,test_preparation_course,math_score,reading_score,writing_score,science_score,total_score,grade,average_score,attendance_percentage,study_hours_per_week
std-01,male,group D,some college,1,1,89,38,85,26,238,C,59.5,80.5,3.3
std-02,male,group B,high school,1,0,65,100,67,96,328,A,82.0,75.9,6.2
std-03,male,group C,master's degree,1,0,10,99,97,58,264,B,66.0,86.7,7.7
std-04,male,group D,some college,1,1,22,51,41,84,198,D,49.5,82.9,5.4
std-05,male,group C,some college,0,1,26,58,64,65,213,C,53.25,58.2,11.3
std-06,male,group B,high school,1,0,40,49,69,48,206,C,51.5,63.4,4.5
std-07,female,group C,some college,0,0,34,48,84,73,239,C,59.75,79.0,5.6
std-08,male,group B,associate's degree,1,1,25,80,34,17,156,D,39.0,68.2,8.7
std-09,male,group C,some college,1,1,28,79,100,76,283,B,70.75,81.4,8.5
std-10,male,group C,some high school,1,0,71,22,85,39,217,C,54.25,68.4,5.3
std-11,male,group C,high school,1,0,55,64,87,60,266,B,66.5,88.0,8.3
std-12,male,group E,associate's degree,1,0,66,53,54,55,228,C,57.0,84.0,1.5
std-13,male,group A,associate's degree,1,0,29,97,76,91,293,B,73.25,82.9,6.0
std-14,male,group E,high school,0,1,18,70,29,45,162,D,40.5,81.6,8.1
std-15,male,group A,associate's degree,1,1,72,97,52,68,289,B,72.25,86.2,9.2
std-16,male,group D,master's degree,0,0,23,96,34,54,207,C,51.75,67.5,8.3
std-17,male,group E,some high school,0,0,35,70,87,91,283,B,70.75,84.8,2.5
std-18,male,group B,some college,0,1,38,82,82,73,275,B,68.75,72.2,4.5
std-19,male,group C,bachelor's degree,1,1,41,76,78,85,280,B,70.0,89.2,10.8
std-20,male,group B,some high school,1,1,22,73,54,75,224,C,56.0,76.2,9.7
std-21,male,group E,master's degree,1,1,44,67,50,47,208,C,52.0,73.6,6.7
std-22,male,group C,some high school,1,1,11,68,62,54,195,D,48.75,68.1,7.9
std-23,male,group B,bachelor's degree,1,1,39,71,49,78,237,C,59.25,88.7,9.7
std-24,male,group B,associate's degree,1,1,85,97,43,57,282,B,70.5,80.0,6.9
std-25,male,group A,some college,1,0,30,63,63,9,165,D,41.25,67.9,1.9
std-26,male,group C,some college,1,1,100,38,74,95,307,B,76.75,80.3,10.0
std-27,female,group C,some high school,1,0,61,64,81,44,250,B,62.5,83.6,7.9
std-28,male,group B,high school,0,0,47,49,98,46,240,C,60.0,81.2,2.5
std-29,male,group D,associate's degree,0,0,37,57,57,82,233,C,58.25,81.1,4.8
std-30,male,group E,high school,0,1,49,54,61,78,242,C,60.5,82.0,7.4
std-31,male,group E,some high school,1,1,72,89,64,81,306,B,76.5,100.0,10.5
std-32,male,group A,associate's degree,0,0,18,69,82,9,178,D,44.5,69.2,3.9
std-33,male,group C,associate's degree,0,0,11,67,60,31,169,D,42.25,67.5,2.4
std-34,male,group A,some college,1,1,41,77,97,65,280,B,70.0,73.9,12.0
std-35,male,group C,associate's degree,1,0,32,71,74,70,247,C,61.75,84.1,4.2
std-36,male,group A,some college,1,0,85,76,74,57,292,B,73.0,92.4,5.9
std-37,male,group C,some high school,1,0,78,82,52,71,283,B,70.75,80.5,2.5
std-38,female,group C,associate's degree,1,1,36,70,57,93,256,B,64.0,71.7,6.5
std-39,male,group D,high school,0,0,68,66,86,99,319,B,79.75,77.1,8.6
std-40,male,group D,some college,1,0,97,89,64,66,316,B,79.0,90.1,8.0
std-41,male,group D,some high school,1,0,38,97,55,62,252,B,63.0,85.6,7.2
std-42,male,group D,high school,1,0,38,92,95,50,275,B,68.75,85.7,7.6
std-43,male,group B,high school,1,0,58,38,54,65,215,C,53.75,69.9,10.0
std-44,male,group A,bachelor's degree,0,0,78,83,81,71,313,B,78.25,86.1,5.3
std-45,male,group D,some college,1,0,64,81,56,96,297,B,74.25,83.7,2.7
std-46,male,group C,some college,1,0,60,43,33,76,212,C,53.0,77.6,2.1
std-47,male,group D,some college,0,0,60,56,78,67,261,B,65.25,87.5,4.2
std-48,male,group C,high school,0,0,38,90,53,60,241,C,60.25,80.0,3.0
std-49,male,group D,some high school,0,0,69,98,98,46,311,B,77.75,89.9,7.3
std-50,male,group E,high school,0,0,87,63,48,55,253,B,63.25,79.6,8.9
std-52,male,group D,associate's degree,0,1,42,64,57,94,257,B,64.25,82.0,12.2
std-53,male,group C,bachelor's degree,1,1,72,73,69,28,242,C,60.5,83.8,9.2
std-54,male,group C,some college,1,0,44,100,59,9,212,C,53.0,62.5,10.1
std-55,male,group B,some college,0,0,52,98,73,75,298,B,74.5,79.9,5.9
std-56,male,group B,associate's degree,1,1,65,66,60,57,248,C,62.0,74.4,4.0
std-57,male,group C,some college,1,1,27,55,100,38,220,C,55.0,70.5,10.1
std-58,male,group C,bachelor's degree,0,0,46,91,30,69,236,C,59.0,75.1,0.7
std-59,female,group C,associate's degree,1,1,12,83,74,63,232,C,58.0,90.7,5.8
std-60,male,group D,some high school,1,0,51,73,100,60,284,B,71.0,73.8,7.8
std-61,male,group D,some high school,1,0,32,100,77,61,270,B,67.5,89.1,5.9
std-62,male,group B,some high school,1,0,75,86,73,79,313,B,78.25,68.8,6.7
std-63,male,group B,associate's degree,0,1,60,53,82,71,266,B,66.5,77.1,5.6
std-64,male,group D,some college,1,0,20,76,63,71,230,C,57.5,78.6,5.2
std-65,male,group B,bachelor's degree,1,1,85,82,80,72,319,B,79.75,89.8,12.3
std-66,male,group D,associate's degree,1,0,81,88,100,100,369,A,92.25,95.0,8.5
std-67,male,group A,associate's degree,1,0,98,40,32,51,221,C,55.25,83.5,2.9
std-68,male,group C,master's degree,1,1,72,90,61,65,288,B,72.0,78.8,5.9
std-69,male,group C,master's degree,1,0,83,89,56,74,302,B,75.5,78.9,4.9
std-70,male,group C,some college,1,0,100,62,32,74,268,B,67.0,88.0,7.1
std-71,male,group A,some high school,0,0,24,86,68,52,230,C,57.5,75.4,6.0
std-72,male,group D,some high school,1,0,71,90,68,72,301,B,75.25,71.5,4.9
std-73,male,group B,some college,1,0,20,73,100,56,249,C,62.25,68.5,0.1
std-74,male,group E,associate's degree,1,0,23,57,65,65,210,C,52.5,67.2,5.8
std-75,male,group A,associate's degree,0,1,82,30,53,75,240,C,60.0,82.4,5.7
std-76,male,group C,some college,1,0,49,30,53,33,165,D,41.25,73.0,5.4
std-77,male,group D,master's degree,1,0,35,62,33,46,176,D,44.0,78.9,2.0
std-78,male,group D,some college,0,0,55,58,98,74,285,B,71.25,77.8,4.0
std-79,male,group B,some high school,1,0,32,100,78,36,246,C,61.5,79.9,5.9
std-80,male,group D,high school,0,0,19,60,25,78,182,D,45.5,78.8,9.9
std-81,male,group E,bachelor's degree,1,1,47,70,100,90,307,B,76.75,80.7,11.4
std-82,male,group E,high school,0,1,48,76,80,100,304,B,76.0,87.4,9.8
std-83,male,group E,master's degree,1,0,29,77,44,79,229,C,57.25,71.1,6.1
std-84,male,group E,bachelor's degree,1,0,34,70,41,53,198,D,49.5,71.2,0.0
std-85,male,group D,associate's degree,1,0,74,69,26,60,229,C,57.25,73.6,2.3
std-86,male,group E,some college,1,0,44,90,58,72,264,B,66.0,69.2,0.0
std-87,male,group C,some college,1,1,28,82,87,52,249,C,62.25,83.1,12.5
std-88,male,group B,master's degree,1,0,72,76,49,88,285,B,71.25,77.4,10.3
std-89,male,group E,some college,1,1,43,82,50,56,231,C,57.75,77.3,8.7
std-90,male,group E,some college,1,0,71,65,59,60,255,B,63.75,83.5,6.1
std-91,male,group B,some college,1,1,62,58,45,33,198,D,49.5,78.5,3.0
std-92,male,group C,some college,1,0,42,60,80,74,256,B,64.0,85.3,5.2
std-93,male,group E,associate's degree,0,0,43,86,83,93,305,B,76.25,82.4,11.4
std-94,male,group B,high school,0,1,21,60,18,66,165,D,41.25,67.9,6.5
std-95,male,group B,some high school,1,0,72,86,23,62,243,C,60.75,77.5,4.1
std-96,male,group E,associate's degree,0,0,93,85,30,79,287,B,71.75,66.7,2.1
std-97,male,group D,some high school,1,0,66,91,95,59,311,B,77.75,70.8,10.5
std-98,male,group D,some college,1,1,65,65,64,27,221,C,55.25,64.5,7.3
std-99,male,group D,master's degree,0,0,47,64,54,23,188,D,47.0,64.7,0.0
std-100,male,group C,some high school,0,0,0,37,62,94,193,D,48.25,77.7,2.0
std-101,male,group D,associate's degree,1,1,25,78,69,36,208,C,52.0,67.2,4.0
std-102,male,group B,associate's degree,1,1,78,82,62,15,237,C,59.25,74.3,7.5
std-103,male,group B,high school,0,0,82,84,82,79,327,A,81.75,96.8,8.0
std-104,male,group E,some college,1,1,46,98,96,100,340,A,85.0,83.0,9.0
std-105,male,group C,some college,1,0,13,100,68,10,191,D,47.75,80.5,6.2
std-106,male,group D,bachelor's degree,1,0,28,79,71,42,220,C,55.0,67.9,5.1
std-107,male,group A,some college,1,0,35,74,58,51,218,C,54.5,74.3,7.6
std-108,male,group A,associate's degree,1,1,39,64,93,77,273,B,68.25,72.1,7.8
std-109,male,group C,high school,1,1,51,69,68,36,224,C,56.0,73.6,15.1
std-110,male,group B,master's degree,0,0,71,89,71,83,314,B,78.5,91.6,5.8
std-111,male,group D,high school,0,0,45,65,37,50,197,D,49.25,58.8,2.1
std-112,male,group E,high school,1,1,57,60,56,52,225,C,56.25,80.6,5.0
std-113,male,group C,bachelor's degree,1,1,44,89,100,88,321,A,80.25,86.8,9.3
std-114,male,group C,some high school,1,0,20,69,78,61,228,C,57.0,71.6,0.8
std-115,male,group A,associate's degree,1,0,54,95,71,80,300,B,75.0,69.9,7.6
std-116,male,group C,associate's degree,0,0,28,53,84,38,203,C,50.75,75.5,0.0
std-117,male,group C,some college,1,0,21,47,55,49,172,D,43.0,67.6,4.2
std-118,male,group C,some high school,1,1,66,91,40,40,237,C,59.25,79.8,4.5
std-119,male,group A,associate's degree,1,1,18,95,72,49,234,C,58.5,77.7,6.8
std-120,male,group B,some college,1,0,70,59,29,50,208,C,52.0,89.7,6.2
std-121,male,group C,high school,1,0,30,63,76,48,217,C,54.25,73.9,10.6
std-122,male,group C,associate's degree,1,0,98,68,100,69,335,A,83.75,76.6,5.0
std-123,male,group E,associate's degree,0,0,85,98,64,73,320,A,80.0,86.2,6.9
std-124,male,group C,some high school,1,0,75,90,51,91,307,B,76.75,85.5,5.2
std-125,male,group A,master's degree,0,1,97,100,69,58,324,A,81.0,97.1,7.7
std-126,male,group B,some college,1,0,20,76,27,43,166,D,41.5,79.3,1.9
std-127,male,group C,high school,1,1,50,100,67,100,317,B,79.25,87.5,11.8
std-128,male,group D,some college,1,1,65,85,72,72,294,B,73.5,95.6,8.0
std-129,male,group E,some college,0,1,23,100,92,67,282,B,70.5,70.7,14.5
std-130,male,group B,master's degree,1,0,32,48,51,9,140,Fail,35.0,63.9,4.1
std-131,male,group E,high school,1,0,61,59,100,54,274,B,68.5,72.4,3.7
std-132,male,group B,some high school,0,0,73,78,96,81,328,A,82.0,81.7,6.6
std-133,male,group B,bachelor's degree,1,0,88,85,79,100,352,A,88.0,74.8,6.1
std-134,male,group C,some high school,0,1,60,92,41,28,221,C,55.25,82.1,9.5
std-135,male,group B,bachelor's degree,1,1,25,82,80,94,281,B,70.25,79.3,4.8
std-136,male,group E,some high school,1,1,93,81,75,91,340,A,85.0,73.0,6.9
std-137,male,group D,some high school,1,0,72,44,78,58,252,B,63.0,69.8,4.2
std-138,male,group D,some college,0,1,64,65,81,100,310,B,77.5,86.6,11.3
std-139,male,group D,some college,1,0,41,72,88,64,265,B,66.25,87.6,9.1
std-140,male,group C,some high school,1,1,36,67,60,77,240,C,60.0,95.9,11.4
std-141,male,group C,associate's degree,0,1,33,88,31,97,249,C,62.25,100.0,9.5
std-142,male,group D,associate's degree,1,0,54,86,62,78,280,B,70.0,85.0,6.2
std-143,male,group B,high school,1,1,44,49,60,39,192,D,48.0,65.1,8.8
std-144,male,group A,master's degree,1,0,44,17,92,86,239,C,59.75,58.7,2.5
std-145,male,group D,high school,1,0,19,84,99,62,264,B,66.0,82.3,1.4
std-146,male,group C,master's degree,1,0,29,59,47,48,183,D,45.75,65.9,5.2
std-147,male,group C,some high school,0,1,39,58,72,25,194,D,48.5,70.4,4.3
std-148,male,group C,some college,0,0,24,77,94,9,204,C,51.0,69.5,4.4
std-149,male,group C,some college,1,0,76,91,100,41,308,B,77.0,82.3,7.3
std-150,male,group C,master's degree,0,0,74,62,86,91,313,B,78.25,93.6,7.8
std-151,male,group E,some college,1,1,65,62,63,56,246,C,61.5,79.9,10.4
std-152,male,group B,master's degree,0,0,38,63,59,82,242,C,60.5,76.7,7.5
std-153,male,group C,high school,1,0,71,58,56,73,258,B,64.5,70.1,6.3
std-154,male,group D,some high school,0,0,75,100,100,34,309,B,77.25,68.6,5.9
std-155,male,group B,bachelor's degree,0,0,68,79,77,89,313,B,78.25,79.6,7.4
std-156,male,group D,high school,1,0,34,91,64,44,233,C,58.25,76.9,3.8
std-157,male,group A,some high school,0,0,45,48,67,9,169,D,42.25,88.0,3.2
std-158,male,group C,some college,0,1,46,34,86,59,225,C,56.25,77.9,14.1
std-159,male,group B,some college,0,0,82,87,52,60,281,B,70.25,90.2,6.8
std-160,male,group C,some college,1,0,57,59,95,99,310,B,77.5,79.2,8.2
std-161,male,group C,master's degree,1,0,0,93,66,80,239,C,59.75,67.2,3.6
std-162,male,group D,some college,0,0,88,64,59,46,257,B,64.25,70.7,8.4
std-163,male,group E,bachelor's degree,1,0,27,100,87,82,296,B,74.0,76.1,8.6
std-164,male,group A,bachelor's degree,0,1,17,97,63,44,221,C,55.25,95.5,9.4
std-165,male,group C,some college,0,1,62,87,73,56,278,B,69.5,73.7,9.3
std-166,male,group C,bachelor's degree,0,1,16,100,47,32,195,D,48.75,81.8,9.4
std-167,male,group D,some college,0,0,89,68,64,99,320,A,80.0,76.4,10.5
std-168,male,group A,associate's degree,1,0,50,60,57,32,199,D,49.75,82.9,5.2
std-169,male,group C,high school,1,0,40,98,53,84,275,B,68.75,84.3,6.0
std-170,male,group E,bachelor's degree,0,1,56,81,52,69,258,B,64.5,78.0,10.6
std-171,male,group C,bachelor's degree,0,0,80,70,37,75,262,B,65.5,79.4,3.7
std-172,male,group E,bachelor's degree,1,0,74,70,36,41,221,C,55.25,70.5,3.2
std-173,male,group D,bachelor's degree,0,1,23,87,73,86,269,B,67.25,84.4,8.5
std-174,male,group D,high school,1,0,53,51,73,87,264,B,66.0,75.8,1.6
std-175,male,group D,some college,1,0,39,41,48,62,190,D,47.5,62.8,6.3
std-176,male,group B,master's degree,0,0,30,69,93,91,283,B,70.75,70.0,4.0
std-177,male,group E,high school,1,1,68,91,65,98,322,A,80.5,86.3,8.7
std-178,male,group E,some high school,1,1,71,80,58,58,267,B,66.75,94.4,8.0
std-179,male,group D,associate's degree,1,0,14,36,25,49,124,Fail,31.0,69.8,2.8
std-180,male,group C,some high school,1,1,44,80,100,61,285,B,71.25,80.6,8.1
std-181,male,group C,high school,0,0,69,82,49,48,248,C,62.0,81.2,5.4
std-182,male,group B,high school,0,0,42,95,33,49,219,C,54.75,88.0,4.8
std-183,male,group D,bachelor's degree,1,0,49,70,93,64,276,B,69.0,82.9,5.1
std-184,male,group D,some college,1,1,84,75,67,62,288,B,72.0,78.2,7.1
std-185,male,group E,some college,1,0,55,86,70,92,303,B,75.75,93.1,9.6
std-186,male,group C,master's degree,1,0,49,90,55,94,288,B,72.0,85.8,1.3
std-187,male,group C,associate's degree,1,1,41,72,63,97,273,B,68.25,94.5,8.2
std-188,male,group D,bachelor's degree,1,1,49,58,66,34,207,C,51.75,76.9,6.0
std-189,male,group B,some college,1,0,16,100,88,36,240,C,60.0,66.9,6.5
std-190,male,group C,associate's degree,0,1,37,99,52,45,233,C,58.25,65.1,4.1
std-191,male,group C,high school,1,1,87,57,65,60,269,B,67.25,95.2,7.4
std-192,male,group E,some college,1,1,45,100,46,73,264,B,66.0,95.4,8.2
std-193,male,group B,associate's degree,0,0,32,47,61,61,201,C,50.25,73.1,7.2
std-194,male,group D,some high school,1,1,62,91,89,63,305,B,76.25,79.9,10.3
std-195,male,group E,some high school,1,1,58,88,64,62,272,B,68.0,93.8,5.7
std-196,male,group E,bachelor's degree,0,1,51,60,54,74,239,C,59.75,67.9,6.7
std-197,male,group D,master's degree,1,1,45,51,56,74,226,C,56.5,68.7,9.8
std-198,male,group D,master's degree,1,0,33,63,53,85,234,C,58.5,83.2,2.3
std-199,male,group D,some college,1,1,50,91,78,35,254,B,63.5,75.6,8.0
std-200,male,group D,bachelor's degree,0,0,57,71,42,80,250,B,62.5,78.7,5.6
std-201,male,group C,high school,1,1,80,100,84,46,310,B,77.5,82.3,8.6
std-202,male,group A,some college,0,0,69,37,37,87,230,C,57.5,80.2,11.9
std-203,male,group D,high school,0,0,39,66,51,40,196,D,49.0,87.0,3.3
std-204,male,group C,some high school,1,1,9,95,88,68,260,B,65.0,80.4,9.5
std-205,male,group C,master's degree,0,1,8,69,61,33,171,D,42.75,78.0,4.4
std-206,male,group E,some high school,0,0,17,76,34,72,199,D,49.75,56.1,5.8
std-207,male,group D,bachelor's degree,0,1,33,54,63,57,207,C,51.75,74.8,9.3
std-208,male,group D,high school,0,1,16,50,81,100,247,C,61.75,70.9,6.6
std-209,male,group B,some high school,0,0,65,92,49,30,236,C,59.0,66.7,5.2
std-210,male,group A,high school,1,0,54,85,60,70,269,B,67.25,72.4,3.9
std-211,male,group C,high school,1,0,19,62,58,74,213,C,53.25,72.7,1.9
std-212,male,group E,high school,1,0,51,60,63,47,221,C,55.25,84.6,7.6
std-213,male,group C,associate's degree,1,0,66,95,50,73,284,B,71.0,69.7,5.1
std-214,male,group A,some college,0,0,18,72,10,76,176,D,44.0,72.9,0.0
std-215,male,group C,master's degree,0,0,79,52,47,29,207,C,51.75,70.9,9.0
std-216,male,group C,associate's degree,0,1,33,72,74,52,231,C,57.75,74.3,5.7
std-217,male,group B,some college,0,0,81,49,58,60,248,C,62.0,87.6,5.0
std-218,male,group C,some college,0,0,35,100,47,53,235,C,58.75,82.4,9.4
std-219,male,group C,bachelor's degree,1,1,49,67,88,70,274,B,68.5,92.8,8.4
std-220,male,group B,associate's degree,0,0,75,57,42,53,227,C,56.75,75.5,4.7
std-221,male,group C,some college,0,1,40,83,99,100,322,A,80.5,78.5,6.8
std-222,male,group A,bachelor's degree,1,0,79,100,62,63,304,B,76.0,81.2,2.8
std-223,male,group B,bachelor's degree,0,1,44,86,65,88,283,B,70.75,83.7,8.5
std-224,male,group D,bachelor's degree,1,0,20,46,65,15,146,Fail,36.5,71.8,4.1
std-225,male,group A,some high school,1,1,16,70,56,77,219,C,54.75,66.5,8.2
std-226,male,group C,high school,0,0,65,45,56,45,211,C,52.75,76.4,3.5
std-227,male,group E,high school,1,1,68,67,72,30,237,C,59.25,79.8,7.9
std-228,male,group D,some high school,1,1,74,66,51,80,271,B,67.75,100.0,4.1
std-229,male,group C,some college,1,0,16,83,66,49,214,C,53.5,92.7,6.0
std-230,male,group B,high school,1,1,65,43,84,13,205,C,51.25,67.4,7.5
std-231,male,group D,some college,1,1,71,88,72,46,277,B,69.25,78.4,13.7
std-232,male,group D,some college,1,1,11,57,91,93,252,B,63.0,65.8,8.2
std-233,male,group C,associate's degree,0,0,44,38,82,67,231,C,57.75,71.9,2.8
std-234,male,group C,some college,0,0,12,64,74,92,242,C,60.5,81.0,5.3
std-235,male,group E,associate's degree,0,0,11,93,56,92,252,B,63.0,89.8,4.9
std-236,male,group E,associate's degree,0,0,54,75,79,58,266,B,66.5,73.5,7.1
std-237,male,group D,associate's degree,1,0,21,58,68,65,212,C,53.0,69.7,4.8
std-238,male,group E,some college,1,0,48,74,58,52,232,C,58.0,58.0,2.1
std-239,male,group C,some college,0,0,40,51,51,74,216,C,54.0,74.5,0.8
std-240,male,group C,high school,0,0,79,74,62,62,277,B,69.25,71.5,6.9
std-241,male,group E,bachelor's degree,1,1,77,72,94,63,306,B,76.5,78.6,12.9
std-242,male,group C,some college,1,0,19,63,69,58,209,C,52.25,67.5,4.9
std-243,male,group E,some college,1,0,74,77,63,68,282,B,70.5,80.6,8.4
std-245,male,group D,some college,1,1,51,73,61,80,265,B,66.25,64.2,11.0
std-246,male,group D,bachelor's degree,1,1,57,77,77,49,260,B,65.0,66.4,9.1
std-247,male,group E,bachelor's degree,1,0,39,79,62,49,229,C,57.25,96.2,3.1
std-248,male,group C,bachelor's degree,1,0,43,100,73,42,258,B,64.5,67.9,6.3
std-249,male,group C,some college,0,1,24,52,54,91,221,C,55.25,66.5,10.5
std-250,male,group C,high school,0,0,26,63,96,42,227,C,56.75,93.4,6.4
std-251,female,group D,some high school,1,1,68,53,100,41,262,B,65.5,100.0,10.3
std-252,male,group B,high school,1,0,72,100,100,46,318,B,79.5,73.9,6.1
std-253,male,group A,high school,0,1,43,81,89,68,281,B,70.25,78.0,8.4
std-254,male,group E,high school,0,0,68,41,42,54,205,C,51.25,78.1,4.3
std-255,male,group C,high school,1,0,44,70,59,65,238,C,59.5,93.3,5.2
std-256,male,group C,some college,0,1,83,39,56,36,214,C,53.5,66.9,10.2
std-257,male,group E,high school,1,1,60,80,74,71,285,B,71.25,79.5,3.1
std-258,male,group A,some college,1,0,82,100,75,71,328,A,82.0,92.2,7.6
std-259,male,group E,bachelor's degree,1,0,22,65,48,50,185,D,46.25,77.3,3.9
std-260,male,group E,master's degree,1,1,83,52,92,77,304,B,76.0,79.9,6.0
std-261,male,group D,some high school,0,0,99,78,81,97,355,A,88.75,86.3,9.8
std-262,male,group B,bachelor's degree,1,0,79,73,94,78,324,A,81.0,72.5,5.6
std-263,male,group C,high school,1,0,55,52,87,54,248,C,62.0,76.5,4.7
std-264,male,group E,associate's degree,0,0,39,89,55,77,260,B,65.0,77.2,10.5
std-265,male,group D,some college,1,1,69,76,60,73,278,B,69.5,83.2,11.3
std-266,male,group E,high school,1,0,50,65,59,64,238,C,59.5,72.8,6.8
std-267,male,group D,associate's degree,0,0,89,74,70,67,300,B,75.0,87.2,7.8
std-268,male,group C,associate's degree,1,1,60,93,63,47,263,B,65.75,89.0,8.0
std-269,male,group D,associate's degree,1,0,53,94,92,63,302,B,75.5,84.5,11.9
std-270,male,group C,some high school,1,0,72,98,73,77,320,A,80.0,87.7,9.3
std-271,male,group A,high school,1,1,0,85,99,47,231,C,57.75,77.7,5.8
std-272,male,group E,some high school,0,0,83,78,78,86,325,A,81.25,85.0,3.9
std-273,male,group D,bachelor's degree,1,0,72,60,75,54,261,B,65.25,73.2,7.3
std-274,male,group A,master's degree,1,0,49,88,75,42,254,B,63.5,82.0,5.6
std-275,male,group B,high school,1,0,16,50,58,40,164,D,41.0,70.8,0.0
std-276,male,group B,master's degree,1,0,78,60,50,75,263,B,65.75,98.7,7.0
std-277,male,group D,bachelor's degree,0,1,41,66,52,45,204,C,51.0,89.1,6.4
std-278,male,group B,associate's degree,1,0,33,65,61,59,218,C,54.5,79.6,6.2
std-279,male,group D,some college,0,0,58,64,70,38,230,C,57.5,70.3,6.3
std-280,male,group C,bachelor's degree,0,0,23,72,90,55,240,C,60.0,67.9,3.9
std-281,male,group B,high school,1,0,46,92,52,32,222,C,55.5,87.2,6.6
std-282,male,group D,high school,1,1,20,74,34,29,157,D,39.25,73.5,4.7
std-283,male,group D,bachelor's degree,1,0,17,55,44,31,147,Fail,36.75,74.6,2.1
std-284,male,group D,associate's degree,1,0,25,71,59,69,224,C,56.0,60.9,3.7
std-285,male,group C,bachelor's degree,1,1,70,48,79,65,262,B,65.5,88.1,11.3
std-286,male,group D,some college,0,0,46,69,70,44,229,C,57.25,81.1,4.5
std-287,male,group E,some college,1,1,41,61,69,44,215,C,53.75,65.9,10.8
std-288,male,group C,high school,1,0,69,36,65,94,264,B,66.0,75.7,10.4
std-289,male,group B,bachelor's degree,1,0,61,40,72,44,217,C,54.25,78.4,3.0
std-290,male,group B,high school,1,0,68,100,100,62,330,A,82.5,85.9,0.2
std-291,male,group B,master's degree,0,0,68,65,76,59,268,B,67.0,77.6,8.7
std-292,male,group D,associate's degree,1,0,41,35,66,37,179,D,44.75,72.0,3.1
std-293,male,group D,bachelor's degree,1,1,24,33,47,11,115,Fail,28.75,65.3,2.8
std-294,male,group E,bachelor's degree,0,0,48,94,100,49,291,B,72.75,83.5,5.1
std-295,male,group D,master's degree,1,1,54,86,87,48,275,B,68.75,94.1,7.7
std-296,male,group C,associate's degree,1,1,37,100,96,64,297,B,74.25,59.6,12.5
std-297,male,group B,associate's degree,1,0,40,59,75,39,213,C,53.25,73.6,5.2
std-298,male,group C,bachelor's degree,1,0,49,98,79,69,295,B,73.75,84.1,9.9
std-299,male,group B,bachelor's degree,0,0,73,79,56,66,274,B,68.5,83.4,7.5
std-300,male,group C,high school,0,0,67,100,64,80,311,B,77.75,80.5,6.3
std-301,male,group D,master's degree,1,0,44,17,57,64,182,D,45.5,57.3,3.1
std-302,male,group C,some high school,0,0,47,85,65,25,222,C,55.5,79.4,6.4
std-303,male,group D,bachelor's degree,1,0,75,96,100,100,371,A,92.75,100.0,10.6
std-304,male,group A,associate's degree,0,1,39,82,53,73,247,C,61.75,64.7,10.6
std-305,male,group B,high school,0,1,44,76,53,10,183,D,45.75,81.0,5.9
std-306,male,group B,high school,1,0,37,100,70,87,294,B,73.5,79.5,7.1
std-307,male,group A,bachelor's degree,1,1,58,69,86,50,263,B,65.75,79.3,9.9
std-308,male,group E,bachelor's degree,1,0,72,62,48,82,264,B,66.0,70.5,5.0
std-309,male,group E,some college,0,0,26,76,85,59,246,C,61.5,75.4,2.7
std-310,male,group C,associate's degree,0,0,25,44,56,39,164,D,41.0,83.4,1.6
std-311,male,group C,some high school,1,0,59,100,69,75,303,B,75.75,88.4,6.3
std-312,male,group C,some high school,1,0,98,100,95,67,360,A,90.0,100.0,9.9
std-313,male,group B,bachelor's degree,0,1,63,100,55,38,256,B,64.0,89.9,11.4
std-314,male,group E,high school,1,0,64,99,77,89,329,A,82.25,89.3,4.1
std-315,male,group C,some college,0,0,25,51,95,48,219,C,54.75,91.9,3.4
std-316,male,group C,associate's degree,1,1,75,67,80,49,271,B,67.75,84.5,7.8
std-317,male,group B,some college,0,1,17,68,69,23,177,D,44.25,80.2,8.4
std-318,male,group D,bachelor's degree,0,1,69,57,79,64,269,B,67.25,77.7,7.3
std-319,male,group D,master's degree,0,1,29,93,69,60,251,B,62.75,79.5,7.1
std-320,male,group D,some college,1,0,37,44,62,69,212,C,53.0,69.4,1.2
std-321,male,group D,associate's degree,0,0,49,62,16,75,202,C,50.5,83.7,5.7
std-322,male,group E,associate's degree,0,1,98,60,70,69,297,B,74.25,72.1,8.9
std-323,male,group D,master's degree,1,0,30,63,73,43,209,C,52.25,82.4,3.0
std-324,male,group E,master's degree,0,1,71,100,73,40,284,B,71.0,79.9,8.3
std-325,male,group C,high school,0,0,39,58,34,46,177,D,44.25,83.3,6.7
std-326,male,group D,some high school,0,1,19,46,67,9,141,Fail,35.25,76.5,3.1
std-327,male,group B,master's degree,1,1,35,95,57,57,244,C,61.0,94.7,5.9
std-328,male,group C,some high school,1,0,42,100,100,80,322,A,80.5,91.3,10.5
std-329,male,group B,associate's degree,1,1,86,71,59,47,263,B,65.75,65.7,8.6
std-330,male,group B,bachelor's degree,1,1,46,94,100,64,304,B,76.0,82.6,11.1
std-331,male,group D,bachelor's degree,0,1,77,75,63,32,247,C,61.75,68.0,9.1
std-332,male,group E,some college,1,1,79,44,70,78,271,B,67.75,75.9,8.6
std-333,male,group B,some college,1,1,62,83,55,58,258,B,64.5,93.0,7.5
std-334,male,group C,bachelor's degree,1,0,57,92,96,79,324,A,81.0,90.6,9.5
std-335,male,group A,some high school,0,1,30,59,48,42,179,D,44.75,66.6,9.4
std-336,male,group C,some high school,0,1,45,74,59,100,278,B,69.5,72.0,11.5
std-337,male,group A,high school,1,0,77,96,58,90,321,A,80.25,84.9,4.4
std-338,male,group D,high school,1,1,43,35,80,82,240,C,60.0,67.0,11.2
std-339,male,group A,some high school,0,0,31,78,34,47,190,D,47.5,67.8,3.3
std-340,male,group C,high school,1,0,30,100,87,54,271,B,67.75,83.3,4.3
std-341,male,group C,high school,0,0,61,89,79,80,309,B,77.25,94.1,6.6
std-342,male,group D,high school,1,1,61,89,86,71,307,B,76.75,89.0,11.6
std-343,male,group E,some high school,1,0,92,70,45,69,276,B,69.0,60.3,7.6
std-344,male,group B,some college,1,0,50,78,54,69,251,B,62.75,81.6,5.0
std-345,male,group B,bachelor's degree,0,1,75,86,63,56,280,B,70.0,81.9,11.0
std-346,male,group D,associate's degree,1,0,43,51,83,64,241,C,60.25,81.8,5.8
std-347,male,group A,high school,1,0,64,71,69,64,268,B,67.0,94.8,4.6
std-348,male,group C,associate's degree,1,0,19,17,83,63,182,D,45.5,54.6,2.3
std-349,male,group C,associate's degree,1,0,17,82,65,89,253,B,63.25,73.7,6.7
std-350,male,group B,high school,0,1,68,100,77,89,334,A,83.5,91.0,9.9
std-351,male,group C,high school,0,0,54,79,36,94,263,B,65.75,65.6,2.5
std-352,male,group C,associate's degree,0,0,79,91,83,66,319,B,79.75,97.8,9.4
std-353,male,group D,high school,0,1,51,44,67,82,244,C,61.0,81.6,6.8
std-354,male,group D,high school,1,0,24,81,53,45,203,C,50.75,82.5,8.5
std-355,male,group B,associate's degree,0,1,79,67,76,54,276,B,69.0,75.8,5.3
std-356,male,group B,high school,1,0,19,78,56,75,228,C,57.0,84.3,4.7
std-357,male,group B,some college,1,0,52,76,68,59,255,B,63.75,88.8,4.0
std-358,male,group D,some college,0,0,28,75,30,32,165,D,41.25,73.8,1.2
std-359,male,group C,high school,0,0,86,66,43,12,207,C,51.75,77.3,3.4
std-360,male,group C,some high school,1,0,50,100,76,62,288,B,72.0,84.4,11.0
std-361,male,group C,associate's degree,1,1,50,55,66,79,250,B,62.5,71.0,8.5
std-362,male,group C,high school,1,0,20,47,54,61,182,D,45.5,71.8,2.1
std-363,male,group D,bachelor's degree,1,1,17,81,52,90,240,C,60.0,76.6,3.3
std-364,male,group B,bachelor's degree,1,0,57,73,87,91,308,B,77.0,87.0,2.7
std-365,male,group B,associate's degree,1,1,47,60,100,76,283,B,70.75,90.5,7.6
std-366,male,group C,some college,1,1,94,63,72,97,326,A,81.5,75.5,8.4
std-367,male,group D,associate's degree,1,0,46,31,69,49,195,D,48.75,73.1,3.8
std-368,male,group D,some high school,1,1,70,84,96,81,331,A,82.75,98.8,4.4
std-369,male,group C,some college,0,1,31,26,76,54,187,D,46.75,66.9,6.4
std-370,male,group B,bachelor's degree,1,0,87,78,100,47,312,B,78.0,76.5,9.7
std-371,male,group B,master's degree,0,0,24,54,55,83,216,C,54.0,77.8,8.9
std-372,male,group D,high school,0,1,71,97,86,83,337,A,84.25,93.6,5.5
std-373,male,group C,high school,1,0,59,34,93,46,232,C,58.0,77.4,3.2
std-374,male,group C,some college,1,0,36,43,26,45,150,D,37.5,82.5,1.2
std-375,male,group C,associate's degree,0,1,59,65,51,58,233,C,58.25,85.1,8.1
std-376,male,group D,associate's degree,0,1,25,88,91,89,293,B,73.25,89.9,6.1
std-377,male,group C,some high school,1,1,6,60,79,38,183,D,45.75,78.2,10.8
std-378,male,group E,some high school,1,1,43,82,85,35,245,C,61.25,99.3,8.1
std-379,male,group A,some college,1,0,60,63,95,53,271,B,67.75,78.7,5.8
std-380,male,group D,bachelor's degree,0,1,70,100,78,89,337,A,84.25,67.9,14.2
std-381,male,group C,high school,1,0,51,42,70,27,190,D,47.5,88.3,4.2
std-382,male,group D,high school,0,1,67,49,38,58,212,C,53.0,71.5,8.3
std-383,male,group B,some high school,1,0,23,96,67,38,224,C,56.0,77.6,3.2
std-384,male,group E,master's degree,1,0,72,88,72,43,275,B,68.75,92.6,2.8
std-385,male,group C,associate's degree,1,0,13,24,53,31,121,Fail,30.25,53.7,1.1
std-386,male,group E,bachelor's degree,1,1,89,75,52,86,302,B,75.5,71.8,14.8
std-387,male,group D,some college,1,1,28,17,52,58,155,D,38.75,56.5,7.5
std-388,male,group E,some high school,1,1,18,87,100,26,231,C,57.75,70.1,8.4
std-389,male,group D,some college,1,1,45,76,75,51,247,C,61.75,82.5,5.6
std-390,male,group A,some high school,0,0,38,100,72,44,254,B,63.5,83.8,8.0
std-391,male,group C,bachelor's degree,1,0,20,89,88,96,293,B,73.25,84.8,3.3
std-392,male,group C,associate's degree,0,1,48,48,87,71,254,B,63.5,66.4,4.3
std-393,male,group C,some college,1,0,19,76,61,57,213,C,53.25,54.9,3.4
std-394,male,group D,associate's degree,0,0,53,72,63,67,255,B,63.75,79.7,10.7
std-395,male,group D,master's degree,0,0,30,21,48,40,139,Fail,34.75,65.4,7.8
std-396,male,group D,some high school,0,1,89,99,60,62,310,B,77.5,87.9,8.4
std-397,male,group D,master's degree,1,0,36,100,61,75,272,B,68.0,86.9,4.5
std-398,male,group D,bachelor's degree,1,0,81,47,83,85,296,B,74.0,83.8,2.6
std-399,male,group D,some high school,1,1,99,100,44,17,260,B,65.0,86.4,8.6
std-400,male,group D,bachelor's degree,1,0,27,50,51,98,226,C,56.5,78.9,5.5
std-401,male,group B,associate's degree,0,0,60,100,100,56,316,B,79.0,89.0,9.2
std-402,male,group D,bachelor's degree,0,0,48,71,91,98,308,B,77.0,77.2,9.3
std-403,male,group C,bachelor's degree,0,1,64,74,49,86,273,B,68.25,79.1,8.2
std-404,male,group E,bachelor's degree,1,0,73,73,82,29,257,B,64.25,81.1,7.2
std-405,male,group E,high school,0,1,25,40,69,52,186,D,46.5,80.9,4.9
std-406,male,group D,associate's degree,1,0,28,25,45,37,135,Fail,33.75,65.7,4.3
std-407,female,group C,high school,1,0,54,55,66,100,275,B,68.75,85.5,5.0
std-408,male,group A,some college,0,0,17,59,51,61,188,D,47.0,71.3,5.3
std-409,male,group C,associate's degree,1,1,85,46,76,90,297,B,74.25,81.6,10.2
std-410,male,group C,bachelor's degree,1,0,27,81,62,37,207,C,51.75,82.7,4.8
std-411,male,group B,high school,1,0,51,85,44,95,275,B,68.75,62.9,8.2
std-412,male,group A,associate's degree,0,1,75,77,69,26,247,C,61.75,66.9,4.2
std-413,male,group E,associate's degree,0,1,27,35,50,43,155,D,38.75,57.6,3.2
std-414,male,group B,high school,1,0,72,61,37,47,217,C,54.25,55.0,4.2
std-415,male,group E,high school,0,0,100,73,51,100,324,A,81.0,78.8,3.8
std-416,male,group D,associate's degree,0,1,54,44,80,50,228,C,57.0,83.7,6.6
std-417,male,group B,associate's degree,1,1,50,77,91,46,264,B,66.0,77.4,7.5
std-418,male,group E,high school,0,0,55,62,81,45,243,C,60.75,80.0,8.8
std-419,male,group E,associate's degree,1,1,37,95,72,57,261,B,65.25,89.5,8.8
std-420,male,group C,some college,1,0,98,60,96,50,304,B,76.0,95.2,9.5
std-421,male,group B,associate's degree,0,0,25,84,60,50,219,C,54.75,75.6,5.7
std-422,male,group B,high school,0,1,53,59,30,48,190,D,47.5,86.0,5.4
std-423,male,group C,some high school,0,1,77,39,67,57,240,C,60.0,78.8,8.2
std-424,male,group C,master's degree,1,1,12,70,73,59,214,C,53.5,68.3,9.1
std-425,male,group D,associate's degree,0,1,57,67,47,95,266,B,66.5,74.8,11.5
std-426,male,group C,associate's degree,1,0,46,61,76,86,269,B,67.25,67.0,5.8
std-427,male,group E,some high school,1,0,30,76,70,47,223,C,55.75,68.6,0.9
std-428,male,group D,some high school,1,0,45,65,55,81,246,C,61.5,75.2,1.3
std-429,male,group C,high school,0,1,77,93,85,81,336,A,84.0,93.1,9.4
std-430,male,group B,some college,0,0,17,48,73,57,195,D,48.75,89.7,0.0
std-431,male,group A,master's degree,0,1,35,74,100,94,303,B,75.75,70.7,13.9
std-432,male,group A,some college,0,1,91,98,66,100,355,A,88.75,91.0,12.1
std-433,male,group C,high school,1,0,65,47,34,100,246,C,61.5,69.1,4.0
std-434,male,group B,some college,0,0,74,98,88,83,343,A,85.75,90.7,5.1
std-435,male,group A,high school,1,0,39,96,59,53,247,C,61.75,77.4,8.2
std-436,male,group A,master's degree,1,0,34,48,52,80,214,C,53.5,59.3,2.0
std-437,male,group C,some college,0,1,54,58,78,100,290,B,72.5,90.4,6.6
std-438,male,group D,master's degree,1,0,67,54,81,64,266,B,66.5,74.7,4.1
std-439,male,group B,high school,0,0,72,100,98,82,352,A,88.0,82.4,8.3
std-440,male,group D,associate's degree,0,0,72,90,53,94,309,B,77.25,74.0,8.6
std-441,male,group D,high school,1,1,54,86,28,88,256,B,64.0,73.4,11.3
std-442,male,group E,associate's degree,1,0,34,53,54,57,198,D,49.5,78.3,7.0
std-443,male,group E,some college,0,0,50,56,70,72,248,C,62.0,76.9,5.6
std-444,male,group C,high school,0,0,53,73,82,65,273,B,68.25,83.6,8.7
std-445,male,group B,associate's degree,0,0,71,44,64,54,233,C,58.25,80.6,3.6
std-446,male,group B,associate's degree,1,0,48,92,73,54,267,B,66.75,92.1,1.5
std-447,male,group C,master's degree,1,1,60,95,59,75,289,B,72.25,78.9,7.4
std-448,male,group C,some high school,0,1,36,64,64,55,219,C,54.75,62.9,5.4
std-449,male,group B,some college,0,0,97,64,58,34,253,B,63.25,88.6,4.1
std-450,male,group C,some college,1,1,49,98,84,92,323,A,80.75,81.8,7.5
std-451,male,group B,bachelor's degree,1,1,78,81,51,40,250,B,62.5,88.8,7.0
std-452,male,group D,associate's degree,1,0,21,64,53,55,193,D,48.25,77.5,5.9
std-453,male,group B,some college,1,0,96,84,82,100,362,A,90.5,86.9,12.6
std-454,male,group D,associate's degree,1,1,77,60,29,54,220,C,55.0,79.4,3.1
std-455,male,group C,high school,1,1,43,100,82,80,305,B,76.25,100.0,6.2
std-456,male,group C,some high school,1,0,38,100,65,87,290,B,72.5,100.0,4.6
std-457,male,group E,bachelor's degree,1,0,53,76,72,42,243,C,60.75,78.8,7.4
std-458,male,group C,some college,0,1,53,100,65,53,271,B,67.75,82.0,8.1
std-459,male,group D,associate's degree,1,1,51,65,64,93,273,B,68.25,90.4,6.9
std-460,male,group C,some high school,1,1,70,52,45,69,236,C,59.0,70.0,9.6
std-461,male,group C,high school,0,0,85,72,62,48,267,B,66.75,83.2,8.4
std-462,male,group D,some high school,1,0,51,48,55,61,215,C,53.75,75.7,4.8
std-463,male,group B,some college,1,1,56,93,69,77,295,B,73.75,85.3,7.2
std-464,male,group C,bachelor's degree,1,1,75,100,83,38,296,B,74.0,75.1,9.9
std-465,male,group B,some college,0,1,94,44,68,69,275,B,68.75,66.5,8.2
std-466,male,group D,associate's degree,1,0,14,95,50,41,200,C,50.0,56.0,3.9
std-467,male,group D,bachelor's degree,0,0,80,67,91,70,308,B,77.0,73.5,5.7
std-468,male,group D,associate's degree,1,1,16,77,89,79,261,B,65.25,75.6,10.7
std-469,male,group C,high school,0,0,32,82,53,74,241,C,60.25,75.4,6.1
std-470,male,group D,master's degree,0,0,84,55,69,80,288,B,72.0,99.4,9.1
std-471,male,group B,associate's degree,1,1,89,62,61,26,238,C,59.5,87.7,11.2
std-472,male,group B,associate's degree,0,0,44,59,77,65,245,C,61.25,69.7,6.7
std-473,male,group D,master's degree,0,0,57,96,52,61,266,B,66.5,83.2,4.8
std-474,male,group E,associate's degree,0,0,86,77,33,33,229,C,57.25,73.4,7.8
std-475,male,group C,associate's degree,0,1,38,89,64,50,241,C,60.25,75.5,9.1
std-476,male,group C,bachelor's degree,0,1,89,46,50,89,274,B,68.5,82.4,15.2
std-477,male,group D,associate's degree,1,1,46,52,76,73,247,C,61.75,84.1,8.9
std-478,male,group D,master's degree,0,0,30,89,52,18,189,D,47.25,70.7,6.0
std-479,male,group D,some college,0,0,30,75,78,59,242,C,60.5,87.7,6.2
std-480,male,group D,some high school,0,0,32,43,38,57,170,D,42.5,61.9,3.5
std-481,male,group B,some college,1,0,63,76,44,47,230,C,57.5,77.2,4.5
std-482,male,group B,high school,0,1,95,60,80,81,316,B,79.0,100.0,10.4
std-483,male,group D,some college,0,1,17,97,90,68,272,B,68.0,82.6,10.0
std-484,male,group C,bachelor's degree,0,0,46,75,37,71,229,C,57.25,89.9,8.0
std-485,male,group B,bachelor's degree,1,0,33,55,30,76,194,D,48.5,75.0,5.1
std-486,male,group B,some college,1,1,87,96,100,63,346,A,86.5,91.9,9.3
std-487,male,group D,some college,0,1,91,98,84,46,319,B,79.75,84.0,9.0
std-488,male,group D,some high school,0,0,40,53,75,86,254,B,63.5,77.6,2.4
std-489,male,group E,some college,1,0,49,59,79,34,221,C,55.25,69.4,9.1
std-490,male,group D,high school,1,0,23,51,69,59,202,C,50.5,78.7,3.2
std-491,male,group D,bachelor's degree,1,0,41,76,95,97,309,B,77.25,76.0,9.5
std-492,male,group D,high school,1,0,29,71,71,55,226,C,56.5,82.8,5.8
std-493,male,group B,associate's degree,1,1,32,25,69,39,165,D,41.25,81.5,6.9
std-494,male,group C,some high school,0,1,100,57,54,94,305,B,76.25,86.6,9.2
std-495,male,group C,some high school,0,0,46,45,85,56,232,C,58.0,74.7,3.3
std-496,male,group D,some college,0,0,18,70,44,83,215,C,53.75,80.0,2.4
std-497,male,group D,associate's degree,1,1,58,66,56,90,270,B,67.5,77.7,12.9
std-498,male,group C,high school,1,0,96,52,52,80,280,B,70.0,89.7,6.6
std-499,male,group A,some high school,0,1,34,86,66,91,277,B,69.25,64.5,11.6
std-500,male,group C,associate's degree,0,0,77,95,61,55,288,B,72.0,78.9,10.0
std-501,male,group C,some high school,0,0,32,54,75,35,196,D,49.0,56.4,3.3
std-502,male,group C,some high school,1,0,61,72,100,83,316,B,79.0,70.8,8.3
std-503,male,group C,some high school,1,1,85,100,62,96,343,A,85.75,98.7,10.5
std-504,male,group D,associate's degree,0,1,15,53,57,63,188,D,47.0,81.7,3.8
std-505,male,group A,some college,0,0,47,70,71,45,233,C,58.25,70.9,4.8
std-506,male,group C,bachelor's degree,0,0,76,86,84,80,326,A,81.5,71.5,8.9
std-507,male,group D,some high school,0,0,37,82,65,96,280,B,70.0,54.6,5.1
std-508,male,group B,high school,1,0,60,85,72,58,275,B,68.75,76.0,5.4
std-509,male,group C,high school,1,1,75,91,86,65,317,B,79.25,100.0,9.3
std-510,male,group C,some high school,1,0,50,44,23,80,197,D,49.25,78.3,9.7
std-511,male,group C,associate's degree,0,0,73,46,54,54,227,C,56.75,71.8,0.5
std-512,male,group B,high school,0,1,39,34,72,44,189,D,47.25,77.9,8.0
std-513,male,group C,some college,1,1,90,53,44,100,287,B,71.75,67.8,8.4
std-514,male,group C,associate's degree,0,0,20,58,71,93,242,C,60.5,75.4,3.9
std-515,male,group A,bachelor's degree,1,0,22,86,87,68,263,B,65.75,80.7,5.3
std-516,male,group C,associate's degree,1,1,44,94,75,100,313,B,78.25,83.2,11.3
std-517,male,group C,some college,0,0,61,63,98,53,275,B,68.75,88.0,8.1
std-518,male,group C,some college,0,0,79,46,42,48,215,C,53.75,79.0,5.3
std-519,male,group D,some college,1,1,48,95,79,84,306,B,76.5,89.4,12.2
std-520,male,group B,some high school,0,1,23,68,58,48,197,D,49.25,68.2,10.1
std-521,male,group D,some high school,1,0,40,83,62,62,247,C,61.75,86.6,7.6
std-522,male,group C,master's degree,0,0,63,69,54,80,266,B,66.5,94.8,4.7
std-523,male,group D,some college,1,0,39,83,77,75,274,B,68.5,72.0,7.5
std-524,male,group B,some college,1,1,72,80,82,81,315,B,78.75,76.2,10.9
std-525,male,group C,some college,1,0,83,53,87,60,283,B,70.75,93.5,4.4
std-526,male,group A,high school,1,0,38,47,67,51,203,C,50.75,73.2,0.6
std-527,male,group E,some high school,1,0,82,89,100,56,327,A,81.75,97.8,2.4
std-528,male,group B,bachelor's degree,1,0,73,23,80,69,245,C,61.25,74.4,5.7
std-530,male,group B,master's degree,0,0,71,77,54,57,259,B,64.75,92.6,6.6
std-531,male,group E,some college,1,0,45,54,67,46,212,C,53.0,76.8,1.8
std-532,male,group B,associate's degree,0,0,64,71,71,61,267,B,66.75,82.5,8.7
std-533,male,group D,bachelor's degree,1,0,20,64,42,43,169,D,42.25,86.2,4.1
std-534,male,group C,some college,1,0,99,77,43,61,280,B,70.0,78.0,9.7
std-535,male,group C,associate's degree,1,0,25,100,56,30,211,C,52.75,67.1,5.7
std-536,female,group C,associate's degree,0,1,14,90,98,85,287,B,71.75,77.8,6.4
std-537,male,group C,bachelor's degree,1,0,25,45,83,55,208,C,52.0,79.4,5.8
std-538,male,group C,some high school,1,1,47,48,78,89,262,B,65.5,65.7,10.1
std-539,male,group C,some high school,1,0,96,91,66,86,339,A,84.75,91.9,6.4
std-540,male,group C,bachelor's degree,0,0,31,57,73,82,243,C,60.75,73.4,1.9
std-541,male,group E,associate's degree,0,0,50,34,39,80,203,C,50.75,85.2,4.8
std-542,male,group D,high school,0,0,40,82,25,82,229,C,57.25,55.5,2.7
std-543,male,group C,master's degree,0,1,54,86,79,73,292,B,73.0,75.2,11.9
std-544,male,group C,master's degree,1,0,30,35,40,22,127,Fail,31.75,53.4,1.7
std-545,male,group E,some college,1,1,40,82,84,72,278,B,69.5,73.7,13.1
std-546,male,group B,bachelor's degree,0,0,39,86,63,72,260,B,65.0,81.8,0.6
std-547,male,group D,high school,1,1,49,60,79,83,271,B,67.75,78.9,9.0
std-548,male,group C,some college,1,1,89,51,84,45,269,B,67.25,78.1,12.2
std-549,male,group B,master's degree,1,0,27,69,80,27,203,C,50.75,73.5,2.3
std-550,male,group C,some high school,0,1,27,73,69,64,233,C,58.25,79.2,7.4
std-551,male,group D,associate's degree,0,0,42,93,55,100,290,B,72.5,73.0,5.6
std-552,male,group B,some college,0,0,36,73,72,100,281,B,70.25,87.7,4.7
std-553,male,group C,high school,1,0,53,53,23,51,180,D,45.0,79.0,4.6
std-554,male,group B,some high school,0,1,100,45,66,82,293,B,73.25,85.8,5.9
std-555,male,group C,some college,0,0,43,72,100,38,253,B,63.25,84.0,5.4
std-556,male,group A,high school,1,0,72,40,83,92,287,B,71.75,84.5,7.8
std-557,male,group E,bachelor's degree,1,0,43,100,82,72,297,B,74.25,100.0,6.2
std-558,male,group D,some high school,0,0,68,83,92,66,309,B,77.25,82.9,4.5
std-559,male,group E,master's degree,0,0,52,27,80,49,208,C,52.0,72.5,7.2
std-560,male,group D,bachelor's degree,0,1,100,91,72,55,318,B,79.5,77.6,11.6
std-561,male,group C,master's degree,1,0,62,53,68,55,238,C,59.5,68.5,2.8
std-562,male,group C,some college,1,0,34,51,47,42,174,D,43.5,61.3,0.6
std-563,male,group E,associate's degree,1,0,62,83,56,31,232,C,58.0,69.3,2.8
std-564,male,group D,some college,1,1,31,51,68,54,204,C,51.0,74.3,8.4
std-565,male,group C,some college,1,0,55,72,96,75,298,B,74.5,85.8,7.5
std-566,male,group D,some college,0,0,83,94,100,86,363,A,90.75,88.6,10.3
std-567,male,group A,some high school,0,0,25,56,81,71,233,C,58.25,70.5,4.4
std-568,male,group B,master's degree,1,0,22,100,41,48,211,C,52.75,83.7,2.4
std-569,male,group B,bachelor's degree,1,1,49,67,60,9,185,D,46.25,80.1,8.9
std-570,male,group D,some college,1,0,97,55,71,87,310,B,77.5,82.3,5.7
std-571,male,group D,high school,1,0,70,63,100,48,281,B,70.25,75.5,6.8
std-572,male,group C,bachelor's degree,1,0,25,22,66,70,183,D,45.75,78.2,0.2
std-573,male,group D,master's degree,0,0,78,42,91,100,311,B,77.75,85.5,5.7
std-574,male,group B,some high school,1,1,58,95,100,88,341,A,85.25,73.3,12.8
std-575,male,group D,some college,0,1,0,48,86,82,216,C,54.0,75.4,5.6
std-576,male,group B,some college,1,1,51,58,76,81,266,B,66.5,82.5,10.6
std-577,male,group E,some high school,1,1,45,100,87,59,291,B,72.75,74.1,3.3
std-578,male,group C,associate's degree,0,1,23,97,49,44,213,C,53.25,77.4,5.9
std-579,male,group B,high school,0,0,100,31,74,74,279,B,69.75,68.1,5.9
std-580,male,group C,high school,1,0,40,61,65,67,233,C,58.25,89.4,9.6
std-581,male,group E,bachelor's degree,1,0,30,62,89,42,223,C,55.75,87.8,2.1
std-582,male,group B,some college,1,1,30,73,61,51,215,C,53.75,73.6,9.0
std-583,male,group C,high school,1,0,53,68,52,69,242,C,60.5,81.4,8.1
std-584,male,group B,bachelor's degree,0,1,66,86,88,45,285,B,71.25,60.0,7.2
std-585,male,group C,master's degree,1,1,56,57,56,46,215,C,53.75,65.5,6.4
std-586,male,group E,some high school,1,0,33,78,85,96,292,B,73.0,79.6,7.0
std-587,male,group D,associate's degree,0,0,11,79,54,52,196,D,49.0,64.7,0.7
std-588,male,group B,associate's degree,1,0,70,92,77,48,287,B,71.75,88.3,5.4
std-589,male,group B,some college,0,1,18,42,70,39,169,D,42.25,90.1,9.4
std-590,male,group C,high school,1,0,67,100,85,99,351,A,87.75,76.5,9.3
std-591,male,group C,high school,1,1,18,70,44,65,197,D,49.25,66.9,6.5
std-592,male,group C,high school,0,1,72,97,92,52,313,B,78.25,86.1,9.9
std-593,male,group C,bachelor's degree,1,0,68,48,69,86,271,B,67.75,95.0,7.6
std-594,male,group B,bachelor's degree,1,0,72,58,100,88,318,B,79.5,73.4,9.2
std-595,male,group C,master's degree,1,0,93,89,77,36,295,B,73.75,84.7,5.3
std-596,male,group B,some college,1,1,47,72,100,58,277,B,69.25,97.4,12.6
std-597,male,group B,high school,1,1,39,35,44,96,214,C,53.5,60.9,10.6
std-598,male,group D,some high school,1,1,33,93,80,74,280,B,70.0,69.7,10.6
std-599,male,group B,some college,1,0,50,97,78,79,304,B,76.0,79.4,4.8
std-600,male,group D,associate's degree,1,0,32,82,61,69,244,C,61.0,73.6,3.0
std-601,male,group C,associate's degree,0,0,70,87,85,42,284,B,71.0,88.9,5.6
std-602,male,group E,associate's degree,0,0,33,87,54,14,188,D,47.0,75.8,4.3
std-603,male,group D,associate's degree,0,1,29,77,81,76,263,B,65.75,63.9,4.0
std-604,male,group B,some high school,0,0,61,81,33,80,255,B,63.75,83.8,7.0
std-605,male,group B,master's degree,1,1,50,17,34,60,161,D,40.25,66.2,9.3
std-606,male,group B,high school,1,0,36,79,66,59,240,C,60.0,89.4,6.9
std-607,male,group E,bachelor's degree,0,0,70,37,76,42,225,C,56.25,71.1,3.4
std-608,male,group E,high school,0,0,46,84,73,80,283,B,70.75,75.8,4.4
std-609,male,group B,bachelor's degree,1,1,48,80,47,58,233,C,58.25,82.2,8.5
std-610,male,group A,associate's degree,0,0,74,87,35,77,273,B,68.25,87.5,5.8
std-611,male,group D,high school,0,0,90,70,96,37,293,B,73.25,86.4,7.8
std-612,male,group E,bachelor's degree,1,0,24,65,93,35,217,C,54.25,60.9,6.4
std-613,male,group A,some college,1,1,12,34,76,66,188,D,47.0,78.5,9.4
std-614,male,group C,associate's degree,1,0,85,76,74,58,293,B,73.25,73.0,3.8
std-615,male,group E,high school,1,0,50,41,76,77,244,C,61.0,80.4,6.1
std-616,male,group D,bachelor's degree,1,0,24,58,100,39,221,C,55.25,63.6,4.1
std-617,male,group D,master's degree,0,0,29,91,51,65,236,C,59.0,81.6,5.1
std-618,male,group C,some college,1,1,26,55,55,54,190,D,47.5,66.6,8.9
std-619,male,group C,bachelor's degree,1,1,98,60,90,100,348,A,87.0,75.3,12.9
std-620,male,group C,some high school,1,1,48,65,63,57,233,C,58.25,83.8,11.2
std-621,male,group C,high school,0,0,86,87,95,90,358,A,89.5,89.9,9.3
std-622,male,group B,some college,0,0,81,100,100,65,346,A,86.5,81.2,7.6
std-623,male,group D,high school,0,1,29,79,45,35,188,D,47.0,86.7,6.1
std-624,male,group A,some high school,0,0,35,66,95,67,263,B,65.75,75.9,1.6
std-625,male,group D,some college,1,0,59,51,43,72,225,C,56.25,77.0,8.4
std-626,male,group C,some high school,1,0,90,85,94,38,307,B,76.75,85.9,6.2
std-627,male,group C,bachelor's degree,1,0,96,36,78,76,286,B,71.5,76.2,7.8
std-628,male,group D,high school,0,1,27,80,100,10,217,C,54.25,80.3,9.1
std-629,male,group B,bachelor's degree,1,0,19,44,61,56,180,D,45.0,68.2,0.9
std-630,male,group B,associate's degree,1,1,76,66,89,96,327,A,81.75,81.4,7.7
std-631,male,group C,some high school,0,0,78,38,28,44,188,D,47.0,85.9,8.1
std-632,male,group E,master's degree,1,0,48,77,81,15,221,C,55.25,67.0,5.7
std-633,male,group C,some high school,1,1,40,86,54,28,208,C,52.0,53.6,5.7
std-634,male,group D,some high school,1,0,63,79,85,55,282,B,70.5,95.9,6.1
std-635,male,group D,some high school,0,0,41,76,81,72,270,B,67.5,100.0,8.8
std-636,male,group E,bachelor's degree,1,1,24,49,59,36,168,D,42.0,68.3,8.5
std-637,male,group D,associate's degree,0,0,42,70,94,82,288,B,72.0,64.5,2.9
std-638,male,group D,some high school,1,1,100,40,38,59,237,C,59.25,74.9,11.9
std-639,male,group E,high school,0,1,78,35,81,50,244,C,61.0,75.7,10.4
std-640,male,group C,high school,1,1,100,61,38,29,228,C,57.0,75.2,7.2
std-641,male,group B,high school,1,1,52,49,44,65,210,C,52.5,65.4,4.2
std-642,male,group B,some college,1,1,69,49,61,36,215,C,53.75,81.1,10.0
std-643,male,group C,high school,1,0,43,72,71,43,229,C,57.25,81.8,6.3
std-644,male,group E,some high school,0,0,79,75,69,77,300,B,75.0,69.5,3.2
std-645,male,group E,associate's degree,0,1,66,94,73,100,333,A,83.25,91.9,9.5
std-646,male,group C,some college,1,0,68,100,89,96,353,A,88.25,100.0,15.9
std-647,male,group C,some college,0,1,50,82,87,100,319,B,79.75,86.0,9.8
std-648,male,group D,high school,1,0,49,88,79,75,291,B,72.75,79.1,4.8
std-649,male,group D,associate's degree,0,0,34,66,100,80,280,B,70.0,80.0,3.8
std-650,male,group D,high school,1,0,19,98,54,75,246,C,61.5,84.0,10.0
std-651,male,group B,high school,0,0,28,60,90,82,260,B,65.0,64.0,8.0
std-652,male,group C,bachelor's degree,1,0,83,34,64,100,281,B,70.25,82.8,9.9
std-653,male,group D,some college,1,0,38,72,68,50,228,C,57.0,73.4,5.8
std-654,male,group B,some high school,1,1,96,88,72,95,351,A,87.75,100.0,13.7
std-655,male,group C,some college,1,0,21,100,79,100,300,B,75.0,81.3,4.7
std-656,male,group C,some high school,1,1,69,100,71,86,326,A,81.5,100.0,10.4
std-657,male,group D,associate's degree,0,0,68,98,89,76,331,A,82.75,75.5,8.3
std-658,male,group D,high school,1,0,20,74,87,60,241,C,60.25,83.3,8.9
std-659,male,group D,high school,1,1,54,48,82,66,250,B,62.5,81.7,8.9
std-660,male,group D,master's degree,0,0,16,72,54,64,206,C,51.5,67.3,3.0
std-661,male,group A,bachelor's degree,1,0,47,91,63,69,270,B,67.5,82.0,6.3
std-662,male,group C,some college,1,0,35,100,62,83,280,B,70.0,92.2,2.2
std-663,male,group C,some high school,0,0,49,67,95,37,248,C,62.0,75.7,0.0
std-664,male,group A,some college,0,0,35,69,48,75,227,C,56.75,61.6,7.2
std-665,male,group D,high school,0,1,91,46,50,86,273,B,68.25,80.5,7.8
std-666,male,group D,bachelor's degree,0,0,31,76,89,55,251,B,62.75,70.7,5.0
std-667,male,group C,high school,1,0,25,53,53,59,190,D,47.5,70.7,6.3
std-668,male,group D,high school,1,0,43,75,59,45,222,C,55.5,75.7,8.5
std-669,male,group E,some high school,1,0,86,100,54,55,295,B,73.75,67.1,8.1
std-670,male,group E,bachelor's degree,1,0,40,91,100,43,274,B,68.5,66.2,11.0
std-671,male,group E,high school,1,0,39,85,68,66,258,B,64.5,83.8,7.1
std-672,male,group D,high school,0,0,43,49,63,41,196,D,49.0,69.6,5.1
std-673,male,group D,associate's degree,0,1,21,52,52,49,174,D,43.5,49.4,7.0
std-674,male,group C,bachelor's degree,1,1,67,78,85,69,299,B,74.75,89.9,6.1
std-675,male,group D,high school,1,0,14,89,48,44,195,D,48.75,76.7,6.7
std-676,male,group D,some college,0,1,29,65,66,66,226,C,56.5,70.4,1.5
std-677,male,group C,bachelor's degree,0,0,94,73,82,51,300,B,75.0,71.1,5.4
std-678,male,group E,some college,1,0,33,58,84,62,237,C,59.25,85.2,5.4
std-679,male,group B,master's degree,0,0,35,76,53,64,228,C,57.0,80.1,3.2
std-680,male,group C,bachelor's degree,0,0,49,75,48,56,228,C,57.0,98.4,4.0
std-681,male,group D,some high school,0,1,56,75,70,80,281,B,70.25,85.1,13.5
std-682,male,group E,high school,0,0,42,84,64,88,278,B,69.5,84.6,9.1
std-683,male,group C,master's degree,1,1,57,48,57,49,211,C,52.75,74.0,5.5
std-684,male,group D,some college,1,0,98,17,70,15,200,C,50.0,82.0,3.3
std-685,male,group C,some college,0,1,73,99,66,49,287,B,71.75,87.5,5.8
std-686,male,group C,associate's degree,1,0,47,70,71,92,280,B,70.0,92.5,8.1
std-687,male,group E,associate's degree,1,0,64,80,35,95,274,B,68.5,76.1,5.6
std-688,male,group E,some college,0,0,16,42,58,53,169,D,42.25,68.2,0.0
std-689,male,group B,associate's degree,1,0,98,63,78,61,300,B,75.0,78.6,7.1
std-690,male,group A,some high school,1,0,62,56,39,46,203,C,50.75,82.0,5.6
std-691,male,group B,some college,0,0,32,73,74,55,234,C,58.5,90.9,7.7
std-692,male,group B,some college,0,0,48,76,67,21,212,C,53.0,71.5,4.6
std-693,male,group D,some high school,1,1,57,47,30,57,191,D,47.75,70.1,5.8
std-694,male,group A,bachelor's degree,1,0,33,62,57,48,200,C,50.0,77.5,9.4
std-695,male,group C,some college,1,1,59,94,86,76,315,B,78.75,81.9,9.7
std-696,male,group C,some college,1,0,52,100,49,68,269,B,67.25,88.9,7.9
std-697,male,group C,some college,1,0,44,79,77,18,218,C,54.5,55.9,3.5
std-698,male,group A,associate's degree,1,1,49,88,73,68,278,B,69.5,73.7,10.5
std-699,male,group C,associate's degree,0,1,20,53,83,35,191,D,47.75,66.9,3.1
std-700,male,group A,associate's degree,1,0,21,62,56,38,177,D,44.25,51.9,2.8
std-701,male,group E,some college,0,0,51,99,76,99,325,A,81.25,76.3,4.4
std-702,male,group D,master's degree,0,0,51,65,48,63,227,C,56.75,68.6,3.6
std-703,male,group D,bachelor's degree,1,0,28,51,56,69,204,C,51.0,73.2,7.7
std-704,male,group D,master's degree,1,0,62,100,88,77,327,A,81.75,95.2,5.9
std-705,male,group D,some high school,1,0,63,75,74,90,302,B,75.5,80.9,8.7
std-706,male,group D,some college,1,0,30,54,52,37,173,D,43.25,63.1,7.6
std-707,male,group D,some college,1,0,89,56,60,53,258,B,64.5,78.9,5.8
std-708,male,group A,bachelor's degree,0,0,56,62,58,71,247,C,61.75,88.0,8.1
std-709,male,group D,some high school,0,0,30,54,40,100,224,C,56.0,67.8,6.4
std-710,male,group C,bachelor's degree,1,0,69,68,70,56,263,B,65.75,71.7,6.2
std-711,male,group D,associate's degree,1,0,20,100,62,52,234,C,58.5,82.5,7.1
std-712,male,group D,bachelor's degree,1,0,59,87,43,99,288,B,72.0,79.9,11.1
std-713,male,group D,high school,1,1,58,100,49,100,307,B,76.75,89.3,7.9
std-714,male,group C,master's degree,0,1,66,72,59,51,248,C,62.0,78.5,5.7
std-715,male,group C,some high school,0,0,73,60,58,53,244,C,61.0,84.6,3.0
std-716,male,group C,high school,0,1,79,44,36,53,212,C,53.0,66.3,9.7
std-717,male,group C,high school,1,0,62,57,68,81,268,B,67.0,80.2,8.9
std-718,male,group D,associate's degree,1,0,89,93,72,68,322,A,80.5,82.8,6.0
std-719,male,group D,associate's degree,0,0,76,87,84,78,325,A,81.25,74.0,2.1
std-720,male,group A,associate's degree,1,0,30,100,64,48,242,C,60.5,64.0,3.8
std-721,male,group C,associate's degree,1,0,22,98,92,67,279,B,69.75,87.3,7.7
std-722,male,group D,some college,1,0,100,88,80,58,326,A,81.5,81.9,7.3
std-723,male,group B,high school,1,0,69,94,90,100,353,A,88.25,78.1,8.5
std-724,male,group C,associate's degree,1,0,91,74,88,31,284,B,71.0,80.7,5.1
std-725,male,group B,bachelor's degree,1,1,61,45,51,49,206,C,51.5,85.3,9.6
std-726,male,group D,associate's degree,1,0,63,70,58,75,266,B,66.5,59.6,6.9
std-727,male,group C,some college,1,0,52,33,36,53,174,D,43.5,59.0,5.3
std-728,male,group D,some college,1,0,81,76,55,76,288,B,72.0,73.6,6.9
std-729,male,group E,high school,1,1,26,84,23,83,216,C,54.0,89.1,8.7
std-730,male,group A,associate's degree,1,0,78,17,10,83,188,D,47.0,76.2,5.3
std-731,male,group E,associate's degree,1,1,51,77,95,87,310,B,77.5,90.6,7.2
std-732,male,group D,some high school,0,0,23,52,48,50,173,D,43.25,62.1,4.8
std-733,male,group C,some college,0,0,46,44,80,64,234,C,58.5,67.4,7.3
std-734,male,group B,high school,0,0,35,34,78,36,183,D,45.75,77.3,7.0
std-735,male,group D,associate's degree,0,0,28,61,64,68,221,C,55.25,76.9,6.0
std-736,male,group D,associate's degree,1,1,80,86,80,40,286,B,71.5,86.7,6.6
std-737,male,group A,high school,1,1,33,100,59,86,278,B,69.5,79.4,6.8
std-738,male,group E,bachelor's degree,1,0,42,43,74,78,237,C,59.25,80.2,4.3
std-739,male,group E,some college,0,0,24,73,45,92,234,C,58.5,78.9,5.7
std-740,male,group A,some college,1,0,97,68,67,100,332,A,83.0,92.6,7.3
std-741,male,group A,associate's degree,1,0,33,69,34,85,221,C,55.25,83.6,2.2
std-742,male,group B,some high school,0,0,80,73,76,85,314,B,78.5,69.5,4.3
std-743,male,group B,some college,0,1,22,81,66,60,229,C,57.25,56.8,2.4
std-744,male,group D,associate's degree,1,0,37,71,74,45,227,C,56.75,85.9,0.0
std-745,male,group C,master's degree,0,1,75,99,68,97,339,A,84.75,96.8,9.9
std-746,male,group D,high school,0,0,57,59,88,55,259,B,64.75,70.3,11.7
std-747,male,group D,some college,1,1,72,66,72,9,219,C,54.75,59.5,11.9
std-748,male,group C,high school,1,1,73,61,100,60,294,B,73.5,83.3,6.7
std-749,male,group C,bachelor's degree,0,0,100,90,71,56,317,B,79.25,92.7,7.6
std-750,male,group C,high school,0,0,100,91,97,71,359,A,89.75,100.0,4.6
std-751,male,group B,bachelor's degree,0,0,17,67,68,59,211,C,52.75,80.2,1.4
std-752,male,group C,some high school,1,1,65,86,70,100,321,A,80.25,81.3,6.8
std-753,male,group B,associate's degree,1,0,91,76,94,83,344,A,86.0,78.5,7.3
std-754,male,group A,high school,0,0,23,69,35,64,191,D,47.75,74.0,3.8
std-755,male,group C,bachelor's degree,1,0,38,87,30,71,226,C,56.5,74.1,5.7
std-756,male,group E,associate's degree,0,0,45,69,52,26,192,D,48.0,64.8,5.9
std-757,male,group C,some college,1,1,38,100,71,60,269,B,67.25,98.8,7.8
std-758,male,group E,bachelor's degree,1,0,84,96,73,59,312,B,78.0,100.0,7.2
std-759,male,group E,some high school,1,1,30,71,50,74,225,C,56.25,86.9,4.8
std-760,male,group D,bachelor's degree,1,1,27,58,51,69,205,C,51.25,66.8,3.7
std-761,male,group D,some high school,0,0,67,93,58,81,299,B,74.75,90.5,3.1
std-762,male,group C,some high school,0,1,56,61,79,91,287,B,71.75,87.6,10.6
std-763,male,group C,bachelor's degree,0,1,62,94,98,60,314,B,78.5,88.1,8.8
std-764,male,group C,some high school,1,0,8,52,81,54,195,D,48.75,85.5,0.0
std-765,male,group E,some high school,0,1,33,97,25,58,213,C,53.25,81.4,7.1
std-766,male,group B,bachelor's degree,1,1,77,81,70,89,317,B,79.25,91.0,6.6
std-767,male,group B,bachelor's degree,1,0,69,93,73,88,323,A,80.75,90.5,11.5
std-769,male,group C,some high school,0,0,49,100,57,49,255,B,63.75,82.3,4.3
std-770,male,group B,some college,1,0,85,65,82,53,285,B,71.25,65.6,8.2
std-771,male,group C,bachelor's degree,1,0,48,96,71,54,269,B,67.25,81.1,8.8
std-772,male,group A,some college,1,1,49,49,88,87,273,B,68.25,75.7,6.3
std-773,male,group C,some college,1,1,52,17,53,100,222,C,55.5,64.9,7.7
std-774,female,group B,high school,0,0,33,71,69,54,227,C,56.75,92.0,6.5
std-775,male,group D,high school,1,0,57,94,76,45,272,B,68.0,96.2,6.5
std-776,male,group E,some high school,0,1,13,44,96,66,219,C,54.75,88.4,8.3
std-777,male,group E,high school,0,1,68,83,87,61,299,B,74.75,85.1,6.0
std-778,male,group D,some college,1,1,37,57,71,29,194,D,48.5,86.3,8.2
std-779,male,group D,some college,1,1,31,100,87,82,300,B,75.0,83.0,8.1
std-780,male,group C,associate's degree,0,1,81,91,76,81,329,A,82.25,87.1,10.9
std-781,male,group C,high school,1,0,57,97,59,84,297,B,74.25,72.8,9.1
std-782,male,group D,some high school,1,1,71,92,80,88,331,A,82.75,89.1,11.7
std-783,male,group D,bachelor's degree,1,1,17,72,84,72,245,C,61.25,78.9,8.9
std-784,male,group E,some college,0,0,44,77,59,77,257,B,64.25,67.6,7.4
std-785,male,group B,bachelor's degree,1,0,30,17,33,9,89,Fail,22.25,65.0,3.6
std-786,male,group C,bachelor's degree,1,0,19,78,74,65,236,C,59.0,76.9,9.1
std-787,male,group A,some college,0,0,43,100,54,51,248,C,62.0,94.8,5.5
std-788,male,group B,high school,1,0,84,17,67,51,219,C,54.75,84.3,5.3
std-789,male,group D,associate's degree,1,0,92,54,74,85,305,B,76.25,83.4,9.3
std-790,male,group D,high school,1,1,69,73,99,31,272,B,68.0,82.8,7.4
std-791,male,group B,master's degree,1,0,14,66,72,61,213,C,53.25,76.1,1.4
std-792,male,group B,some high school,1,0,42,79,68,32,221,C,55.25,74.6,6.2
std-793,male,group D,bachelor's degree,0,0,64,81,82,92,319,B,79.75,74.7,6.8
std-794,male,group D,high school,1,1,22,86,55,44,207,C,51.75,73.9,4.1
std-795,male,group E,bachelor's degree,1,1,49,63,75,82,269,B,67.25,73.6,9.9
std-796,male,group D,some high school,1,1,30,54,52,11,147,Fail,36.75,59.0,9.3
std-797,male,group C,some college,0,1,51,80,44,56,231,C,57.75,81.8,3.6
std-798,male,group C,high school,1,1,41,67,85,70,263,B,65.75,83.4,11.0
std-799,male,group B,some college,1,1,95,73,68,58,294,B,73.5,66.3,2.8
std-800,male,group A,some college,0,0,44,100,68,69,281,B,70.25,80.2,5.4
std-801,male,group E,high school,1,0,40,100,82,85,307,B,76.75,92.5,11.6
std-802,male,group E,some high school,1,1,33,86,52,74,245,C,61.25,87.9,7.2
std-803,male,group E,some college,1,1,35,64,62,56,217,C,54.25,85.3,7.6
std-804,male,group E,some college,0,0,21,87,74,51,233,C,58.25,77.7,7.2
std-805,male,group B,some college,1,0,19,62,55,58,194,D,48.5,66.5,0.0
std-806,male,group E,high school,1,1,25,96,100,81,302,B,75.5,73.3,9.6
std-807,male,group D,high school,0,1,61,48,63,68,240,C,60.0,81.1,8.1
std-808,male,group B,associate's degree,0,0,28,93,48,95,264,B,66.0,83.3,10.6
std-809,male,group B,high school,0,0,19,70,42,91,222,C,55.5,88.0,1.9
std-810,male,group C,high school,1,0,34,79,96,51,260,B,65.0,89.5,4.9
std-811,male,group E,some high school,0,1,81,90,81,65,317,B,79.25,83.1,7.4
std-812,male,group B,some college,1,0,81,57,51,46,235,C,58.75,66.3,2.7
std-813,male,group E,high school,0,0,62,94,48,72,276,B,69.0,78.1,9.1
std-814,male,group E,bachelor's degree,0,1,45,55,58,62,220,C,55.0,78.3,7.5
std-815,male,group E,some college,1,0,45,20,34,71,170,D,42.5,70.3,2.4
std-816,male,group B,bachelor's degree,1,0,75,81,46,67,269,B,67.25,75.1,4.8
std-817,male,group B,master's degree,0,0,69,54,52,50,225,C,56.25,79.0,3.7
std-818,male,group C,associate's degree,0,0,43,54,71,75,243,C,60.75,73.7,4.3
std-819,male,group C,some college,1,1,25,63,50,52,190,D,47.5,68.2,3.6
std-820,male,group D,some college,0,1,64,70,57,76,267,B,66.75,83.0,7.9
std-821,male,group D,some college,1,0,36,85,84,100,305,B,76.25,79.7,6.1
std-822,male,group C,bachelor's degree,1,0,18,77,76,89,260,B,65.0,81.8,4.0
std-823,male,group E,some college,0,1,46,84,73,48,251,B,62.75,81.3,8.6
std-824,male,group A,high school,0,0,19,100,83,70,272,B,68.0,70.3,6.8
std-825,male,group B,some high school,0,0,51,74,49,54,228,C,57.0,72.6,3.7
std-826,male,group D,associate's degree,1,0,49,44,37,77,207,C,51.75,88.2,4.3
std-827,male,group B,master's degree,1,0,31,89,49,98,267,B,66.75,69.7,11.4
std-828,male,group B,some college,1,0,60,86,71,57,274,B,68.5,61.7,11.5
std-829,male,group D,master's degree,0,1,41,53,30,9,133,Fail,33.25,52.3,2.8
std-830,male,group E,bachelor's degree,0,1,61,90,70,62,283,B,70.75,81.8,6.6
std-831,male,group A,some college,0,0,29,72,87,78,266,B,66.5,80.4,3.4
std-832,male,group B,some college,1,0,34,58,47,32,171,D,42.75,71.2,6.4
std-833,male,group C,high school,0,1,30,69,95,30,224,C,56.0,87.6,6.5
std-834,male,group A,some college,0,1,13,47,15,88,163,D,40.75,47.5,6.7
std-835,male,group E,high school,0,1,100,55,57,48,260,B,65.0,83.2,13.4
std-836,male,group C,some high school,0,1,48,97,70,59,274,B,68.5,94.8,8.7
std-837,male,group D,some college,1,0,64,59,43,87,253,B,63.25,68.9,7.5
std-838,male,group D,bachelor's degree,0,0,94,77,72,76,319,B,79.75,81.1,8.6
std-839,male,group D,associate's degree,1,1,19,87,81,26,213,C,53.25,68.9,5.8
std-840,male,group D,associate's degree,1,1,22,33,65,100,220,C,55.0,68.2,10.1
std-841,male,group C,some college,1,1,77,74,90,34,275,B,68.75,77.9,6.6
std-842,male,group E,high school,1,0,28,66,60,9,163,D,40.75,84.4,6.9
std-843,male,group D,associate's degree,0,0,64,75,67,47,253,B,63.25,95.6,4.3
std-844,male,group C,some college,1,0,55,85,60,85,285,B,71.25,78.7,5.3
std-845,male,group C,high school,0,0,79,92,87,41,299,B,74.75,100.0,4.1
std-846,male,group B,some high school,1,0,72,100,47,81,300,B,75.0,83.2,4.5
std-847,male,group C,high school,0,0,67,74,67,66,274,B,68.5,96.5,5.2
std-848,male,group D,associate's degree,0,0,51,94,68,100,313,B,78.25,83.2,1.1
std-849,male,group E,master's degree,1,0,34,63,65,96,258,B,64.5,80.6,5.3
std-850,male,group B,bachelor's degree,1,1,74,74,94,56,298,B,74.5,86.0,8.0
std-851,male,group B,some college,0,0,82,67,76,48,273,B,68.25,100.0,8.2
std-852,male,group B,some college,1,1,95,64,38,73,270,B,67.5,88.1,9.7
std-853,male,group E,bachelor's degree,1,0,32,68,56,67,223,C,55.75,70.2,3.2
std-854,male,group C,bachelor's degree,0,1,83,65,83,91,322,A,80.5,93.5,8.7
std-855,male,group B,master's degree,0,1,54,71,60,31,216,C,54.0,72.7,6.8
std-856,male,group C,bachelor's degree,0,1,44,55,44,47,190,D,47.5,69.4,10.4
std-857,male,group E,some college,1,1,34,59,38,52,183,D,45.75,81.4,4.5
std-858,male,group C,some college,1,0,17,49,62,43,171,D,42.75,72.5,2.0
std-859,male,group C,some college,1,1,59,47,39,62,207,C,51.75,77.7,4.3
std-860,male,group A,bachelor's degree,0,0,66,88,66,64,284,B,71.0,81.7,2.7
std-861,male,group C,high school,0,1,37,58,93,61,249,C,62.25,81.7,8.9
std-862,male,group D,some college,0,1,34,94,89,41,258,B,64.5,83.3,8.8
std-863,male,group C,high school,0,1,34,93,71,36,234,C,58.5,60.0,11.0
std-864,male,group C,high school,1,0,83,70,53,81,287,B,71.75,87.8,9.1
std-865,male,group B,associate's degree,1,0,34,63,52,96,245,C,61.25,69.5,11.5
std-866,male,group D,some high school,0,0,72,77,52,55,256,B,64.0,66.3,5.6
std-867,male,group B,high school,1,1,20,60,63,42,185,D,46.25,72.9,6.0
std-868,male,group B,high school,1,0,69,100,16,100,285,B,71.25,82.4,3.2
std-869,male,group C,associate's degree,1,1,24,91,100,82,297,B,74.25,76.4,11.0
std-870,male,group C,some high school,1,0,44,87,55,29,215,C,53.75,83.4,5.1
std-871,male,group A,some college,1,0,53,30,62,9,154,D,38.5,58.8,5.0
std-872,male,group C,bachelor's degree,1,1,97,46,100,82,325,A,81.25,81.3,7.1
std-873,male,group C,some college,0,1,26,86,61,38,211,C,52.75,70.3,8.1
std-874,male,group E,associate's degree,1,0,44,66,60,68,238,C,59.5,77.4,5.9
std-875,male,group C,some college,0,0,21,100,86,66,273,B,68.25,83.2,6.5
std-876,male,group E,associate's degree,1,1,61,96,25,85,267,B,66.75,71.1,6.8
std-877,male,group E,some college,1,1,100,50,64,87,301,B,75.25,89.5,12.3
std-878,male,group D,some high school,0,1,51,83,48,77,259,B,64.75,80.1,13.5
std-879,male,group E,master's degree,1,0,71,78,67,61,277,B,69.25,64.0,3.5
std-880,male,group D,associate's degree,1,0,50,46,52,40,188,D,47.0,56.0,6.0
std-881,male,group C,high school,1,0,72,86,48,63,269,B,67.25,80.2,0.0
std-882,male,group B,associate's degree,0,0,51,87,66,51,255,B,63.75,77.2,7.4
std-883,male,group E,high school,1,0,27,73,73,45,218,C,54.5,75.2,0.2
std-884,male,group B,bachelor's degree,1,0,66,94,74,67,301,B,75.25,82.7,5.5
std-885,male,group C,associate's degree,1,0,24,78,74,67,243,C,60.75,80.2,2.2
std-886,male,group B,associate's degree,1,0,57,64,82,57,260,B,65.0,88.1,5.3
std-887,male,group C,bachelor's degree,1,0,12,39,33,64,148,Fail,37.0,60.3,5.3
std-888,male,group E,some college,0,1,53,56,69,43,221,C,55.25,65.8,2.8
std-889,male,group C,associate's degree,1,0,62,62,72,78,274,B,68.5,70.9,5.3
std-890,male,group C,associate's degree,0,1,39,53,94,79,265,B,66.25,82.6,7.2
std-891,male,group C,some college,1,0,22,76,65,78,241,C,60.25,89.2,9.4
std-892,male,group A,high school,1,1,93,71,88,84,336,A,84.0,82.0,11.3
std-893,male,group A,bachelor's degree,0,1,36,100,49,100,285,B,71.25,59.2,6.0
std-894,male,group B,master's degree,1,1,15,47,31,87,180,D,45.0,57.7,5.3
std-895,male,group B,some high school,0,0,74,40,52,69,235,C,58.75,70.0,9.2
std-896,male,group D,high school,1,0,50,85,82,88,305,B,76.25,78.3,8.7
std-897,male,group C,high school,0,1,26,75,56,67,224,C,56.0,73.0,5.2
std-898,male,group E,high school,1,1,17,82,57,55,211,C,52.75,75.9,6.6
std-899,male,group C,high school,1,0,46,100,88,95,329,A,82.25,82.5,6.9
std-900,male,group E,high school,0,0,87,92,34,80,293,B,73.25,91.8,5.3
std-901,male,group C,bachelor's degree,1,0,47,89,72,90,298,B,74.5,76.7,2.5
std-902,male,group D,some college,1,0,46,100,64,51,261,B,65.25,71.9,4.2
std-903,male,group E,associate's degree,0,1,22,41,32,79,174,D,43.5,76.8,9.8
std-904,male,group D,some high school,1,0,33,61,51,22,167,D,41.75,58.1,2.7
std-905,male,group E,high school,1,0,46,47,61,85,239,C,59.75,81.4,5.1
std-906,male,group E,bachelor's degree,1,1,58,58,38,59,213,C,53.25,76.6,7.6
std-907,male,group D,bachelor's degree,0,0,36,91,90,64,281,B,70.25,80.0,11.9
std-908,male,group A,some college,0,0,11,61,39,58,169,D,42.25,86.4,3.8
std-909,male,group E,bachelor's degree,1,1,44,98,48,83,273,B,68.25,75.1,11.4
std-910,male,group B,associate's degree,0,1,47,70,41,35,193,D,48.25,92.6,5.3
std-911,male,group C,master's degree,0,1,51,86,59,83,279,B,69.75,79.1,8.2
std-912,male,group C,high school,1,1,100,60,53,55,268,B,67.0,68.8,8.6
std-913,male,group C,associate's degree,0,0,21,48,33,28,130,Fail,32.5,69.5,0.9
std-914,male,group E,associate's degree,1,0,69,94,72,80,315,B,78.75,74.5,6.7
std-915,male,group B,some college,1,1,43,90,97,54,284,B,71.0,74.8,11.2
std-916,male,group B,associate's degree,1,0,63,96,79,84,322,A,80.5,88.3,5.4
std-917,male,group C,high school,1,1,85,97,59,26,267,B,66.75,85.2,8.6
std-918,male,group E,bachelor's degree,1,0,35,85,80,84,284,B,71.0,76.0,8.2
std-919,male,group D,master's degree,1,0,47,89,98,52,286,B,71.5,90.6,4.4
std-920,male,group C,high school,1,0,14,88,41,56,199,D,49.75,85.0,7.2
std-921,male,group E,associate's degree,0,1,92,56,33,59,240,C,60.0,90.9,8.1
std-922,male,group C,associate's degree,0,0,80,17,83,92,272,B,68.0,85.4,5.8
std-923,male,group E,bachelor's degree,0,1,59,67,45,97,268,B,67.0,92.5,3.6
std-924,male,group D,bachelor's degree,0,0,68,85,55,49,257,B,64.25,62.4,4.9
std-925,male,group E,bachelor's degree,0,0,14,39,85,73,211,C,52.75,72.7,5.7
std-926,male,group A,high school,0,1,72,82,100,71,325,A,81.25,77.2,14.3
std-927,male,group D,bachelor's degree,1,1,91,95,62,34,282,B,70.5,82.5,10.3
std-928,male,group E,high school,0,1,78,65,43,36,222,C,55.5,71.3,10.3
std-929,male,group C,master's degree,0,0,33,98,80,66,277,B,69.25,79.5,3.3
std-930,male,group B,associate's degree,1,1,41,57,50,51,199,D,49.75,91.5,6.6
std-931,male,group C,associate's degree,1,1,68,96,86,38,288,B,72.0,80.4,12.1
std-932,male,group C,some college,1,0,15,68,61,67,211,C,52.75,79.3,2.5
std-933,male,group D,associate's degree,1,1,39,40,79,67,225,C,56.25,74.6,10.0
std-934,male,group B,some high school,1,0,25,48,43,89,205,C,51.25,75.7,6.4
std-935,male,group C,high school,1,0,39,46,65,75,225,C,56.25,76.8,5.7
std-936,male,group C,some college,0,1,70,86,75,67,298,B,74.5,86.8,8.5
std-937,male,group C,some high school,0,0,7,91,66,9,173,D,43.25,82.9,1.4
std-938,male,group A,associate's degree,1,1,57,80,75,98,310,B,77.5,98.6,14.0
std-939,male,group E,some high school,1,0,72,60,70,46,248,C,62.0,81.4,7.2
std-940,male,group A,some high school,0,1,19,96,86,66,267,B,66.75,85.5,9.4
std-941,male,group D,associate's degree,0,1,55,100,49,96,300,B,75.0,72.6,8.3
std-942,male,group B,high school,0,0,65,85,68,61,279,B,69.75,80.4,6.4
std-943,male,group C,some high school,1,0,54,97,83,55,289,B,72.25,90.5,7.0
std-944,male,group B,bachelor's degree,0,0,72,84,67,100,323,A,80.75,92.6,8.4
std-945,male,group B,associate's degree,1,0,51,100,63,91,305,B,76.25,85.2,8.8
std-946,male,group E,associate's degree,1,0,53,50,55,61,219,C,54.75,84.2,3.0
std-947,male,group B,bachelor's degree,0,1,29,100,78,37,244,C,61.0,82.7,4.3
std-948,male,group C,high school,1,0,13,75,62,97,247,C,61.75,89.3,5.8
std-949,male,group B,some high school,1,0,14,92,48,95,249,C,62.25,81.3,1.3
std-950,male,group D,some high school,1,1,67,17,91,82,257,B,64.25,76.2,7.5
std-951,male,group E,some college,1,0,34,49,66,80,229,C,57.25,80.1,3.9
std-952,male,group D,some high school,1,1,36,50,64,67,217,C,54.25,49.7,8.6
std-953,male,group E,associate's degree,0,0,52,87,99,84,322,A,80.5,88.2,12.3
std-954,male,group D,some college,0,1,62,79,68,94,303,B,75.75,50.3,4.5
std-955,male,group D,some college,1,1,100,81,78,75,334,A,83.5,70.2,15.8
std-956,male,group C,high school,0,0,99,89,60,100,348,A,87.0,91.0,7.4
std-957,male,group A,bachelor's degree,1,0,32,86,65,94,277,B,69.25,85.3,7.2
std-958,male,group B,bachelor's degree,1,0,42,72,88,97,299,B,74.75,72.4,3.3
std-959,male,group D,master's degree,0,0,65,78,45,73,261,B,65.25,73.3,8.4
std-960,male,group B,associate's degree,1,0,20,53,57,71,201,C,50.25,87.1,4.6
std-961,male,group C,high school,1,0,36,86,100,69,291,B,72.75,77.8,6.5
std-962,male,group D,high school,1,0,43,46,47,57,193,D,48.25,94.2,0.0
std-963,male,group A,some college,1,0,7,70,78,45,200,C,50.0,74.6,4.7
std-964,male,group D,high school,1,0,67,69,61,58,255,B,63.75,82.9,7.9
std-965,male,group C,bachelor's degree,0,1,76,94,57,66,293,B,73.25,96.9,8.6
std-966,male,group D,bachelor's degree,1,0,35,51,58,68,212,C,53.0,76.8,7.7
std-967,male,group D,some college,0,0,79,65,97,53,294,B,73.5,73.4,9.5
std-968,male,group B,bachelor's degree,1,0,41,61,76,46,224,C,56.0,75.6,3.4
std-969,male,group D,some college,1,0,51,39,71,38,199,D,49.75,74.2,8.4
std-970,male,group B,bachelor's degree,0,1,63,74,66,47,250,B,62.5,66.5,8.3
std-971,male,group C,bachelor's degree,0,0,25,55,55,63,198,D,49.5,72.2,4.5
std-972,male,group E,high school,1,0,44,81,52,96,273,B,68.25,74.0,6.4
std-973,male,group B,high school,0,0,24,60,71,39,194,D,48.5,82.5,4.5
std-974,male,group C,some college,0,1,31,65,53,78,227,C,56.75,77.2,1.0
std-975,male,group E,some high school,0,0,17,45,79,38,179,D,44.75,70.4,3.5
std-976,male,group C,high school,1,0,39,71,31,42,183,D,45.75,72.3,0.7
std-977,male,group D,associate's degree,1,1,94,67,51,47,259,B,64.75,81.5,12.4
std-978,male,group C,high school,0,1,41,83,83,91,298,B,74.5,88.3,13.3
std-979,male,group E,associate's degree,0,0,75,74,73,95,317,B,79.25,75.3,9.4
std-980,male,group A,some high school,0,0,33,63,100,95,291,B,72.75,72.8,6.0
std-981,male,group C,bachelor's degree,1,0,64,94,88,47,293,B,73.25,92.3,4.1
std-982,male,group D,master's degree,1,1,21,64,36,76,197,D,49.25,70.7,5.3
std-983,male,group E,some high school,0,1,7,60,61,56,184,D,46.0,60.6,11.4
std-984,male,group B,some high school,1,0,28,75,63,66,232,C,58.0,81.3,3.5
std-985,male,group D,associate's degree,1,0,59,89,88,74,310,B,77.5,87.9,1.2
std-986,male,group B,some high school,1,0,66,74,55,47,242,C,60.5,64.3,8.0
std-987,male,group D,some college,1,1,78,62,62,78,280,B,70.0,83.3,12.6
std-988,male,group A,some college,1,0,47,93,95,46,281,B,70.25,88.0,10.5
std-989,male,group B,bachelor's degree,1,0,24,71,69,63,227,C,56.75,80.2,7.7
std-990,male,group B,some high school,1,0,20,85,87,57,249,C,62.25,84.4,8.6
std-991,male,group B,some high school,1,0,25,78,62,61,226,C,56.5,64.2,5.2
std-992,male,group D,high school,0,0,46,67,84,46,243,C,60.75,81.2,0.3
std-993,male,group D,some college,0,1,31,80,84,56,251,B,62.75,76.1,8.2
std-994,male,group C,bachelor's degree,0,0,45,100,38,41,224,C,56.0,72.3,6.6
std-995,male,group B,associate's degree,0,0,38,48,39,32,157,D,39.25,78.9,3.1
std-996,male,group B,master's degree,0,0,88,99,94,86,367,A,91.75,100.0,8.0
std-997,male,group B,some high school,1,1,100,64,48,61,273,B,68.25,96.8,6.3
std-998,male,group D,bachelor's degree,1,0,45,81,97,82,305,B,76.25,95.2,4.4
std-999,male,group D,master's degree,0,1,22,57,46,38,163,D,40.75,70.6,10.7
std-1000,male,group C,some high school,1,1,100,36,72,31,239,C,59.75,81.0,12.6
std-1001,male,group C,master's degree,1,0,75,90,70,91,326,A,81.5,92.0,7.4
std-1002,male,group B,high school,1,0,72,89,83,81,325,A,81.25,86.1,8.1
std-1003,male,group E,some high school,1,0,62,100,67,51,280,B,70.0,82.4,3.9
std-1004,male,group D,associate's degree,1,0,43,87,54,50,234,C,58.5,84.9,6.9
std-1005,male,group C,some high school,1,0,58,95,72,62,287,B,71.75,81.3,10.9
std-1006,male,group B,high school,0,0,19,69,94,83,265,B,66.25,73.5,2.2
std-1007,male,group B,high school,1,0,54,87,93,55,289,B,72.25,78.3,7.7
std-1008,male,group D,some college,1,1,15,74,69,41,199,D,49.75,80.3,8.3
std-1009,male,group B,bachelor's degree,0,1,87,50,80,47,264,B,66.0,80.0,9.8
std-1010,male,group C,high school,1,0,16,60,59,71,206,C,51.5,78.2,8.7
std-1011,male,group D,some college,1,1,56,67,100,81,304,B,76.0,89.3,14.5
std-1012,male,group C,high school,0,0,68,74,58,93,293,B,73.25,79.0,6.1
std-1013,male,group D,some college,0,1,92,57,92,46,287,B,71.75,88.6,10.7
std-1014,male,group E,some high school,1,0,48,32,57,93,230,C,57.5,80.5,5.4
std-1015,male,group E,high school,0,0,27,100,83,89,299,B,74.75,71.7,5.2
std-1016,male,group C,high school,0,0,32,67,32,37,168,D,42.0,85.0,4.4
std-1017,male,group C,some college,0,0,51,70,82,78,281,B,70.25,76.8,8.1
std-1018,male,group C,bachelor's degree,1,1,30,68,100,89,287,B,71.75,66.9,9.6
std-1019,male,group E,high school,1,0,26,82,49,46,203,C,50.75,65.5,2.3
std-1020,male,group B,high school,1,0,53,82,72,34,241,C,60.25,68.8,4.3
std-1021,male,group C,some high school,0,0,49,98,80,77,304,B,76.0,83.7,5.8
std-1022,male,group E,some high school,0,0,76,82,100,61,319,B,79.75,82.0,5.2
std-1023,male,group A,some college,1,0,44,69,80,40,233,C,58.25,74.3,6.0
std-1024,male,group A,some high school,1,0,26,58,48,49,181,D,45.25,78.6,5.1
std-1025,male,group C,high school,0,1,51,69,87,34,241,C,60.25,81.1,10.4
std-1026,male,group E,some college,0,0,31,40,67,31,169,D,42.25,74.9,1.6
std-1027,male,group E,bachelor's degree,0,0,58,53,24,49,184,D,46.0,77.0,2.6
std-1028,male,group B,bachelor's degree,1,0,63,58,60,84,265,B,66.25,85.6,9.9
std-1029,male,group B,high school,1,0,47,95,89,89,320,A,80.0,65.6,6.9
std-1030,male,group C,bachelor's degree,0,0,38,36,64,57,195,D,48.75,70.9,4.4
std-1031,male,group C,bachelor's degree,0,0,70,82,70,57,279,B,69.75,61.6,5.9
std-1032,male,group E,bachelor's degree,1,1,100,71,72,89,332,A,83.0,85.9,12.9
std-1033,male,group D,some high school,0,0,29,55,100,62,246,C,61.5,78.4,8.5
std-1034,male,group D,high school,0,0,62,69,68,49,248,C,62.0,88.0,8.4
std-1035,male,group D,associate's degree,0,1,69,74,46,51,240,C,60.0,88.6,8.0
std-1036,male,group D,high school,0,1,46,68,94,64,272,B,68.0,82.4,6.5
std-1037,male,group E,high school,1,0,57,72,90,35,254,B,63.5,74.6,10.6
std-1038,male,group B,master's degree,0,0,64,78,29,38,209,C,52.25,79.8,6.8
std-1039,male,group B,associate's degree,0,1,78,49,93,83,303,B,75.75,78.4,8.3
std-1040,male,group E,associate's degree,0,0,38,70,66,65,239,C,59.75,77.9,9.0
std-1041,male,group E,bachelor's degree,0,1,33,77,88,72,270,B,67.5,89.3,7.3
std-1042,male,group C,associate's degree,1,1,56,99,69,64,288,B,72.0,76.9,12.6
std-1043,male,group D,some high school,0,1,57,78,73,92,300,B,75.0,90.2,13.0
std-1044,male,group C,some high school,0,1,32,47,48,55,182,D,45.5,79.2,4.2
std-1045,male,group C,bachelor's degree,1,0,98,89,76,71,334,A,83.5,77.1,9.1
std-1046,male,group C,master's degree,1,0,22,22,52,100,196,D,49.0,83.1,6.3
std-1047,male,group C,master's degree,0,0,15,94,56,35,200,C,50.0,80.9,11.0
std-1048,male,group C,bachelor's degree,1,0,34,59,37,39,169,D,42.25,73.0,1.9
std-1049,male,group C,some high school,0,1,69,97,69,86,321,A,80.25,77.8,13.4
std-1050,male,group C,high school,0,0,48,86,84,54,272,B,68.0,72.9,6.2
std-1051,male,group A,associate's degree,1,0,9,100,48,42,199,D,49.75,69.7,1.3
std-1052,male,group D,bachelor's degree,1,0,34,72,57,85,248,C,62.0,83.5,5.3
std-1053,male,group A,high school,1,1,92,90,72,79,333,A,83.25,77.0,10.1
std-1054,male,group C,some college,0,0,58,44,57,81,240,C,60.0,81.9,2.8
std-1055,male,group B,some college,1,1,27,90,39,65,221,C,55.25,65.2,8.2
std-1056,male,group D,associate's degree,1,0,29,24,55,92,200,C,50.0,72.8,6.9
std-1057,male,group C,some college,1,0,75,56,48,88,267,B,66.75,81.2,6.6
std-1058,male,group E,associate's degree,1,0,32,56,79,100,267,B,66.75,100.0,4.7
std-1059,male,group E,high school,1,1,21,75,61,9,166,D,41.5,59.4,5.8
std-1060,male,group A,some college,1,0,23,100,56,80,259,B,64.75,92.8,5.9
std-1061,male,group E,bachelor's degree,1,1,36,38,89,48,211,C,52.75,76.9,7.8
std-1062,male,group C,bachelor's degree,1,1,59,70,76,93,298,B,74.5,86.4,12.1
std-1063,male,group E,some college,0,0,58,64,27,64,213,C,53.25,76.8,5.5
std-1064,male,group D,some high school,1,0,43,78,67,37,225,C,56.25,80.7,1.6
std-1065,male,group C,master's degree,0,0,84,100,24,24,232,C,58.0,75.9,3.8
std-1066,male,group E,associate's degree,1,1,52,50,65,52,219,C,54.75,89.3,7.8
std-1067,male,group D,some college,1,0,23,66,52,42,183,D,45.75,69.1,6.9
std-1068,male,group D,some college,0,0,38,31,93,72,234,C,58.5,87.6,8.5
std-1069,male,group C,high school,0,1,46,60,56,54,216,C,54.0,70.2,11.8
std-1070,male,group C,associate's degree,1,0,81,76,83,71,311,B,77.75,83.3,7.4
std-1071,male,group D,bachelor's degree,0,1,92,59,83,71,305,B,76.25,73.7,11.4
std-1072,male,group B,master's degree,0,0,65,52,90,87,294,B,73.5,86.5,3.1
std-1073,male,group D,high school,0,0,44,50,96,19,209,C,52.25,88.4,5.8
std-1074,male,group E,bachelor's degree,0,0,80,62,45,40,227,C,56.75,76.2,2.4
std-1075,male,group C,high school,1,1,29,100,87,93,309,B,77.25,81.9,9.4
std-1076,male,group C,master's degree,1,1,57,93,60,84,294,B,73.5,72.4,16.8
std-1077,male,group B,high school,0,1,78,71,37,42,228,C,57.0,74.9,8.4
std-1078,male,group D,some college,0,0,75,87,95,82,339,A,84.75,71.8,5.6
std-1079,male,group E,some college,1,0,47,85,60,71,263,B,65.75,71.6,7.0
std-1080,male,group E,some college,1,1,28,88,71,47,234,C,58.5,79.5,6.5
std-1081,male,group A,bachelor's degree,1,1,71,83,74,68,296,B,74.0,94.5,6.8
std-1082,male,group D,associate's degree,0,1,33,50,68,39,190,D,47.5,99.1,12.0
std-1083,male,group C,bachelor's degree,1,0,67,84,58,64,273,B,68.25,75.4,8.9
std-1084,male,group B,some high school,0,0,26,94,60,72,252,B,63.0,91.9,6.6
std-1085,male,group C,master's degree,1,1,34,47,51,79,211,C,52.75,77.7,6.2
std-1086,male,group A,some high school,0,1,42,74,63,95,274,B,68.5,79.4,7.9
std-1087,male,group C,bachelor's degree,0,1,32,87,80,87,286,B,71.5,85.6,12.9
std-1088,male,group E,some college,1,0,70,73,31,62,236,C,59.0,78.2,6.1
std-1089,male,group D,bachelor's degree,1,0,88,73,33,81,275,B,68.75,81.8,0.0
std-1090,male,group B,high school,1,0,64,100,50,100,314,B,78.5,80.4,13.2
std-1091,male,group A,some college,0,0,90,68,100,51,309,B,77.25,71.1,7.5
std-1092,male,group A,high school,1,0,59,61,69,96,285,B,71.25,67.8,7.3
std-1093,male,group D,bachelor's degree,1,1,61,97,75,79,312,B,78.0,89.8,12.3
std-1094,male,group E,bachelor's degree,1,0,39,80,67,71,257,B,64.25,76.9,7.0
std-1095,male,group C,some college,0,0,82,100,65,63,310,B,77.5,78.4,8.9
std-1096,male,group A,some high school,1,0,29,100,90,78,297,B,74.25,82.7,5.7
std-1097,male,group D,some college,1,1,67,92,70,35,264,B,66.0,87.1,5.4
std-1098,male,group E,associate's degree,1,0,30,71,10,89,200,C,50.0,76.3,5.2
std-1099,male,group C,high school,0,1,44,60,89,74,267,B,66.75,74.3,12.1
std-1100,male,group D,bachelor's degree,1,0,28,84,78,42,232,C,58.0,88.3,3.6
std-1101,male,group C,some college,1,0,64,47,98,51,260,B,65.0,93.8,4.1
std-1102,male,group B,associate's degree,0,1,95,58,44,38,235,C,58.75,82.0,10.8
std-1103,male,group D,bachelor's degree,0,1,39,79,63,33,214,C,53.5,84.6,6.2
std-1104,male,group A,master's degree,1,0,61,90,65,59,275,B,68.75,92.0,5.2
std-1105,male,group C,some college,1,1,43,100,35,35,213,C,53.25,85.9,6.3
std-1106,male,group D,associate's degree,1,0,89,75,85,60,309,B,77.25,89.2,6.9
std-1107,male,group D,some college,0,0,61,55,61,66,243,C,60.75,83.6,1.6
std-1108,male,group C,some college,1,0,81,100,86,81,348,A,87.0,91.6,6.6
std-1109,male,group D,associate's degree,1,1,45,67,67,35,214,C,53.5,65.9,7.9
std-1110,male,group C,some college,0,1,92,81,82,56,311,B,77.75,90.1,10.2
std-1111,male,group D,some high school,0,1,53,88,69,57,267,B,66.75,68.0,11.4
std-1112,male,group D,high school,0,0,33,58,62,68,221,C,55.25,69.2,9.6
std-1113,male,group D,bachelor's degree,1,0,42,81,98,99,320,A,80.0,96.3,11.1
std-1114,male,group D,high school,1,0,77,43,74,51,245,C,61.25,85.9,7.8
std-1115,male,group D,some high school,1,0,77,93,44,88,302,B,75.5,96.5,6.5
std-1116,male,group E,some college,1,0,50,68,76,50,244,C,61.0,75.8,4.0
std-1117,male,group C,associate's degree,0,0,76,80,66,91,313,B,78.25,73.6,7.2
std-1118,male,group B,some high school,1,0,44,90,79,55,268,B,67.0,78.1,7.5
std-1119,male,group C,master's degree,0,0,69,30,26,49,174,D,43.5,73.4,5.9
std-1120,male,group A,high school,0,0,100,50,92,43,285,B,71.25,82.4,8.0
std-1121,male,group D,some college,1,1,33,49,100,60,242,C,60.5,88.3,7.7
std-1122,male,group D,bachelor's degree,1,1,100,96,52,78,326,A,81.5,81.8,11.9
std-1123,male,group C,some college,1,0,20,82,29,64,195,D,48.75,77.4,7.5
std-1124,male,group A,master's degree,0,0,25,70,93,81,269,B,67.25,71.5,8.3
std-1125,male,group B,high school,0,1,82,60,62,67,271,B,67.75,84.6,8.6
std-1126,male,group D,high school,1,1,45,52,56,69,222,C,55.5,76.5,5.4
std-1127,male,group D,bachelor's degree,0,0,18,90,34,62,204,C,51.0,68.2,2.4
std-1128,male,group B,high school,0,0,62,86,95,88,331,A,82.75,83.4,5.9
std-1129,male,group C,master's degree,1,0,11,81,85,45,222,C,55.5,74.8,5.6
std-1130,male,group C,some college,1,0,76,17,20,58,171,D,42.75,69.8,5.1
std-1131,male,group B,high school,0,0,88,24,83,59,254,B,63.5,95.1,2.2
std-1132,male,group C,bachelor's degree,0,0,27,89,35,61,212,C,53.0,74.7,3.5
std-1133,male,group C,some college,0,0,59,77,66,60,262,B,65.5,77.6,6.5
std-1134,male,group C,some college,1,1,41,83,44,86,254,B,63.5,60.2,6.0
std-1135,male,group D,some college,1,1,94,96,63,76,329,A,82.25,77.3,11.1
std-1136,male,group C,bachelor's degree,0,0,86,19,65,41,211,C,52.75,73.2,4.0
std-1137,male,group C,master's degree,1,0,67,77,42,97,283,B,70.75,75.3,4.6
std-1138,male,group B,bachelor's degree,1,0,66,63,60,43,232,C,58.0,89.7,5.4
std-1139,male,group D,associate's degree,1,1,71,66,54,62,253,B,63.25,77.5,9.2
std-1140,male,group B,some high school,0,0,60,71,45,51,227,C,56.75,88.5,3.0
std-1141,male,group D,associate's degree,0,0,57,77,79,65,278,B,69.5,81.6,5.7
std-1142,male,group C,high school,1,1,44,100,65,56,265,B,66.25,80.4,9.7
std-1143,male,group C,some high school,0,0,58,94,33,87,272,B,68.0,79.8,4.3
std-1144,male,group D,bachelor's degree,1,0,35,62,58,73,228,C,57.0,77.0,1.0
std-1145,male,group B,bachelor's degree,1,1,71,61,100,84,316,B,79.0,99.7,5.9
std-1146,male,group E,some college,1,1,71,59,62,40,232,C,58.0,56.4,6.7
std-1147,male,group A,some high school,1,0,18,91,69,59,237,C,59.25,59.7,2.0
std-1148,male,group C,some high school,1,0,51,71,57,54,233,C,58.25,72.5,4.4
std-1149,male,group C,associate's degree,1,0,63,98,57,70,288,B,72.0,82.1,10.7
std-1150,male,group C,some college,1,0,81,100,66,90,337,A,84.25,92.2,4.3
std-1151,male,group E,associate's degree,0,0,50,76,42,75,243,C,60.75,82.5,4.8
std-1152,male,group B,associate's degree,1,1,39,64,50,45,198,D,49.5,71.0,12.3
std-1153,male,group E,some high school,1,1,50,87,70,48,255,B,63.75,88.4,9.3
std-1154,male,group D,high school,1,0,18,79,32,52,181,D,45.25,82.3,3.1
std-1155,male,group C,some college,1,0,82,36,74,55,247,C,61.75,80.2,5.2
std-1156,male,group C,bachelor's degree,1,1,59,43,59,74,235,C,58.75,86.2,8.9
std-1157,male,group D,some high school,1,0,69,86,74,43,272,B,68.0,83.1,10.4
std-1158,male,group C,some high school,0,0,39,92,53,100,284,B,71.0,76.5,5.1
std-1159,male,group E,some high school,1,1,63,65,33,59,220,C,55.0,82.6,5.5
std-1160,male,group D,master's degree,0,0,22,34,50,55,161,D,40.25,72.4,0.1
std-1161,male,group B,some college,1,0,16,55,46,74,191,D,47.75,73.9,4.5
std-1162,male,group C,some high school,1,0,80,25,53,47,205,C,51.25,88.3,1.1
std-1163,male,group B,bachelor's degree,1,0,67,67,47,34,215,C,53.75,53.8,3.7
std-1164,male,group D,high school,0,0,47,55,77,45,224,C,56.0,63.9,2.8
std-1165,male,group D,some college,1,1,44,75,83,98,300,B,75.0,72.2,12.0
std-1166,male,group E,some college,1,1,56,100,71,100,327,A,81.75,81.9,8.7
std-1167,male,group D,high school,1,1,14,60,70,100,244,C,61.0,76.0,9.0
std-1168,male,group B,some college,1,0,68,98,70,76,312,B,78.0,70.3,3.1
std-1169,male,group C,some college,1,0,45,42,67,19,173,D,43.25,63.5,4.2
std-1170,male,group D,some high school,0,0,61,61,51,65,238,C,59.5,70.0,2.4
std-1171,male,group C,bachelor's degree,0,0,56,56,85,67,264,B,66.0,100.0,4.9
std-1172,male,group A,associate's degree,1,1,94,74,100,52,320,A,80.0,100.0,15.3
std-1173,male,group E,some college,0,1,87,64,75,33,259,B,64.75,75.8,10.7
std-1174,male,group B,some high school,0,0,31,72,47,58,208,C,52.0,72.0,4.3
std-1175,male,group E,master's degree,0,0,67,71,60,35,233,C,58.25,67.0,13.2
std-1176,male,group B,some college,1,0,40,87,48,73,248,C,62.0,61.4,3.3
std-1177,male,group C,some college,0,1,27,78,100,100,305,B,76.25,82.3,12.4
std-1178,male,group B,associate's degree,1,1,53,61,68,39,221,C,55.25,67.4,3.6
std-1179,male,group C,some college,1,1,33,61,75,48,217,C,54.25,75.3,6.8
std-1180,male,group D,associate's degree,1,0,44,78,58,83,263,B,65.75,65.5,2.6
std-1181,male,group A,bachelor's degree,1,0,0,72,45,87,204,C,51.0,68.1,5.2
std-1182,male,group C,some high school,1,1,45,53,69,77,244,C,61.0,79.6,8.1
std-1183,male,group D,some college,0,0,81,67,65,65,278,B,69.5,84.4,5.5
std-1184,male,group D,high school,1,1,23,59,65,9,156,D,39.0,74.8,8.7
std-1185,male,group E,associate's degree,1,0,35,96,45,72,248,C,62.0,66.7,4.2
std-1186,male,group D,some college,0,1,70,68,68,44,250,B,62.5,86.5,9.0
std-1187,male,group D,some high school,0,0,58,96,59,9,222,C,55.5,69.3,7.0
std-1188,male,group B,associate's degree,1,0,35,100,100,81,316,B,79.0,89.9,3.5
std-1189,male,group D,associate's degree,1,0,43,38,52,75,208,C,52.0,75.2,2.8
std-1190,male,group B,master's degree,0,1,20,49,82,32,183,D,45.75,60.8,6.7
std-1191,male,group D,master's degree,0,1,20,78,100,48,246,C,61.5,75.6,9.6
std-1192,male,group E,some college,1,0,21,87,53,71,232,C,58.0,80.6,8.8
std-1193,male,group C,some college,1,0,73,54,56,96,279,B,69.75,86.7,5.8
std-1194,male,group C,associate's degree,1,0,82,97,53,70,302,B,75.5,81.8,6.1
std-1195,male,group C,associate's degree,1,1,57,65,64,17,203,C,50.75,88.7,4.9
std-1196,male,group A,associate's degree,0,0,36,61,35,49,181,D,45.25,82.1,4.8
std-1197,male,group A,bachelor's degree,0,0,44,86,74,91,295,B,73.75,80.2,6.0
std-1198,male,group D,high school,0,1,34,79,68,63,244,C,61.0,85.0,7.3
std-1199,male,group D,high school,0,1,57,35,93,64,249,C,62.25,96.1,7.9
std-1200,male,group B,some college,1,0,44,73,56,96,269,B,67.25,98.0,7.5
std-1201,male,group D,high school,1,0,50,83,90,69,292,B,73.0,71.2,5.2
std-1202,male,group D,bachelor's degree,1,0,61,78,62,89,290,B,72.5,73.7,4.7
std-1203,male,group D,some high school,0,1,59,59,76,57,251,B,62.75,92.2,9.3
std-1204,male,group E,master's degree,1,0,20,69,45,99,233,C,58.25,67.8,0.0
std-1205,male,group E,some college,1,1,53,94,79,76,302,B,75.5,71.2,7.9
std-1206,male,group C,some high school,1,0,76,100,54,90,320,A,80.0,80.2,4.4
std-1207,male,group A,high school,1,1,35,59,40,50,184,D,46.0,77.1,9.6
std-1208,male,group C,high school,1,0,99,93,84,100,376,A,94.0,88.3,7.5
std-1209,male,group C,bachelor's degree,1,1,36,83,48,66,233,C,58.25,71.5,6.3
std-1210,male,group B,bachelor's degree,1,1,44,57,82,63,246,C,61.5,72.4,7.9
std-1211,male,group D,some college,1,0,20,61,10,19,110,Fail,27.5,60.8,0.9
std-1212,male,group C,bachelor's degree,1,0,37,63,52,94,246,C,61.5,70.5,4.5
std-1213,male,group B,some college,0,1,39,63,60,87,249,C,62.25,99.2,8.4
std-1214,male,group A,high school,1,0,59,86,98,79,322,A,80.5,87.4,6.3
std-1215,male,group B,master's degree,1,0,38,17,75,30,160,D,40.0,79.3,2.5
std-1216,male,group B,associate's degree,0,1,43,76,83,100,302,B,75.5,78.7,6.9
std-1217,male,group A,some college,0,0,55,26,53,69,203,C,50.75,73.2,1.7
std-1218,male,group E,bachelor's degree,0,1,18,67,57,89,231,C,57.75,70.8,7.9
std-1219,male,group B,bachelor's degree,1,1,54,92,56,37,239,C,59.75,54.0,8.7
std-1220,male,group C,bachelor's degree,1,0,35,72,77,77,261,B,65.25,67.3,2.3
std-1221,male,group D,high school,1,1,100,57,67,64,288,B,72.0,65.6,10.9
std-1222,male,group E,some high school,1,0,62,71,62,85,280,B,70.0,61.0,8.3
std-1223,male,group A,some college,0,0,42,58,71,45,216,C,54.0,65.2,7.3
std-1224,male,group E,some high school,1,0,12,87,31,87,217,C,54.25,88.0,5.6
std-1225,male,group D,high school,1,1,75,93,89,100,357,A,89.25,87.2,12.3
std-1226,male,group D,bachelor's degree,1,0,62,72,23,62,219,C,54.75,87.8,10.4
std-1227,male,group D,some college,1,0,10,100,73,47,230,C,57.5,80.8,4.4
std-1228,male,group E,associate's degree,0,0,64,66,64,46,240,C,60.0,85.0,2.8
std-1229,male,group B,master's degree,1,0,34,23,55,84,196,D,49.0,66.2,0.5
std-1230,male,group C,some college,1,0,61,71,55,100,287,B,71.75,86.6,10.9
std-1231,male,group B,high school,0,0,60,89,79,69,297,B,74.25,89.2,11.2
std-1232,male,group B,some college,1,1,42,61,96,52,251,B,62.75,73.7,5.9
std-1233,male,group B,some high school,0,0,24,60,66,38,188,D,47.0,78.7,2.4
std-1234,male,group C,some high school,1,0,57,58,93,86,294,B,73.5,87.5,5.9
std-1235,male,group B,bachelor's degree,1,0,14,89,73,69,245,C,61.25,73.4,8.6
std-1236,male,group C,some college,0,1,10,92,63,45,210,C,52.5,65.4,4.0
std-1237,male,group B,some high school,0,0,67,83,96,40,286,B,71.5,71.1,1.6
std-1238,male,group D,some college,1,0,64,66,86,82,298,B,74.5,83.5,12.2
std-1239,male,group E,bachelor's degree,0,1,77,100,53,100,330,A,82.5,88.3,10.8
std-1240,male,group D,some college,1,0,16,64,71,26,177,D,44.25,65.6,5.1
std-1241,male,group B,some college,1,1,57,48,81,79,265,B,66.25,80.3,8.0
std-1242,male,group C,master's degree,1,0,61,76,85,96,318,B,79.5,89.5,8.4
std-1243,male,group E,associate's degree,1,1,42,35,43,62,182,D,45.5,78.7,2.8
std-1244,male,group C,associate's degree,1,0,15,62,78,87,242,C,60.5,92.1,3.4
std-1245,male,group D,associate's degree,1,0,88,55,82,57,282,B,70.5,92.9,6.7
std-1246,male,group C,bachelor's degree,1,0,30,89,59,87,265,B,66.25,71.0,0.3
std-1247,male,group E,some high school,1,0,35,94,52,82,263,B,65.75,95.0,5.2
std-1248,male,group D,associate's degree,1,1,67,87,47,47,248,C,62.0,73.8,7.2
std-1249,male,group C,high school,1,0,38,99,83,98,318,B,79.5,93.8,6.5
std-1250,male,group B,associate's degree,0,0,51,57,86,39,233,C,58.25,78.0,3.9
std-1251,male,group C,bachelor's degree,1,0,13,69,35,30,147,Fail,36.75,66.5,0.7
std-1252,male,group B,high school,1,0,28,78,49,37,192,D,48.0,57.7,0.0
std-1253,male,group C,some college,1,1,67,39,71,97,274,B,68.5,79.2,9.1
std-1254,male,group D,high school,1,1,35,94,59,91,279,B,69.75,67.1,8.1
std-1255,male,group E,bachelor's degree,0,1,75,86,54,35,250,B,62.5,87.5,4.7
std-1256,male,group D,some high school,0,0,61,49,86,34,230,C,57.5,90.8,5.3
std-1257,male,group E,high school,0,1,38,69,76,69,252,B,63.0,71.8,7.5
std-1258,male,group C,bachelor's degree,0,1,11,93,69,42,215,C,53.75,78.6,6.2
std-1259,male,group D,master's degree,1,1,41,98,57,23,219,C,54.75,69.7,2.0
std-1260,male,group B,high school,1,0,62,51,72,65,250,B,62.5,73.1,7.4
std-1261,male,group D,high school,0,0,72,34,75,66,247,C,61.75,85.5,2.5
std-1262,male,group D,master's degree,1,0,29,100,66,55,250,B,62.5,78.4,5.8
std-1263,male,group D,some college,0,0,59,65,64,65,253,B,63.25,94.7,3.7
std-1264,male,group C,associate's degree,0,1,66,100,64,71,301,B,75.25,78.7,8.4
std-1265,male,group D,high school,0,0,61,47,67,62,237,C,59.25,86.7,8.2
std-1266,male,group D,some college,1,1,48,60,69,9,186,D,46.5,74.4,8.0
std-1267,male,group B,some college,1,0,83,91,52,33,259,B,64.75,86.7,8.7
std-1268,male,group C,associate's degree,1,0,64,60,49,42,215,C,53.75,71.9,5.6
std-1269,male,group A,associate's degree,0,0,22,89,65,26,202,C,50.5,74.4,5.5
std-1270,male,group C,high school,1,1,91,82,60,54,287,B,71.75,80.8,4.6
std-1271,male,group B,bachelor's degree,0,0,78,65,84,58,285,B,71.25,74.1,5.7
std-1272,male,group D,associate's degree,0,0,32,40,100,90,262,B,65.5,85.7,5.4
std-1273,male,group C,some college,1,1,30,99,76,52,257,B,64.25,85.2,11.4
std-1274,male,group C,high school,1,0,36,52,82,82,252,B,63.0,84.3,4.4
std-1275,male,group D,master's degree,1,0,28,49,73,67,217,C,54.25,89.9,5.5
std-1276,male,group A,associate's degree,1,1,49,60,70,71,250,B,62.5,91.8,8.7
std-1277,male,group B,some high school,1,1,23,53,65,54,195,D,48.75,70.9,9.7
std-1278,male,group B,associate's degree,0,0,28,48,91,56,223,C,55.75,79.9,4.7
std-1279,male,group E,master's degree,1,0,18,92,60,54,224,C,56.0,71.0,7.1
std-1280,male,group D,high school,1,0,79,36,76,50,241,C,60.25,78.2,1.2
std-1281,male,group E,bachelor's degree,1,0,49,74,85,74,282,B,70.5,76.0,2.4
std-1282,male,group D,bachelor's degree,0,0,31,52,87,80,250,B,62.5,93.4,0.0
std-1283,male,group D,bachelor's degree,1,0,100,72,66,34,272,B,68.0,83.9,8.1
std-1284,male,group D,master's degree,0,0,57,28,63,39,187,D,46.75,71.6,5.8
std-1285,male,group B,master's degree,1,0,83,64,41,81,269,B,67.25,91.1,8.3
std-1286,male,group B,some college,0,1,79,89,79,90,337,A,84.25,66.4,8.5
std-1287,male,group C,bachelor's degree,1,0,50,61,100,64,275,B,68.75,62.7,4.8
std-1288,male,group C,some college,0,0,53,63,81,38,235,C,58.75,84.7,5.0
std-1289,male,group E,some high school,1,0,45,100,71,98,314,B,78.5,84.6,10.8
std-1290,male,group B,high school,0,1,66,70,35,64,235,C,58.75,79.8,12.0
std-1291,male,group C,some high school,1,1,78,54,52,66,250,B,62.5,66.8,10.1
std-1292,male,group D,bachelor's degree,1,0,30,71,72,9,182,D,45.5,72.9,4.9
std-1293,male,group E,some high school,1,0,50,88,72,31,241,C,60.25,96.1,8.8
std-1294,male,group B,some high school,0,1,38,74,60,100,272,B,68.0,88.0,8.0
std-1295,male,group A,bachelor's degree,1,1,40,38,87,56,221,C,55.25,77.9,6.5
std-1296,male,group E,some college,0,1,47,35,57,45,184,D,46.0,69.4,6.3
std-1297,male,group B,some high school,1,0,26,94,79,99,298,B,74.5,79.2,4.3
std-1298,male,group B,associate's degree,1,1,36,95,55,41,227,C,56.75,57.7,7.2
std-1299,male,group D,bachelor's degree,1,0,57,100,62,76,295,B,73.75,84.8,3.9
std-1300,male,group D,some college,0,0,15,64,42,88,209,C,52.25,83.0,7.2
std-1301,male,group D,bachelor's degree,0,1,26,66,84,49,225,C,56.25,62.5,8.9
std-1302,male,group D,some college,1,1,31,55,79,55,220,C,55.0,70.3,11.0
std-1303,male,group C,some high school,1,0,49,88,100,71,308,B,77.0,73.2,2.9
std-1304,male,group E,associate's degree,0,0,59,58,85,100,302,B,75.5,74.4,11.6
std-1305,male,group B,high school,1,0,0,50,64,56,170,D,42.5,72.6,0.0
std-1306,male,group B,high school,1,1,78,19,66,37,200,C,50.0,55.9,4.0
std-1307,male,group D,some high school,0,0,25,68,32,62,187,D,46.75,79.1,2.6
std-1308,male,group D,some college,1,1,81,86,62,97,326,A,81.5,91.8,13.2
std-1309,male,group C,bachelor's degree,1,0,86,77,89,67,319,B,79.75,82.2,7.8
std-1310,male,group B,high school,0,1,47,86,74,78,285,B,71.25,59.3,8.4
std-1311,male,group D,some college,0,0,98,68,89,57,312,B,78.0,74.9,5.1
std-1312,male,group D,high school,0,0,33,48,49,73,203,C,50.75,86.0,1.1
std-1313,male,group D,high school,1,1,76,100,87,40,303,B,75.75,58.2,12.2
std-1314,male,group C,some college,1,0,73,84,100,48,305,B,76.25,80.2,8.9
std-1315,male,group C,some college,1,1,85,79,87,57,308,B,77.0,73.0,12.9
std-1316,male,group E,master's degree,0,1,57,51,62,68,238,C,59.5,85.0,8.9
std-1317,male,group D,some college,0,0,15,42,37,66,160,D,40.0,65.3,0.0
std-1318,male,group C,some high school,1,1,93,91,64,27,275,B,68.75,84.5,5.6
std-1319,male,group D,master's degree,1,0,18,67,56,35,176,D,44.0,77.7,5.1
std-1320,male,group B,some college,0,0,37,78,46,9,170,D,42.5,88.7,2.8
std-1321,male,group C,some high school,0,0,29,51,38,9,127,Fail,31.75,66.8,1.3
std-1322,male,group D,bachelor's degree,1,0,31,86,63,48,228,C,57.0,80.3,2.4
std-1323,male,group E,master's degree,0,0,37,50,77,64,228,C,57.0,63.6,7.5
std-1324,male,group D,high school,1,0,37,100,61,94,292,B,73.0,93.0,7.8
std-1325,female,group E,high school,0,0,78,82,85,63,308,B,77.0,76.7,8.3
std-1326,male,group C,associate's degree,0,0,38,82,100,96,316,B,79.0,79.2,5.6
std-1327,male,group E,some college,0,0,38,88,95,92,313,B,78.25,83.8,7.6
std-1328,male,group A,bachelor's degree,1,0,45,47,64,61,217,C,54.25,62.0,1.5
std-1329,male,group D,some college,0,0,45,67,85,61,258,B,64.5,81.5,5.5
std-1330,male,group D,some college,1,1,59,56,53,37,205,C,51.25,83.8,0.8
std-1331,male,group D,bachelor's degree,1,1,69,79,93,53,294,B,73.5,85.1,5.3
std-1332,male,group C,high school,1,1,66,47,43,60,216,C,54.0,61.7,6.5
std-1333,male,group A,bachelor's degree,1,0,28,78,42,81,229,C,57.25,75.9,11.1
std-1334,male,group C,associate's degree,1,1,100,55,89,41,285,B,71.25,88.4,4.5
std-1335,male,group A,bachelor's degree,0,0,31,58,81,66,236,C,59.0,60.7,2.2
std-1336,male,group E,high school,0,0,36,79,55,91,261,B,65.25,70.0,6.5
std-1337,male,group B,some college,1,0,16,40,49,64,169,D,42.25,80.0,8.2
std-1338,male,group D,high school,1,1,98,47,48,37,230,C,57.5,79.6,8.2
std-1339,male,group B,bachelor's degree,0,0,27,38,74,99,238,C,59.5,81.5,7.1
std-1340,male,group E,some college,1,0,9,58,64,50,181,D,45.25,89.8,3.2
std-1341,male,group D,associate's degree,0,0,30,87,76,68,261,B,65.25,83.9,4.6
std-1342,male,group A,some high school,1,0,69,56,80,72,277,B,69.25,86.9,6.5
std-1343,male,group B,some high school,1,0,35,59,69,100,263,B,65.75,100.0,4.3
std-1344,male,group B,master's degree,1,0,61,97,68,100,326,A,81.5,83.1,9.3
std-1345,male,group E,some college,0,1,68,59,98,95,320,A,80.0,77.4,5.8
std-1346,male,group C,high school,0,0,83,44,55,71,253,B,63.25,82.9,7.9
std-1347,male,group E,some high school,1,0,57,100,46,81,284,B,71.0,85.5,6.6
std-1348,male,group D,some high school,1,1,39,87,65,64,255,B,63.75,74.5,7.7
std-1349,male,group C,high school,0,0,29,89,61,100,279,B,69.75,71.9,2.2
std-1350,male,group E,some college,1,0,83,92,54,76,305,B,76.25,100.0,4.5
std-1351,male,group B,associate's degree,0,0,13,60,40,69,182,D,45.5,76.1,7.0
std-1352,male,group C,some college,0,0,51,57,68,41,217,C,54.25,69.5,4.3
std-1353,male,group E,high school,1,0,68,74,58,79,279,B,69.75,89.4,7.0
std-1354,male,group C,some college,1,1,56,72,76,59,263,B,65.75,78.9,6.3
std-1355,male,group E,some college,1,0,57,85,87,74,303,B,75.75,80.9,6.8
std-1356,male,group E,associate's degree,1,0,30,98,91,94,313,B,78.25,89.1,3.7
std-1357,male,group C,associate's degree,1,1,54,52,55,38,199,D,49.75,62.9,7.2
std-1358,male,group B,high school,1,1,44,74,68,41,227,C,56.75,80.0,8.5
std-1359,male,group E,some high school,0,0,33,81,34,53,201,C,50.25,91.9,5.3
std-1360,male,group B,some high school,1,0,84,62,85,62,293,B,73.25,86.5,4.4
std-1361,male,group B,bachelor's degree,1,1,79,68,81,85,313,B,78.25,80.6,8.8
std-1362,male,group C,high school,0,0,53,40,35,86,214,C,53.5,71.2,6.1
std-1363,male,group B,master's degree,0,1,29,73,72,86,260,B,65.0,75.9,7.9
std-1364,male,group C,some college,0,0,51,69,72,63,255,B,63.75,76.9,5.1
std-1365,male,group D,bachelor's degree,1,1,98,43,56,69,266,B,66.5,76.7,13.3
std-1366,male,group C,some high school,1,1,64,69,72,44,249,C,62.25,86.9,5.7
std-1367,male,group E,some college,0,0,21,92,72,80,265,B,66.25,64.4,8.7
std-1368,male,group D,some college,1,1,64,70,59,67,260,B,65.0,87.4,5.5
std-1369,male,group B,master's degree,1,0,55,78,100,72,305,B,76.25,79.9,8.6
std-1370,male,group E,high school,0,0,29,80,96,90,295,B,73.75,85.9,8.5
std-1371,male,group B,associate's degree,1,0,65,30,31,43,169,D,42.25,61.9,2.5
std-1372,male,group E,some college,1,0,33,66,64,92,255,B,63.75,91.1,2.7
std-1373,male,group E,some college,0,0,39,45,52,58,194,D,48.5,85.4,0.0
std-1374,male,group D,some high school,1,1,85,43,96,80,304,B,76.0,91.9,7.9
std-1375,male,group C,associate's degree,1,0,75,51,35,9,170,D,42.5,58.5,5.1
std-1376,male,group D,high school,1,0,79,73,76,62,290,B,72.5,89.5,3.9
std-1377,male,group C,bachelor's degree,0,1,39,92,76,55,262,B,65.5,83.4,8.7
std-1378,male,group D,master's degree,0,1,36,78,38,9,161,D,40.25,57.0,2.4
std-1379,male,group B,some college,0,1,24,100,66,36,226,C,56.5,76.6,7.0
std-1380,male,group B,high school,0,0,32,100,66,72,270,B,67.5,83.7,3.3
std-1381,male,group D,high school,0,0,54,71,48,69,242,C,60.5,83.1,5.3
std-1382,male,group E,some college,0,0,32,98,59,48,237,C,59.25,79.3,4.1
std-1383,male,group B,high school,0,0,33,76,45,49,203,C,50.75,77.5,1.6
std-1384,male,group C,bachelor's degree,1,1,81,95,90,76,342,A,85.5,99.7,8.7
std-1385,male,group D,some college,0,0,59,100,69,57,285,B,71.25,92.7,4.1
std-1386,male,group C,some college,1,1,63,88,63,60,274,B,68.5,55.0,5.4
std-1387,male,group D,some college,1,0,19,79,54,52,204,C,51.0,72.1,7.3
std-1388,male,group C,associate's degree,1,0,43,70,40,68,221,C,55.25,74.9,4.1
std-1389,male,group C,some college,1,1,48,46,49,25,168,D,42.0,56.2,0.7
std-1390,male,group B,some high school,0,0,34,86,75,48,243,C,60.75,79.0,3.9
std-1391,male,group C,bachelor's degree,0,0,88,50,59,91,288,B,72.0,93.2,8.8
std-1392,male,group D,some college,1,1,59,98,63,61,281,B,70.25,71.6,7.0
std-1393,male,group B,some college,0,0,48,79,96,24,247,C,61.75,81.6,9.3
std-1394,male,group D,some college,1,0,75,83,100,71,329,A,82.25,77.1,5.4
std-1395,male,group B,associate's degree,1,0,60,84,72,74,290,B,72.5,76.0,7.9
std-1396,male,group D,some high school,0,1,53,17,62,62,194,D,48.5,87.4,9.4
std-1397,male,group B,associate's degree,1,1,37,48,54,54,193,D,48.25,69.2,7.9
std-1398,male,group B,some college,0,0,78,59,45,39,221,C,55.25,80.5,1.5
std-1399,male,group B,some high school,1,0,50,99,62,76,287,B,71.75,65.0,4.2
std-1400,male,group B,associate's degree,1,0,56,52,28,89,225,C,56.25,93.5,8.0
std-1401,male,group C,bachelor's degree,1,0,40,48,38,68,194,D,48.5,79.6,2.3
std-1402,male,group D,high school,1,1,51,40,65,70,226,C,56.5,75.2,10.0
std-1403,male,group E,bachelor's degree,1,0,25,34,61,84,204,C,51.0,80.2,3.5
std-1404,male,group E,associate's degree,1,1,14,62,50,55,181,D,45.25,60.4,6.9
std-1405,male,group E,some college,1,0,56,73,76,60,265,B,66.25,90.7,2.5
std-1406,male,group C,associate's degree,0,1,34,65,83,81,263,B,65.75,76.9,6.9
std-1407,male,group D,some high school,1,1,87,80,70,21,258,B,64.5,77.6,6.2
std-1408,male,group D,associate's degree,1,0,29,92,27,39,187,D,46.75,69.1,4.7
std-1409,male,group E,some high school,1,0,30,88,66,100,284,B,71.0,76.4,6.7
std-1410,male,group B,bachelor's degree,0,1,86,45,40,72,243,C,60.75,84.5,9.1
std-1411,male,group A,some high school,0,1,64,44,79,93,280,B,70.0,83.6,7.6
std-1412,male,group E,some college,1,0,48,43,27,91,209,C,52.25,81.3,2.4
std-1413,male,group C,associate's degree,1,0,71,41,79,54,245,C,61.25,78.3,6.0
std-1414,male,group B,some high school,1,0,29,76,50,61,216,C,54.0,80.6,2.3
std-1415,male,group C,some college,0,1,51,67,82,68,268,B,67.0,76.5,11.3
std-1416,male,group D,bachelor's degree,1,0,24,40,35,27,126,Fail,31.5,88.6,2.4
std-1417,male,group D,high school,1,0,68,79,68,100,315,B,78.75,70.0,6.4
std-1418,male,group D,bachelor's degree,1,0,70,91,35,64,260,B,65.0,91.0,7.0
std-1419,male,group D,some college,1,1,100,83,82,60,325,A,81.25,97.3,9.7
std-1420,male,group B,bachelor's degree,0,0,70,57,56,85,268,B,67.0,72.6,1.9
std-1421,male,group A,some college,1,0,70,93,65,77,305,B,76.25,100.0,4.3
std-1422,male,group D,associate's degree,1,0,83,100,71,82,336,A,84.0,94.9,10.3
std-1423,male,group E,high school,1,0,34,54,100,71,259,B,64.75,88.3,6.1
std-1424,male,group A,master's degree,0,1,40,84,61,9,194,D,48.5,74.4,2.6
std-1425,male,group A,some college,0,1,29,66,67,44,206,C,51.5,73.2,8.0
std-1426,male,group D,high school,1,1,93,72,60,68,293,B,73.25,80.5,7.8
std-1427,male,group C,bachelor's degree,1,1,56,63,78,54,251,B,62.75,82.4,6.0
std-1428,male,group C,some college,1,0,70,77,63,71,281,B,70.25,94.0,3.5
std-1429,male,group A,high school,1,1,89,87,41,100,317,B,79.25,86.0,12.2
std-1430,male,group E,associate's degree,1,1,33,93,59,77,262,B,65.5,71.6,3.5
std-1431,male,group E,some college,1,0,43,44,39,76,202,C,50.5,82.2,2.4
std-1432,male,group D,associate's degree,1,0,56,100,85,61,302,B,75.5,91.4,7.2
std-1433,male,group B,associate's degree,1,1,97,67,88,93,345,A,86.25,92.5,14.3
std-1434,male,group D,some high school,1,0,53,55,61,91,260,B,65.0,86.3,7.3
std-1435,male,group D,associate's degree,0,0,80,74,63,65,282,B,70.5,79.0,4.3
std-1436,male,group D,some college,1,0,96,17,59,54,226,C,56.5,68.4,8.9
std-1437,male,group E,some college,0,1,77,80,61,83,301,B,75.25,75.2,6.0
std-1438,male,group E,high school,1,0,26,47,36,54,163,D,40.75,56.9,4.3
std-1439,male,group A,some college,1,1,37,60,78,46,221,C,55.25,78.5,8.7
std-1440,male,group E,some college,0,0,67,82,42,44,235,C,58.75,76.8,3.1
std-1441,male,group E,some college,0,1,79,86,62,45,272,B,68.0,76.6,10.4
std-1442,male,group B,high school,0,0,24,60,63,61,208,C,52.0,48.7,3.4
std-1443,male,group B,some high school,0,1,80,94,61,38,273,B,68.25,69.5,10.4
std-1444,male,group E,some college,1,0,8,35,54,47,144,Fail,36.0,80.1,0.0
std-1445,male,group D,high school,0,0,38,91,61,35,225,C,56.25,70.7,5.9
std-1446,male,group C,bachelor's degree,1,0,50,47,85,34,216,C,54.0,79.2,3.8
std-1447,male,group C,bachelor's degree,1,0,89,40,10,76,215,C,53.75,63.4,7.7
std-1448,male,group D,bachelor's degree,0,1,49,75,81,51,256,B,64.0,92.2,8.2
std-1449,male,group D,associate's degree,1,0,29,100,26,36,191,D,47.75,72.6,7.4
std-1450,male,group C,high school,0,0,96,73,95,91,355,A,88.75,90.1,9.4
std-1451,male,group D,some college,1,0,71,91,90,43,295,B,73.75,100.0,6.4
std-1452,male,group D,some college,1,0,41,63,87,57,248,C,62.0,92.3,7.6
std-1453,male,group D,some high school,1,0,44,96,78,41,259,B,64.75,76.8,7.8
std-1454,male,group B,some high school,0,1,72,84,66,38,260,B,65.0,74.3,9.6
std-1455,male,group B,associate's degree,1,1,85,92,100,71,348,A,87.0,84.0,4.7
std-1456,male,group E,high school,1,1,40,58,66,78,242,C,60.5,82.7,5.5
std-1457,male,group E,high school,0,0,53,67,100,55,275,B,68.75,79.9,9.7
std-1458,male,group B,high school,1,1,73,53,62,49,237,C,59.25,74.1,4.7
std-1459,male,group B,bachelor's degree,0,1,11,87,81,67,246,C,61.5,91.7,10.3
std-1460,male,group E,associate's degree,0,1,37,66,54,34,191,D,47.75,72.9,8.5
std-1461,male,group C,associate's degree,1,0,0,82,84,34,200,C,50.0,95.3,2.7
std-1462,male,group B,some college,1,0,76,56,81,86,299,B,74.75,83.6,1.8
std-1463,male,group C,high school,1,1,100,63,75,47,285,B,71.25,97.7,7.6
std-1464,male,group D,bachelor's degree,1,1,93,46,51,57,247,C,61.75,81.7,13.3
std-1465,male,group D,some college,1,0,99,92,92,83,366,A,91.5,97.0,6.2
std-1466,male,group D,master's degree,1,0,37,100,71,52,260,B,65.0,73.1,3.9
std-1467,male,group E,some college,0,1,94,17,39,53,203,C,50.75,67.2,4.5
std-1468,male,group E,high school,1,1,53,96,91,54,294,B,73.5,86.6,12.2
std-1469,male,group D,associate's degree,1,0,23,70,89,97,279,B,69.75,90.1,5.7
std-1470,male,group E,some high school,1,0,56,70,81,84,291,B,72.75,82.5,5.1
std-1471,male,group D,bachelor's degree,1,1,40,69,84,61,254,B,63.5,67.5,11.8
std-1472,male,group E,some college,1,0,45,66,92,53,256,B,64.0,67.0,7.2
std-1473,male,group A,some college,1,0,52,90,69,96,307,B,76.75,70.6,4.7
std-1474,male,group C,master's degree,0,0,100,90,68,77,335,A,83.75,69.9,4.6
std-1475,male,group D,some high school,1,0,73,88,68,91,320,A,80.0,85.6,10.2
std-1476,male,group E,associate's degree,1,0,44,93,73,27,237,C,59.25,87.8,5.4
std-1477,male,group C,high school,1,1,29,79,100,89,297,B,74.25,82.5,5.4
std-1478,male,group C,some college,1,1,79,36,96,96,307,B,76.75,63.1,5.0
std-1479,male,group B,bachelor's degree,1,0,48,51,16,53,168,D,42.0,70.3,0.9
std-1480,male,group B,associate's degree,1,0,77,80,43,90,290,B,72.5,80.6,3.5
std-1481,male,group A,some college,0,0,62,96,80,99,337,A,84.25,100.0,2.6
std-1482,male,group C,high school,0,1,21,63,88,89,261,B,65.25,66.6,5.7
std-1483,male,group A,some high school,1,0,51,63,99,66,279,B,69.75,77.7,4.0
std-1484,male,group C,high school,1,1,100,87,57,92,336,A,84.0,100.0,9.0
std-1485,male,group B,associate's degree,1,0,59,72,87,42,260,B,65.0,83.7,10.1
std-1486,male,group C,some college,0,0,78,82,38,86,284,B,71.0,86.7,5.8
std-1487,male,group B,some college,1,1,25,77,23,72,197,D,49.25,75.4,6.5
std-1488,male,group B,some high school,1,0,58,80,82,74,294,B,73.5,85.4,8.0
std-1489,male,group A,some high school,0,0,88,76,99,29,292,B,73.0,89.3,6.1
std-1490,male,group C,some college,0,0,51,55,56,58,220,C,55.0,69.0,5.9
std-1491,male,group D,associate's degree,1,0,26,61,53,42,182,D,45.5,81.1,4.7
std-1492,male,group C,some college,1,1,41,97,61,56,255,B,63.75,66.8,8.6
std-1493,male,group A,bachelor's degree,1,0,37,78,55,51,221,C,55.25,79.3,11.9
std-1494,male,group D,high school,1,0,56,86,32,66,240,C,60.0,79.6,7.7
std-1495,male,group C,bachelor's degree,1,1,86,73,55,75,289,B,72.25,76.5,6.4
std-1496,male,group C,bachelor's degree,0,0,64,51,27,48,190,D,47.5,73.6,5.2
std-1497,male,group A,bachelor's degree,0,0,61,88,50,85,284,B,71.0,76.0,4.5
std-1498,male,group B,some college,1,1,59,85,83,51,278,B,69.5,71.4,9.9
std-1499,male,group C,some high school,1,0,11,100,58,51,220,C,55.0,73.1,1.5
std-1500,male,group A,high school,0,0,41,55,68,47,211,C,52.75,65.6,2.0
std-1501,male,group B,associate's degree,1,0,46,60,77,91,274,B,68.5,83.7,7.1
std-1502,male,group B,associate's degree,1,0,17,78,61,39,195,D,48.75,63.9,6.8
std-1503,male,group A,some college,0,1,28,100,88,55,271,B,67.75,86.9,9.9
std-1504,male,group B,associate's degree,0,0,32,77,70,82,261,B,65.25,69.1,8.0
std-1505,male,group E,some high school,0,1,64,65,31,86,246,C,61.5,73.4,9.0
std-1506,male,group B,high school,1,0,10,28,69,76,183,D,45.75,67.6,4.5
std-1507,male,group E,some high school,0,0,44,100,28,60,232,C,58.0,89.2,4.0
std-1508,male,group D,high school,0,0,72,79,11,47,209,C,52.25,78.4,6.7
std-1509,male,group A,some high school,1,0,38,92,53,49,232,C,58.0,75.4,7.8
std-1510,male,group C,some college,1,0,14,77,95,70,256,B,64.0,83.8,5.6
std-1511,male,group D,high school,0,0,83,47,72,81,283,B,70.75,62.5,6.1
std-1512,male,group C,some high school,1,0,7,38,39,42,126,Fail,31.5,68.1,6.7
std-1513,male,group A,some college,0,0,59,100,59,45,263,B,65.75,97.8,5.9
std-1514,male,group C,high school,1,1,49,100,59,70,278,B,69.5,82.3,9.0
std-1515,male,group E,high school,0,1,80,95,89,35,299,B,74.75,83.4,10.5
std-1516,male,group B,high school,0,0,100,68,82,62,312,B,78.0,88.8,6.9
std-1517,male,group B,master's degree,1,1,80,51,69,47,247,C,61.75,86.6,6.0
std-1518,male,group C,bachelor's degree,1,1,39,52,43,56,190,D,47.5,55.8,7.7
std-1519,male,group A,associate's degree,1,0,56,62,79,73,270,B,67.5,65.3,6.0
std-1520,male,group A,high school,1,0,75,75,89,62,301,B,75.25,84.9,11.5
std-1521,male,group E,some college,1,1,100,99,37,58,294,B,73.5,76.0,11.2
std-1522,male,group C,bachelor's degree,1,1,58,69,64,62,253,B,63.25,90.8,6.7
std-1523,male,group D,some college,1,0,39,17,55,83,194,D,48.5,71.3,6.2
std-1524,male,group B,master's degree,1,0,42,90,65,81,278,B,69.5,63.7,7.1
std-1525,male,group D,high school,0,0,78,71,63,87,299,B,74.75,71.4,10.1
std-1526,male,group B,associate's degree,1,0,90,58,60,58,266,B,66.5,55.4,4.7
std-1527,male,group D,associate's degree,1,0,48,59,64,34,205,C,51.25,72.9,5.1
std-1528,male,group C,bachelor's degree,0,0,25,67,54,58,204,C,51.0,73.3,4.3
std-1529,male,group D,some high school,1,0,76,95,75,61,307,B,76.75,79.7,7.1
std-1530,male,group B,associate's degree,0,0,32,100,77,100,309,B,77.25,93.4,4.8
std-1531,male,group D,bachelor's degree,1,0,18,55,70,51,194,D,48.5,84.9,5.8
std-1532,male,group C,high school,0,0,45,59,68,60,232,C,58.0,75.8,6.3
std-1533,male,group D,associate's degree,1,0,68,90,65,85,308,B,77.0,64.4,10.2
std-1534,male,group D,some college,0,1,69,84,25,72,250,B,62.5,84.3,8.1
std-1535,male,group B,bachelor's degree,1,0,15,74,59,30,178,D,44.5,77.8,2.9
std-1536,male,group B,associate's degree,1,1,39,77,63,59,238,C,59.5,80.6,9.8
std-1537,male,group E,bachelor's degree,1,0,57,62,92,68,279,B,69.75,90.0,4.4
std-1538,male,group D,master's degree,1,1,65,53,64,43,225,C,56.25,66.2,10.3
std-1539,male,group D,some high school,1,1,44,18,51,41,154,D,38.5,88.9,8.6
std-1540,male,group D,high school,1,1,38,79,94,100,311,B,77.75,75.2,12.7
std-1541,male,group C,master's degree,0,0,83,66,90,48,287,B,71.75,88.6,7.5
std-1542,male,group C,high school,0,0,63,53,70,88,274,B,68.5,65.6,5.0
std-1543,male,group D,high school,1,0,52,100,85,98,335,A,83.75,77.4,7.9
std-1544,male,group E,some college,1,1,37,74,67,63,241,C,60.25,91.7,8.9
std-1545,male,group D,high school,0,0,47,58,49,59,213,C,53.25,73.4,3.4
std-1546,male,group D,high school,0,0,15,57,65,44,181,D,45.25,80.6,7.4
std-1547,male,group C,bachelor's degree,1,0,65,18,56,80,219,C,54.75,78.3,6.4
std-1548,male,group C,bachelor's degree,0,1,69,61,33,51,214,C,53.5,74.9,5.1
std-1549,male,group D,some college,0,1,65,71,84,88,308,B,77.0,95.9,14.2
std-1550,male,group D,high school,1,0,58,83,88,65,294,B,73.5,80.3,6.9
std-1551,male,group A,some college,0,1,24,63,50,92,229,C,57.25,61.0,4.9
std-1552,male,group C,some high school,1,0,73,88,95,100,356,A,89.0,80.3,6.1
std-1553,male,group C,bachelor's degree,1,0,58,89,39,54,240,C,60.0,82.9,9.1
std-1554,male,group A,some college,0,0,55,100,59,44,258,B,64.5,83.0,10.4
std-1555,male,group E,some college,0,1,42,94,85,72,293,B,73.25,68.2,11.7
std-1556,male,group C,some college,1,1,95,83,68,89,335,A,83.75,79.3,13.5
std-1557,male,group D,some college,1,0,38,61,57,50,206,C,51.5,69.9,7.7
std-1558,male,group C,some college,1,0,54,68,33,91,246,C,61.5,75.2,6.9
std-1559,male,group D,bachelor's degree,0,1,54,100,62,76,292,B,73.0,69.9,10.0
std-1560,male,group C,some high school,0,1,75,84,96,82,337,A,84.25,80.3,11.6
std-1561,male,group E,high school,1,1,59,83,89,71,302,B,75.5,76.5,11.2
std-1562,male,group D,bachelor's degree,1,0,67,60,38,73,238,C,59.5,84.7,3.5
std-1563,male,group B,associate's degree,1,0,60,65,50,93,268,B,67.0,87.5,7.9
std-1564,male,group D,some college,0,0,31,66,66,65,228,C,57.0,75.6,8.8
std-1565,male,group E,master's degree,1,0,60,49,73,63,245,C,61.25,74.8,5.0
std-1566,male,group C,some college,1,1,71,85,54,48,258,B,64.5,80.7,7.6
std-1567,male,group E,high school,1,0,38,95,52,55,240,C,60.0,70.6,6.6
std-1568,male,group C,associate's degree,1,0,65,66,64,100,295,B,73.75,72.2,5.1
std-1569,male,group D,master's degree,1,0,65,65,68,77,275,B,68.75,72.4,2.9
std-1570,male,group D,master's degree,1,1,18,97,64,58,237,C,59.25,72.0,10.7
std-1571,male,group C,some high school,0,0,60,68,84,43,255,B,63.75,68.7,4.6
std-1572,male,group E,some high school,0,0,44,82,77,89,292,B,73.0,83.7,6.7
std-1573,male,group C,associate's degree,1,1,27,96,89,45,257,B,64.25,85.9,6.8
std-1574,male,group B,master's degree,1,1,25,43,58,34,160,D,40.0,57.0,9.2
std-1575,male,group D,some high school,1,0,30,57,71,81,239,C,59.75,78.1,7.5
std-1576,male,group E,high school,1,0,47,60,67,78,252,B,63.0,77.0,5.1
std-1577,male,group D,associate's degree,1,1,62,81,95,60,298,B,74.5,85.8,6.3
std-1578,male,group B,some college,0,0,53,72,73,84,282,B,70.5,81.3,5.5
std-1579,male,group B,high school,0,0,65,100,61,79,305,B,76.25,70.2,8.4
std-1580,male,group C,associate's degree,0,1,42,100,49,41,232,C,58.0,65.9,8.2
std-1581,male,group B,bachelor's degree,1,0,76,43,94,55,268,B,67.0,80.5,6.3
std-1582,male,group D,some college,0,0,27,61,24,100,212,C,53.0,84.9,5.3
std-1583,male,group B,bachelor's degree,1,0,41,63,39,38,181,D,45.25,53.1,5.9
std-1584,male,group E,master's degree,1,0,25,98,50,41,214,C,53.5,78.9,4.7
std-1585,male,group C,master's degree,0,0,26,71,56,29,182,D,45.5,83.9,5.2
std-1586,male,group E,some high school,1,0,97,83,66,100,346,A,86.5,85.3,5.5
std-1587,male,group E,some high school,0,1,63,80,52,72,267,B,66.75,85.1,14.9
std-1588,male,group D,some college,1,0,70,60,83,30,243,C,60.75,71.9,4.8
std-1589,male,group B,master's degree,1,0,35,75,63,69,242,C,60.5,77.0,6.0
std-1590,male,group D,some high school,0,1,48,64,61,53,226,C,56.5,62.2,9.0
std-1591,male,group D,master's degree,1,0,10,100,73,41,224,C,56.0,55.5,4.0
std-1592,male,group D,some college,0,1,27,88,94,48,257,B,64.25,87.8,8.3
std-1593,male,group E,high school,0,0,85,66,45,49,245,C,61.25,69.5,5.5
std-1594,male,group B,high school,1,0,87,47,34,38,206,C,51.5,71.0,2.3
std-1595,male,group C,associate's degree,1,0,52,74,43,53,222,C,55.5,64.0,6.1
std-1596,male,group C,some college,1,0,55,79,60,59,253,B,63.25,66.3,1.6
std-1597,male,group C,associate's degree,1,1,22,45,57,62,186,D,46.5,71.9,11.0
std-1598,male,group C,associate's degree,1,0,88,61,53,61,263,B,65.75,73.3,7.9
std-1599,male,group D,high school,0,0,31,62,54,36,183,D,45.75,76.6,5.7
std-1600,male,group B,bachelor's degree,1,0,63,74,66,85,288,B,72.0,86.0,2.2
std-1601,male,group D,bachelor's degree,1,1,42,65,71,100,278,B,69.5,84.0,6.8
std-1602,male,group D,high school,0,0,45,100,88,87,320,A,80.0,86.7,10.8
std-1603,male,group C,some high school,1,0,69,58,30,84,241,C,60.25,92.2,15.8
std-1604,male,group C,associate's degree,0,0,16,77,90,47,230,C,57.5,67.5,8.2
std-1605,male,group E,master's degree,1,1,32,88,79,75,274,B,68.5,80.3,11.3
std-1606,male,group E,some college,0,1,91,95,69,39,294,B,73.5,92.6,10.5
std-1607,male,group E,associate's degree,1,0,40,53,59,66,218,C,54.5,87.5,2.8
std-1608,male,group C,high school,1,1,51,87,80,57,275,B,68.75,68.1,11.2
std-1609,male,group C,associate's degree,1,1,31,100,48,62,241,C,60.25,75.2,5.2
std-1610,male,group E,some college,1,0,22,17,63,70,172,D,43.0,84.5,0.8
std-1611,male,group B,associate's degree,1,0,78,78,54,86,296,B,74.0,87.2,3.6
std-1612,male,group D,some high school,0,0,36,29,62,14,141,Fail,35.25,71.5,5.5
std-1613,male,group A,associate's degree,1,1,84,70,49,80,283,B,70.75,79.5,8.8
std-1614,male,group C,associate's degree,1,1,91,100,58,24,273,B,68.25,77.2,8.9
std-1615,male,group E,associate's degree,0,0,35,62,62,18,177,D,44.25,75.3,3.9
std-1616,male,group E,some high school,0,0,48,77,58,50,233,C,58.25,75.1,2.4
std-1617,male,group B,bachelor's degree,1,0,54,61,74,71,260,B,65.0,79.2,4.2
std-1618,male,group D,associate's degree,0,0,23,72,84,100,279,B,69.75,81.9,4.8
std-1619,male,group E,bachelor's degree,0,0,23,66,85,55,229,C,57.25,70.9,1.6
std-1620,male,group B,some college,0,0,100,58,38,78,274,B,68.5,85.6,5.0
std-1621,male,group C,associate's degree,1,1,68,95,69,30,262,B,65.5,100.0,5.7
std-1622,male,group A,some college,0,0,68,74,32,68,242,C,60.5,62.1,6.9
std-1623,male,group D,associate's degree,1,0,45,79,81,31,236,C,59.0,80.5,7.0
std-1624,male,group B,bachelor's degree,1,0,78,32,60,53,223,C,55.75,69.7,1.8
std-1625,male,group B,bachelor's degree,1,1,43,65,27,91,226,C,56.5,82.0,6.8
std-1626,male,group E,bachelor's degree,1,1,58,26,52,90,226,C,56.5,77.2,12.2
std-1627,male,group B,associate's degree,0,0,85,75,78,72,310,B,77.5,90.6,4.6
std-1628,male,group E,high school,1,1,73,57,10,63,203,C,50.75,85.5,8.1
std-1629,male,group C,high school,1,0,59,88,64,61,272,B,68.0,82.3,6.4
std-1630,male,group B,high school,1,0,93,44,100,65,302,B,75.5,93.3,9.6
std-1631,male,group B,associate's degree,1,0,84,51,81,43,259,B,64.75,58.4,6.6
std-1632,male,group D,high school,1,0,72,59,76,34,241,C,60.25,92.3,4.4
std-1633,male,group D,high school,1,1,39,73,49,99,260,B,65.0,83.0,8.6
std-1634,male,group A,some college,1,1,86,60,80,76,302,B,75.5,92.8,9.6
std-1635,male,group C,high school,0,0,67,63,72,42,244,C,61.0,67.3,5.3
std-1636,male,group B,bachelor's degree,0,1,53,69,71,65,258,B,64.5,72.0,5.0
std-1637,male,group E,some college,1,1,26,58,55,100,239,C,59.75,79.2,11.0
std-1638,male,group B,high school,1,0,33,57,33,74,197,D,49.25,74.2,7.1
std-1639,male,group E,some college,0,0,18,100,75,51,244,C,61.0,80.8,2.9
std-1640,male,group A,high school,1,0,35,79,98,100,312,B,78.0,93.7,6.4
std-1641,male,group C,bachelor's degree,1,0,78,81,78,59,296,B,74.0,66.7,6.2
std-1642,male,group A,some college,1,0,38,73,32,73,216,C,54.0,84.7,2.0
std-1643,male,group B,high school,0,1,72,100,65,77,314,B,78.5,84.1,5.0
std-1644,male,group D,some college,0,1,43,82,72,64,261,B,65.25,77.9,6.7
std-1645,male,group C,bachelor's degree,0,1,73,58,64,33,228,C,57.0,63.7,6.7
std-1646,male,group B,some college,1,1,82,97,46,63,288,B,72.0,86.4,5.4
std-1647,male,group D,some college,1,1,60,71,60,87,278,B,69.5,59.4,9.3
std-1648,male,group E,high school,0,0,29,90,58,93,270,B,67.5,86.3,9.0
std-1649,male,group C,bachelor's degree,0,0,20,86,100,88,294,B,73.5,69.0,8.8
std-1650,male,group C,bachelor's degree,1,0,67,65,88,55,275,B,68.75,81.3,5.9
std-1651,male,group D,bachelor's degree,1,0,34,54,41,65,194,D,48.5,73.1,0.0
std-1652,male,group E,some high school,1,0,27,81,45,21,174,D,43.5,83.0,5.6
std-1653,male,group E,some college,0,0,19,18,62,78,177,D,44.25,71.1,4.3
std-1654,male,group D,bachelor's degree,1,1,29,97,54,59,239,C,59.75,71.6,9.0
std-1655,male,group B,some college,1,0,100,81,82,83,346,A,86.5,82.2,12.8
std-1656,male,group E,associate's degree,0,0,62,94,91,58,305,B,76.25,94.8,4.9
std-1657,male,group E,some college,0,1,31,66,81,46,224,C,56.0,81.5,0.3
std-1658,male,group C,master's degree,1,0,37,74,64,29,204,C,51.0,71.5,1.9
std-1659,male,group D,some college,0,1,47,37,63,88,235,C,58.75,75.4,9.0
std-1660,male,group B,bachelor's degree,0,1,47,85,54,57,243,C,60.75,64.1,8.1
std-1661,male,group D,bachelor's degree,1,0,55,94,87,38,274,B,68.5,84.3,3.2
std-1662,male,group C,some college,1,1,100,72,82,60,314,B,78.5,68.2,6.1
std-1663,male,group B,bachelor's degree,1,0,12,65,63,50,190,D,47.5,80.6,3.3
std-1664,male,group B,associate's degree,0,0,55,100,41,70,266,B,66.5,81.3,2.9
std-1665,male,group D,bachelor's degree,0,0,74,19,54,57,204,C,51.0,96.5,5.9
std-1666,male,group C,associate's degree,1,0,63,89,65,54,271,B,67.75,70.6,5.1
std-1667,male,group C,associate's degree,0,0,53,89,100,51,293,B,73.25,81.4,5.1
std-1668,male,group C,some high school,1,0,86,49,50,54,239,C,59.75,94.1,3.5
std-1669,male,group C,bachelor's degree,0,0,33,43,70,9,155,D,38.75,81.6,4.1
std-1670,male,group B,some college,1,0,23,79,30,97,229,C,57.25,70.8,5.3
std-1671,male,group B,master's degree,0,0,97,100,57,39,293,B,73.25,84.4,7.2
std-1672,male,group D,master's degree,0,0,27,23,86,73,209,C,52.25,75.4,5.1
std-1673,male,group B,associate's degree,1,0,22,87,55,72,236,C,59.0,80.2,5.1
std-1674,male,group B,associate's degree,1,0,37,93,45,40,215,C,53.75,69.6,2.2
std-1675,male,group B,high school,0,0,45,56,88,74,263,B,65.75,79.0,4.1
std-1676,male,group C,some college,1,1,85,78,90,62,315,B,78.75,69.8,8.7
std-1677,male,group C,high school,1,1,54,89,40,87,270,B,67.5,81.6,13.8
std-1678,male,group C,associate's degree,1,1,36,69,100,49,254,B,63.5,83.2,4.9
std-1679,male,group C,high school,0,0,25,83,65,25,198,D,49.5,72.4,3.4
std-1680,male,group D,some college,1,1,42,43,83,41,209,C,52.25,60.9,7.4
std-1681,male,group D,bachelor's degree,1,0,65,100,100,81,346,A,86.5,95.6,7.2
std-1682,male,group C,some college,1,0,25,76,100,87,288,B,72.0,85.2,9.2
std-1683,male,group C,high school,1,0,82,87,83,34,286,B,71.5,75.2,5.7
std-1684,male,group B,master's degree,1,0,72,17,69,66,224,C,56.0,74.1,4.5
std-1685,male,group D,associate's degree,0,0,39,67,75,84,265,B,66.25,66.5,8.0
std-1686,male,group C,associate's degree,1,0,58,83,76,83,300,B,75.0,73.7,11.4
std-1687,male,group B,some high school,0,1,25,43,63,9,140,Fail,35.0,64.8,9.1
std-1688,male,group B,associate's degree,0,0,89,55,74,60,278,B,69.5,92.2,6.0
std-1689,male,group C,some college,1,1,95,60,89,92,336,A,84.0,80.1,10.1
std-1690,male,group C,associate's degree,1,0,64,51,63,63,241,C,60.25,83.8,5.6
std-1691,male,group D,some high school,0,1,18,39,86,74,217,C,54.25,71.2,7.7
std-1692,male,group D,some high school,0,1,57,78,73,100,308,B,77.0,85.8,7.4
std-1693,male,group D,high school,0,0,33,87,88,73,281,B,70.25,80.1,8.7
std-1694,male,group A,some college,0,0,41,90,46,37,214,C,53.5,83.7,5.3
std-1695,male,group E,bachelor's degree,1,0,16,42,30,90,178,D,44.5,68.0,3.8
std-1696,male,group C,bachelor's degree,0,1,65,71,28,54,218,C,54.5,62.0,4.2
std-1697,male,group D,high school,1,0,36,62,69,65,232,C,58.0,64.9,5.4
std-1698,male,group B,associate's degree,0,0,29,86,100,58,273,B,68.25,75.9,1.5
std-1699,male,group D,master's degree,1,1,29,68,79,83,259,B,64.75,68.3,6.9
std-1700,male,group E,bachelor's degree,1,0,73,80,63,63,279,B,69.75,84.9,4.9
std-1701,male,group B,some high school,0,0,48,60,63,79,250,B,62.5,74.6,6.4
std-1702,male,group E,master's degree,0,0,42,69,77,62,250,B,62.5,100.0,10.4
std-1703,male,group B,bachelor's degree,1,1,81,93,98,71,343,A,85.75,70.8,11.8
std-1704,male,group B,some college,1,0,83,70,53,69,275,B,68.75,82.7,9.9
std-1705,male,group B,some college,1,0,79,57,48,57,241,C,60.25,67.9,7.1
std-1706,male,group C,some college,1,0,80,79,73,60,292,B,73.0,77.8,9.5
std-1707,male,group B,some high school,0,0,38,71,92,71,272,B,68.0,81.9,10.8
std-1708,male,group D,associate's degree,1,1,34,96,66,48,244,C,61.0,57.4,6.2
std-1709,male,group E,some college,1,0,66,70,65,81,282,B,70.5,83.6,4.4
std-1710,male,group C,bachelor's degree,1,1,63,59,67,50,239,C,59.75,95.0,9.6
std-1711,male,group C,master's degree,1,1,38,90,76,53,257,B,64.25,75.3,8.3
std-1712,male,group C,some college,1,0,64,100,94,61,319,B,79.75,86.8,7.8
std-1713,male,group B,some college,1,1,35,90,53,39,217,C,54.25,85.3,6.7
std-1714,male,group C,some college,1,1,53,78,47,57,235,C,58.75,76.1,6.3
std-1715,male,group D,high school,1,1,60,17,78,74,229,C,57.25,71.8,11.7
std-1716,male,group C,high school,1,0,10,82,70,78,240,C,60.0,57.5,2.7
std-1717,male,group A,bachelor's degree,1,0,60,59,55,63,237,C,59.25,83.5,7.1
std-1718,male,group D,high school,0,1,11,100,50,67,228,C,57.0,75.9,8.9
std-1719,male,group C,high school,1,0,60,78,57,71,266,B,66.5,71.0,2.1
std-1720,male,group A,some high school,1,1,83,77,71,84,315,B,78.75,85.3,7.6
std-1721,male,group C,some high school,0,0,21,95,84,93,293,B,73.25,77.1,5.0
std-1722,male,group A,some college,1,1,37,76,77,100,290,B,72.5,77.3,10.5
std-1723,male,group C,associate's degree,1,1,86,78,49,88,301,B,75.25,88.5,8.4
std-1724,male,group D,some college,1,0,27,100,75,24,226,C,56.5,64.7,4.9
std-1725,male,group C,some high school,0,0,56,87,85,79,307,B,76.75,92.9,3.4
std-1726,male,group C,master's degree,1,0,14,99,100,52,265,B,66.25,67.4,11.8
std-1727,male,group A,high school,0,0,39,82,50,45,216,C,54.0,70.0,5.0
std-1728,male,group E,bachelor's degree,1,1,58,74,74,47,253,B,63.25,96.3,9.5
std-1729,male,group C,some college,0,0,0,71,91,62,224,C,56.0,86.8,3.7
std-1730,male,group C,some college,0,0,61,93,56,69,279,B,69.75,82.1,4.7
std-1731,male,group C,master's degree,0,1,76,87,79,75,317,B,79.25,75.9,14.5
std-1732,male,group D,master's degree,1,0,49,81,43,38,211,C,52.75,70.8,0.0
std-1733,male,group B,some college,0,1,74,41,66,84,265,B,66.25,80.7,9.2
std-1734,male,group C,high school,1,0,52,66,78,50,246,C,61.5,78.8,2.5
std-1735,male,group C,some college,1,0,29,68,55,94,246,C,61.5,77.6,4.5
std-1736,male,group D,some high school,1,0,63,87,60,82,292,B,73.0,82.0,5.0
std-1737,male,group E,associate's degree,0,0,85,66,53,100,304,B,76.0,81.3,4.5
std-1738,male,group E,bachelor's degree,0,0,58,76,52,87,273,B,68.25,67.7,6.3
std-1739,male,group A,some high school,1,1,60,60,82,46,248,C,62.0,74.0,1.7
std-1740,male,group B,associate's degree,0,0,27,67,57,56,207,C,51.75,83.5,3.8
std-1741,male,group B,some college,0,1,63,61,41,50,215,C,53.75,63.6,7.1
std-1742,male,group B,high school,0,0,18,17,75,35,145,Fail,36.25,68.4,0.0
std-1743,male,group C,bachelor's degree,1,1,66,48,50,38,202,C,50.5,67.4,10.8
std-1744,male,group E,some college,0,0,48,59,77,45,229,C,57.25,78.0,3.7
std-1745,male,group A,associate's degree,1,0,38,66,43,42,189,D,47.25,70.2,3.6
std-1746,male,group B,associate's degree,0,0,17,54,98,97,266,B,66.5,93.4,4.5
std-1747,male,group D,associate's degree,1,0,72,80,72,84,308,B,77.0,88.1,6.8
std-1748,male,group C,associate's degree,1,1,54,55,67,74,250,B,62.5,67.0,11.4
std-1749,male,group B,some college,0,0,94,74,58,57,283,B,70.75,87.5,12.6
std-1750,male,group B,bachelor's degree,1,1,30,65,84,63,242,C,60.5,71.1,9.8
std-1751,male,group E,some college,1,0,70,78,62,100,310,B,77.5,78.5,9.8
std-1752,male,group A,high school,0,1,23,45,69,52,189,D,47.25,76.6,11.0
std-1753,male,group D,bachelor's degree,0,0,25,50,48,79,202,C,50.5,70.4,5.1
std-1754,male,group B,associate's degree,0,1,67,42,49,44,202,C,50.5,82.8,10.9
std-1755,male,group B,high school,0,1,90,75,36,80,281,B,70.25,74.4,10.9
std-1756,male,group C,some college,1,1,63,72,54,92,281,B,70.25,75.8,9.2
std-1757,male,group A,high school,1,0,50,52,52,78,232,C,58.0,71.4,6.1
std-1758,male,group D,some high school,1,0,21,92,98,100,311,B,77.75,78.7,2.5
std-1759,male,group D,master's degree,1,1,38,84,84,91,297,B,74.25,92.6,10.0
std-1760,male,group C,some college,0,1,30,78,65,82,255,B,63.75,84.9,4.4
std-1761,male,group C,associate's degree,1,1,83,69,81,90,323,A,80.75,100.0,5.8
std-1762,male,group B,master's degree,0,0,51,75,52,83,261,B,65.25,100.0,6.4
std-1763,male,group C,bachelor's degree,1,1,57,76,80,55,268,B,67.0,71.0,5.8
std-1764,male,group E,high school,0,1,61,100,100,80,341,A,85.25,86.9,10.3
std-1765,male,group C,some college,0,0,84,23,45,88,240,C,60.0,67.4,5.8
std-1766,male,group D,some college,1,1,31,100,67,85,283,B,70.75,74.5,9.4
std-1767,male,group E,some high school,0,1,41,96,35,41,213,C,53.25,70.0,5.0
std-1768,male,group C,bachelor's degree,1,0,60,80,58,76,274,B,68.5,71.2,8.5
std-1769,male,group D,master's degree,1,0,13,82,84,42,221,C,55.25,66.9,4.7
std-1770,male,group D,high school,1,0,61,71,62,92,286,B,71.5,80.5,7.6
std-1771,male,group D,high school,0,0,64,100,49,74,287,B,71.75,70.9,3.5
std-1772,male,group D,some high school,1,0,64,94,66,50,274,B,68.5,88.3,5.8
std-1773,male,group B,master's degree,0,0,87,59,85,65,296,B,74.0,74.3,9.5
std-1774,male,group B,associate's degree,0,0,65,76,73,57,271,B,67.75,100.0,8.6
std-1775,male,group E,associate's degree,1,0,56,100,60,68,284,B,71.0,77.5,4.5
std-1776,male,group C,some college,0,1,37,71,73,34,215,C,53.75,76.5,6.0
std-1777,male,group C,high school,1,1,88,82,65,51,286,B,71.5,70.1,6.5
std-1778,male,group B,master's degree,1,1,72,45,71,41,229,C,57.25,92.4,6.0
std-1779,male,group C,some college,1,0,33,51,72,76,232,C,58.0,87.4,1.7
std-1780,male,group D,some college,0,1,14,57,58,88,217,C,54.25,78.7,7.0
std-1781,male,group E,some college,1,1,30,65,96,59,250,B,62.5,66.7,9.7
std-1782,male,group A,some college,0,0,69,100,92,83,344,A,86.0,88.5,5.9
std-1783,male,group C,some college,1,0,100,61,60,48,269,B,67.25,70.3,5.9
std-1784,male,group C,bachelor's degree,1,0,62,76,93,75,306,B,76.5,96.6,6.4
std-1785,male,group B,bachelor's degree,0,1,39,89,77,26,231,C,57.75,84.5,10.3
std-1786,male,group D,some high school,0,0,37,89,69,41,236,C,59.0,78.5,3.8
std-1787,male,group B,high school,0,0,58,100,57,66,281,B,70.25,59.4,4.9
std-1788,male,group C,high school,1,0,39,64,74,72,249,C,62.25,69.8,3.5
std-1789,male,group A,high school,0,1,80,50,58,59,247,C,61.75,84.7,5.2
std-1790,male,group D,some college,0,0,70,59,45,89,263,B,65.75,90.8,7.3
std-1791,male,group C,bachelor's degree,0,0,44,71,43,56,214,C,53.5,85.8,4.5
std-1792,male,group E,some high school,0,0,20,53,59,70,202,C,50.5,60.5,4.7
std-1793,male,group D,some college,1,0,41,80,42,73,236,C,59.0,80.3,8.5
std-1794,male,group D,bachelor's degree,1,0,22,82,95,52,251,B,62.75,88.0,9.0
std-1795,male,group B,some high school,1,0,66,100,72,84,322,A,80.5,69.8,3.2
std-1796,male,group B,bachelor's degree,1,1,28,63,53,100,244,C,61.0,78.2,9.6
std-1797,male,group C,master's degree,1,0,90,76,83,49,298,B,74.5,85.2,7.3
std-1798,male,group B,some college,1,0,81,82,73,47,283,B,70.75,78.8,5.3
std-1799,male,group C,some high school,0,1,33,96,84,68,281,B,70.25,64.7,9.7
std-1800,male,group C,some college,1,1,23,63,88,62,236,C,59.0,74.7,3.5
std-1801,male,group D,master's degree,1,1,56,47,88,51,242,C,60.5,75.2,11.6
std-1802,male,group A,associate's degree,1,1,17,60,71,56,204,C,51.0,73.6,8.4
std-1803,male,group C,some college,0,0,38,100,98,77,313,B,78.25,78.9,5.0
std-1804,male,group E,high school,1,0,58,65,62,47,232,C,58.0,73.3,3.8
std-1805,male,group C,high school,0,1,37,81,49,89,256,B,64.0,78.9,4.0
std-1806,male,group C,associate's degree,1,1,94,35,64,61,254,B,63.5,83.1,7.5
std-1807,male,group C,high school,0,0,45,53,65,30,193,D,48.25,71.3,3.1
std-1808,male,group D,some college,1,0,26,65,71,44,206,C,51.5,71.5,1.3
std-1809,male,group B,bachelor's degree,0,1,38,46,62,70,216,C,54.0,76.8,9.3
std-1810,male,group B,some high school,1,0,30,88,25,72,215,C,53.75,58.6,8.0
std-1811,male,group E,bachelor's degree,0,0,44,100,56,97,297,B,74.25,87.0,6.7
std-1812,male,group B,bachelor's degree,0,0,18,70,51,73,212,C,53.0,75.6,4.0
std-1813,male,group E,associate's degree,1,0,28,69,64,51,212,C,53.0,76.0,5.8
std-1814,male,group B,high school,1,1,42,74,71,49,236,C,59.0,86.3,7.8
std-1815,male,group A,high school,1,1,57,64,97,62,280,B,70.0,63.7,6.2
std-1816,male,group D,some college,1,0,79,94,74,60,307,B,76.75,65.7,5.4
std-1817,male,group B,master's degree,1,1,66,68,30,37,201,C,50.25,77.2,6.3
std-1818,male,group D,high school,0,0,78,89,40,76,283,B,70.75,81.4,7.1
std-1819,male,group D,some college,0,0,25,100,27,100,252,B,63.0,80.5,5.7
std-1820,male,group B,associate's degree,0,0,22,85,88,78,273,B,68.25,76.5,6.7
std-1821,male,group B,some college,1,0,45,94,100,91,330,A,82.5,91.4,3.7
std-1822,male,group B,bachelor's degree,0,0,55,45,88,92,280,B,70.0,89.7,8.0
std-1823,male,group C,high school,1,1,96,100,75,56,327,A,81.75,89.5,10.0
std-1824,male,group D,some college,0,1,42,76,65,86,269,B,67.25,78.0,15.0
std-1825,male,group D,high school,0,1,39,100,10,74,223,C,55.75,57.6,6.5
std-1826,male,group C,some high school,1,1,52,74,72,35,233,C,58.25,84.3,8.6
std-1827,male,group B,master's degree,1,1,70,74,76,80,300,B,75.0,93.9,16.4
std-1828,male,group C,high school,0,0,30,97,63,27,217,C,54.25,81.8,5.4
std-1829,male,group C,high school,1,0,74,77,97,53,301,B,75.25,75.1,6.7
std-1830,male,group B,associate's degree,0,1,31,96,88,64,279,B,69.75,87.2,6.4
std-1831,male,group D,some college,0,1,99,72,61,87,319,B,79.75,92.2,13.6
std-1832,male,group B,some high school,1,0,61,87,29,84,261,B,65.25,93.7,3.0
std-1833,male,group D,bachelor's degree,0,1,89,88,36,75,288,B,72.0,74.0,10.1
std-1834,male,group E,some high school,0,0,40,98,49,56,243,C,60.75,76.2,4.3
std-1835,male,group A,some college,1,0,62,79,52,72,265,B,66.25,86.7,5.5
std-1836,male,group D,bachelor's degree,1,1,78,93,73,77,321,A,80.25,85.2,6.3
std-1837,male,group A,high school,1,0,41,88,66,76,271,B,67.75,70.5,9.5
std-1838,male,group D,some college,0,1,83,89,91,71,334,A,83.5,89.5,9.4
std-1839,male,group B,associate's degree,0,0,77,51,38,44,210,C,52.5,80.7,1.7
std-1840,male,group C,bachelor's degree,1,1,21,69,61,34,185,D,46.25,74.2,9.7
std-1841,male,group C,high school,0,0,31,68,37,100,236,C,59.0,79.6,4.1
std-1842,male,group D,some college,1,1,74,86,56,39,255,B,63.75,76.9,9.1
std-1843,male,group E,associate's degree,1,0,18,83,32,60,193,D,48.25,87.4,6.4
std-1844,male,group C,master's degree,1,1,74,88,58,56,276,B,69.0,72.8,10.0
std-1845,male,group D,master's degree,0,1,73,75,34,66,248,C,62.0,73.3,2.6
std-1846,male,group A,associate's degree,1,0,22,82,59,97,260,B,65.0,79.7,7.6
std-1847,male,group E,some college,0,1,69,78,57,90,294,B,73.5,90.3,8.9
std-1848,male,group C,some college,1,1,12,74,94,60,240,C,60.0,64.5,7.1
std-1849,male,group C,bachelor's degree,0,0,50,100,37,90,277,B,69.25,69.2,6.0
std-1850,male,group C,some high school,0,1,62,69,60,60,251,B,62.75,60.5,4.1
std-1851,male,group B,bachelor's degree,1,0,41,47,72,62,222,C,55.5,76.8,5.5
std-1852,male,group D,some college,1,1,82,58,87,91,318,B,79.5,74.3,6.3
std-1853,male,group C,high school,1,0,23,100,99,37,259,B,64.75,76.1,5.1
std-1854,male,group B,some high school,1,0,44,57,60,29,190,D,47.5,79.8,4.6
std-1855,male,group E,some college,0,1,55,46,34,46,181,D,45.25,67.3,9.2
std-1856,male,group B,associate's degree,0,0,34,88,83,75,280,B,70.0,83.3,4.3
std-1857,male,group C,some high school,1,0,44,77,60,94,275,B,68.75,78.2,9.9
std-1858,male,group D,high school,1,0,53,76,74,82,285,B,71.25,87.7,8.8
std-1859,male,group D,bachelor's degree,1,0,16,76,97,9,198,D,49.5,78.8,3.3
std-1860,male,group C,some college,1,0,29,73,64,37,203,C,50.75,68.7,1.8
std-1861,male,group C,master's degree,1,1,65,94,83,35,277,B,69.25,79.5,5.2
std-1862,male,group B,some college,1,0,57,58,89,52,256,B,64.0,88.7,6.5
std-1863,male,group A,high school,0,0,39,67,61,83,250,B,62.5,82.3,3.8
std-1864,male,group C,some college,1,0,90,77,70,76,313,B,78.25,71.4,10.1
std-1865,male,group B,bachelor's degree,0,0,35,77,46,96,254,B,63.5,85.0,4.0
std-1866,male,group C,associate's degree,0,0,40,79,58,12,189,D,47.25,64.0,2.0
std-1867,male,group D,associate's degree,0,0,73,34,60,20,187,D,46.75,86.3,4.7
std-1868,male,group B,master's degree,1,1,92,43,60,65,260,B,65.0,88.8,6.7
std-1869,male,group C,high school,1,0,75,79,91,50,295,B,73.75,85.1,6.7
std-1870,male,group E,some college,0,0,63,44,39,46,192,D,48.0,75.4,6.7
std-1871,male,group D,some college,1,0,77,62,95,46,280,B,70.0,79.4,6.7
std-1872,male,group D,some college,1,1,55,81,54,38,228,C,57.0,83.1,7.9
std-1873,male,group B,master's degree,0,0,80,81,87,88,336,A,84.0,82.6,8.2
std-1874,male,group C,bachelor's degree,0,0,48,76,71,68,263,B,65.75,82.0,1.7
std-1875,male,group E,master's degree,0,0,28,100,94,45,267,B,66.75,88.0,7.0
std-1876,male,group D,high school,0,1,27,33,70,74,204,C,51.0,69.9,7.5
std-1877,male,group B,master's degree,1,0,25,58,64,31,178,D,44.5,67.3,6.2
std-1878,male,group C,bachelor's degree,0,0,40,84,42,74,240,C,60.0,67.2,6.9
std-1879,male,group C,bachelor's degree,0,0,30,96,64,83,273,B,68.25,71.1,5.7
std-1880,male,group C,bachelor's degree,1,0,81,57,71,100,309,B,77.25,67.2,9.6
std-1881,male,group D,master's degree,1,0,58,55,53,49,215,C,53.75,82.5,4.1
std-1882,male,group B,high school,0,0,17,92,92,52,253,B,63.25,95.3,6.3
std-1883,male,group C,associate's degree,1,0,11,43,54,32,140,Fail,35.0,82.5,2.3
std-1884,male,group E,bachelor's degree,1,1,37,70,59,42,208,C,52.0,60.7,8.3
std-1885,male,group C,bachelor's degree,1,0,79,97,94,82,352,A,88.0,93.7,7.1
std-1886,male,group A,master's degree,1,0,31,85,70,60,246,C,61.5,91.2,9.7
std-1887,male,group C,high school,1,0,64,71,51,100,286,B,71.5,77.6,11.5
std-1888,male,group D,associate's degree,0,1,39,81,65,35,220,C,55.0,77.2,9.6
std-1889,male,group C,some high school,1,1,40,100,61,57,258,B,64.5,61.4,12.2
std-1890,male,group E,high school,0,0,28,78,93,85,284,B,71.0,84.0,2.6
std-1891,male,group D,some college,0,0,42,61,65,91,259,B,64.75,70.0,2.3
std-1892,male,group E,bachelor's degree,0,1,62,64,52,43,221,C,55.25,78.2,6.7
std-1893,male,group B,some college,1,0,32,66,81,76,255,B,63.75,65.1,5.9
std-1894,male,group E,some college,0,1,54,71,60,23,208,C,52.0,80.2,6.7
std-1895,male,group E,high school,1,0,27,67,65,87,246,C,61.5,87.7,1.5
std-1896,male,group D,bachelor's degree,1,0,32,80,48,26,186,D,46.5,66.4,7.0
std-1897,male,group D,associate's degree,1,0,10,79,80,44,213,C,53.25,65.5,10.2
std-1898,male,group D,some college,1,1,74,98,25,68,265,B,66.25,60.6,11.7
std-1899,male,group E,associate's degree,0,0,23,89,73,57,242,C,60.5,75.7,8.2
std-1900,male,group E,master's degree,0,0,53,67,41,76,237,C,59.25,72.5,5.9
std-1901,male,group E,some high school,1,1,57,63,36,50,206,C,51.5,61.2,5.0
std-1902,male,group B,bachelor's degree,0,0,66,44,50,79,239,C,59.75,81.9,5.6
std-1903,male,group B,bachelor's degree,0,1,90,79,54,100,323,A,80.75,80.8,15.1
std-1904,male,group B,associate's degree,1,1,18,74,85,18,195,D,48.75,64.5,6.0
std-1905,male,group E,some college,1,0,52,80,56,61,249,C,62.25,73.7,4.5
std-1906,male,group C,associate's degree,0,0,55,100,79,57,291,B,72.75,91.8,9.4
std-1907,male,group C,bachelor's degree,0,0,8,62,73,56,199,D,49.75,80.0,7.4
std-1908,male,group C,master's degree,1,1,33,92,64,66,255,B,63.75,78.0,6.1
std-1909,male,group D,some high school,0,1,54,75,71,85,285,B,71.25,87.2,8.3
std-1910,male,group D,high school,0,0,45,66,58,70,239,C,59.75,67.4,4.1
std-1911,male,group D,bachelor's degree,0,0,86,43,88,64,281,B,70.25,81.6,6.6
std-1912,male,group C,associate's degree,0,0,13,62,33,31,139,Fail,34.75,70.9,5.8
std-1913,male,group C,some college,1,0,41,75,54,99,269,B,67.25,76.1,4.1
std-1914,male,group A,some high school,1,1,35,76,62,21,194,D,48.5,78.1,9.6
std-1915,male,group C,some college,1,0,48,91,37,70,246,C,61.5,71.4,5.8
std-1916,male,group A,bachelor's degree,1,1,83,34,75,51,243,C,60.75,82.8,13.8
std-1917,male,group A,associate's degree,1,0,71,73,79,48,271,B,67.75,85.5,6.9
std-1918,male,group C,associate's degree,1,1,51,25,55,63,194,D,48.5,47.9,6.6
std-1919,male,group C,master's degree,1,1,48,73,41,77,239,C,59.75,88.6,9.3
std-1920,male,group C,associate's degree,0,0,28,72,63,54,217,C,54.25,48.6,4.0
std-1921,male,group C,bachelor's degree,0,0,27,81,55,60,223,C,55.75,71.0,0.5
std-1922,male,group B,some college,1,1,65,58,81,47,251,B,62.75,88.1,7.6
std-1923,male,group C,high school,0,0,81,100,78,83,342,A,85.5,83.5,7.2
std-1924,male,group D,high school,0,0,84,87,52,79,302,B,75.5,69.9,2.9
std-1925,male,group D,some college,0,0,23,90,94,70,277,B,69.25,71.2,6.1
std-1926,male,group D,associate's degree,1,0,36,87,54,52,229,C,57.25,86.3,0.0
std-1927,male,group C,bachelor's degree,1,1,68,61,72,78,279,B,69.75,63.9,8.0
std-1928,male,group D,some high school,0,0,23,98,57,42,220,C,55.0,86.5,5.6
std-1929,male,group C,high school,1,0,52,79,86,67,284,B,71.0,81.1,6.7
std-1930,male,group C,high school,1,1,37,77,63,64,241,C,60.25,67.3,6.9
std-1931,male,group D,associate's degree,1,0,32,45,53,39,169,D,42.25,66.8,3.5
std-1932,male,group E,associate's degree,1,1,37,50,89,68,244,C,61.0,69.1,6.0
std-1933,male,group B,associate's degree,0,0,47,45,61,34,187,D,46.75,81.4,4.2
std-1934,male,group D,associate's degree,0,0,69,65,55,46,235,C,58.75,84.1,5.4
std-1935,male,group D,some high school,0,0,56,100,51,42,249,C,62.25,63.2,3.4
std-1936,male,group B,some college,0,0,27,91,80,63,261,B,65.25,76.1,6.6
std-1937,male,group C,high school,0,1,38,70,76,63,247,C,61.75,70.8,8.7
std-1938,male,group A,bachelor's degree,1,1,72,78,91,67,308,B,77.0,95.2,9.1
std-1939,male,group E,some high school,1,0,49,100,43,66,258,B,64.5,67.3,11.9
std-1940,male,group D,associate's degree,1,1,37,76,68,14,195,D,48.75,88.7,6.5
std-1941,male,group B,high school,0,0,77,82,75,65,299,B,74.75,82.5,6.1
std-1942,male,group C,some college,1,0,63,41,97,63,264,B,66.0,69.5,4.9
std-1943,male,group B,some high school,0,0,82,60,70,55,267,B,66.75,74.1,3.6
std-1944,male,group D,some college,1,0,43,53,27,72,195,D,48.75,67.0,6.1
std-1945,male,group B,some college,1,0,58,66,100,35,259,B,64.75,68.1,4.1
std-1946,male,group D,bachelor's degree,1,0,22,41,34,61,158,D,39.5,72.0,2.1
std-1947,male,group C,high school,0,0,79,45,82,76,282,B,70.5,70.4,5.1
std-1948,male,group C,some college,0,1,50,51,71,36,208,C,52.0,55.7,4.7
std-1949,male,group C,associate's degree,0,0,23,35,76,68,202,C,50.5,71.4,0.1
std-1950,male,group A,some college,0,1,91,87,74,58,310,B,77.5,67.5,8.4
std-1951,male,group B,some high school,1,1,100,94,66,60,320,A,80.0,77.8,12.0
std-1952,male,group B,high school,0,0,47,66,100,47,260,B,65.0,71.4,6.4
std-1953,male,group E,some high school,1,0,69,96,100,73,338,A,84.5,78.2,11.6
std-1954,male,group C,some college,1,0,90,68,94,10,262,B,65.5,97.8,7.8
std-1955,male,group A,some college,1,0,47,49,80,50,226,C,56.5,77.3,6.4
std-1956,male,group C,bachelor's degree,1,0,74,76,89,71,310,B,77.5,85.9,11.8
std-1957,male,group D,some high school,0,0,37,71,57,57,222,C,55.5,60.5,4.7
std-1958,male,group C,associate's degree,0,1,61,85,80,48,274,B,68.5,74.9,8.9
std-1959,male,group D,bachelor's degree,1,1,86,55,78,88,307,B,76.75,85.4,9.5
std-1960,male,group C,associate's degree,1,0,87,77,46,92,302,B,75.5,73.9,10.7
std-1961,male,group D,bachelor's degree,1,1,100,100,51,81,332,A,83.0,93.7,10.1
std-1962,male,group B,some college,0,0,60,63,51,48,222,C,55.5,65.6,3.4
std-1963,male,group B,some high school,0,1,77,99,36,69,281,B,70.25,78.8,10.4
std-1964,male,group E,some college,0,0,60,77,12,11,160,D,40.0,66.1,1.5
std-1965,male,group B,some high school,1,0,55,78,71,93,297,B,74.25,84.1,8.1
std-1966,male,group C,bachelor's degree,1,0,64,86,52,56,258,B,64.5,73.7,6.9
std-1967,male,group C,master's degree,1,0,15,77,43,37,172,D,43.0,69.9,3.3
std-1968,male,group B,high school,1,0,34,45,77,58,214,C,53.5,73.7,6.2
std-1969,male,group C,some college,1,1,40,83,65,69,257,B,64.25,72.7,4.6
std-1970,male,group D,master's degree,1,0,30,23,72,56,181,D,45.25,77.4,4.4
std-1971,male,group C,high school,1,1,34,62,33,52,181,D,45.25,75.2,5.4
std-1972,male,group C,bachelor's degree,1,0,30,67,79,69,245,C,61.25,77.6,12.7
std-1973,male,group D,bachelor's degree,0,0,24,70,67,96,257,B,64.25,75.5,6.2
std-1974,male,group B,master's degree,1,0,44,50,53,57,204,C,51.0,82.1,3.1
std-1975,male,group D,some college,1,0,62,70,83,88,303,B,75.75,81.0,3.5
std-1976,male,group B,associate's degree,1,0,81,77,71,74,303,B,75.75,80.4,10.2
std-1977,male,group B,master's degree,1,0,16,71,61,45,193,D,48.25,75.0,3.4
std-1978,male,group C,some high school,1,0,80,100,89,73,342,A,85.5,100.0,5.8
std-1979,male,group A,some high school,0,1,70,100,49,32,251,B,62.75,66.8,9.0
std-1980,male,group C,associate's degree,1,0,45,57,49,100,251,B,62.75,85.8,7.3
std-1981,male,group E,some college,0,0,30,93,49,88,260,B,65.0,62.6,7.5
std-1982,male,group B,associate's degree,1,0,38,44,90,28,200,C,50.0,76.6,4.5
std-1983,male,group C,some college,0,0,12,98,72,65,247,C,61.75,92.7,6.0
std-1984,male,group C,associate's degree,0,0,35,74,46,100,255,B,63.75,83.6,6.3
std-1985,male,group C,some college,0,1,58,53,100,36,247,C,61.75,80.1,8.9
std-1986,male,group D,some high school,0,1,10,90,79,29,208,C,52.0,70.3,8.2
std-1987,male,group D,some college,1,0,97,78,60,72,307,B,76.75,83.8,9.7
std-1988,male,group B,associate's degree,0,0,50,86,64,58,258,B,64.5,77.2,6.0
std-1989,male,group D,high school,0,0,39,75,62,36,212,C,53.0,68.6,2.7
std-1990,male,group A,associate's degree,0,1,58,93,67,48,266,B,66.5,77.5,8.2
std-1991,male,group D,some high school,1,0,15,100,100,73,288,B,72.0,83.7,8.4
std-1992,male,group D,master's degree,1,1,51,62,27,76,216,C,54.0,69.1,2.9
std-1993,male,group B,some high school,1,0,98,90,90,80,358,A,89.5,80.5,3.8
std-1994,male,group E,some college,0,1,38,80,70,74,262,B,65.5,67.5,10.7
std-1995,male,group A,high school,0,1,83,72,74,87,316,B,79.0,87.8,13.5
std-1996,male,group C,high school,1,0,24,90,100,70,284,B,71.0,86.5,3.3
std-1997,male,group C,associate's degree,1,0,29,44,38,77,188,D,47.0,75.7,4.4
std-1998,male,group D,high school,0,0,45,41,51,46,183,D,45.75,81.9,3.1
std-1999,male,group C,high school,1,1,74,87,46,44,251,B,62.75,79.7,7.5
std-2000,male,group C,master's degree,1,0,42,100,52,82,276,B,69.0,84.5,7.0
std-2001,male,group D,some college,0,1,71,59,47,40,217,C,54.25,78.8,4.1
std-2002,male,group D,some college,1,0,56,83,79,80,298,B,74.5,81.9,4.0
std-2003,male,group D,associate's degree,0,1,48,51,80,69,248,C,62.0,73.8,7.4
std-2004,male,group B,some college,1,0,14,71,53,47,185,D,46.25,93.3,3.8
std-2005,male,group C,bachelor's degree,1,1,20,40,62,35,157,D,39.25,67.0,3.1
std-2006,male,group E,high school,1,1,50,100,48,39,237,C,59.25,71.7,9.8
std-2007,male,group B,associate's degree,1,0,65,73,79,79,296,B,74.0,86.5,5.7
std-2008,male,group C,bachelor's degree,0,0,48,100,75,67,290,B,72.5,84.4,5.5
std-2009,male,group B,bachelor's degree,0,0,40,47,67,63,217,C,54.25,63.4,5.6
std-2010,male,group D,high school,1,0,42,74,60,43,219,C,54.75,86.3,4.6
std-2011,male,group C,high school,1,0,38,38,50,29,155,D,38.75,70.1,5.5
std-2012,male,group C,associate's degree,0,0,36,57,75,55,223,C,55.75,66.5,2.7
std-2013,male,group C,some college,0,1,49,96,58,75,278,B,69.5,91.8,5.3
std-2014,male,group E,some college,0,0,20,53,59,73,205,C,51.25,80.7,3.8
std-2015,male,group C,some college,1,1,94,88,57,63,302,B,75.5,71.7,9.5
std-2016,male,group A,high school,0,0,47,51,89,56,243,C,60.75,94.2,2.4
std-2017,male,group C,high school,1,1,98,100,57,94,349,A,87.25,92.9,7.0
std-2018,male,group D,associate's degree,1,1,0,53,74,82,209,C,52.25,75.3,7.6
std-2019,male,group D,some high school,1,0,99,80,74,91,344,A,86.0,100.0,6.0
std-2020,male,group C,some high school,0,0,73,100,79,63,315,B,78.75,85.6,3.6
std-2021,male,group C,some college,1,0,45,47,64,100,256,B,64.0,79.0,8.2
std-2022,male,group E,some college,1,0,26,41,53,9,129,Fail,32.25,62.8,1.2
std-2023,male,group B,high school,0,0,81,70,48,81,280,B,70.0,86.5,9.2
std-2024,male,group C,high school,1,0,36,86,86,42,250,B,62.5,83.1,5.7
std-2025,male,group D,bachelor's degree,1,0,23,89,48,82,242,C,60.5,78.2,6.2
std-2026,male,group D,bachelor's degree,0,1,46,85,51,86,268,B,67.0,73.2,8.0
std-2027,male,group D,some high school,1,1,49,98,80,76,303,B,75.75,84.3,2.8
std-2028,male,group D,bachelor's degree,0,1,46,83,55,36,220,C,55.0,75.7,4.6
std-2029,male,group C,some high school,1,0,41,78,99,43,261,B,65.25,67.7,5.6
std-2030,male,group A,high school,0,0,80,91,85,84,340,A,85.0,73.0,8.7
std-2031,male,group C,associate's degree,0,0,54,50,32,70,206,C,51.5,80.2,0.1
std-2032,male,group B,some high school,1,1,58,73,46,86,263,B,65.75,56.4,8.3
std-2033,male,group A,some high school,1,0,66,94,62,60,282,B,70.5,83.3,3.6
std-2034,male,group A,some high school,0,0,53,65,73,57,248,C,62.0,74.3,6.2
std-2035,male,group C,high school,1,1,49,70,78,69,266,B,66.5,91.9,8.5
std-2036,male,group D,bachelor's degree,0,0,32,56,38,36,162,D,40.5,67.1,5.4
std-2037,male,group D,high school,0,0,18,62,38,78,196,D,49.0,80.2,7.0
std-2038,male,group E,associate's degree,0,1,56,61,63,46,226,C,56.5,73.2,8.7
std-2039,male,group C,some high school,1,0,17,77,54,60,208,C,52.0,76.3,6.8
std-2040,male,group C,some high school,0,1,39,75,58,75,247,C,61.75,85.2,7.2
std-2041,male,group C,some high school,1,1,43,100,93,79,315,B,78.75,80.0,16.7
std-2042,male,group E,some college,1,1,83,84,73,80,320,A,80.0,93.5,6.8
std-2043,male,group D,bachelor's degree,0,0,25,100,100,68,293,B,73.25,73.4,5.3
std-2044,male,group C,high school,1,0,39,74,100,85,298,B,74.5,85.4,9.0
std-2045,male,group E,associate's degree,1,1,42,58,81,37,218,C,54.5,84.4,9.3
std-2046,male,group E,associate's degree,1,0,68,66,70,35,239,C,59.75,83.8,6.6
std-2047,male,group B,high school,0,1,61,77,55,66,259,B,64.75,96.8,10.1
std-2048,male,group C,some college,1,1,15,74,45,64,198,D,49.5,67.6,1.7
std-2049,male,group C,some college,0,1,15,73,48,38,174,D,43.5,60.1,10.3
std-2050,male,group C,bachelor's degree,0,1,85,69,61,46,261,B,65.25,70.7,7.9
std-2051,male,group C,some college,1,1,86,52,64,58,260,B,65.0,85.5,11.5
std-2052,male,group B,some high school,0,0,66,75,100,88,329,A,82.25,89.8,2.4
std-2053,male,group D,bachelor's degree,0,1,62,69,100,76,307,B,76.75,84.4,10.1
std-2054,male,group D,associate's degree,1,1,40,74,32,58,204,C,51.0,64.9,5.7
std-2055,male,group D,bachelor's degree,0,1,30,64,55,55,204,C,51.0,81.9,8.5
std-2056,male,group B,some college,1,1,13,79,45,97,234,C,58.5,66.4,8.6
std-2057,male,group B,some college,0,0,32,48,25,30,135,Fail,33.75,79.7,3.8
std-2058,male,group C,associate's degree,0,1,33,51,61,68,213,C,53.25,100.0,4.6
std-2059,male,group E,some college,1,0,10,67,55,70,202,C,50.5,78.1,4.4
std-2060,male,group C,some college,1,1,41,67,67,51,226,C,56.5,82.0,7.1
std-2061,male,group B,some high school,1,0,42,83,53,61,239,C,59.75,73.4,6.6
std-2062,male,group C,high school,1,1,82,40,55,66,243,C,60.75,61.9,10.5
std-2063,male,group B,associate's degree,0,0,31,80,87,68,266,B,66.5,74.7,6.4
std-2064,male,group A,associate's degree,1,0,28,74,50,72,224,C,56.0,66.8,1.8
std-2065,male,group E,bachelor's degree,1,1,70,100,70,55,295,B,73.75,69.5,9.5
std-2066,male,group E,bachelor's degree,1,1,65,63,65,56,249,C,62.25,94.2,14.7
std-2067,male,group B,associate's degree,0,0,61,52,84,84,281,B,70.25,83.8,10.5
std-2068,male,group D,some college,0,0,47,44,47,65,203,C,50.75,78.3,0.0
std-2069,male,group B,bachelor's degree,1,0,25,84,62,100,271,B,67.75,77.7,6.3
std-2070,male,group C,high school,0,0,34,98,10,72,214,C,53.5,74.2,7.1
std-2071,male,group D,some college,1,0,74,87,93,69,323,A,80.75,93.5,6.9
std-2072,male,group C,some college,0,1,65,100,87,87,339,A,84.75,85.8,9.1
std-2073,male,group C,high school,1,0,42,82,89,54,267,B,66.75,85.0,5.4
std-2074,male,group D,some college,1,0,36,58,71,34,199,D,49.75,72.8,5.8
std-2075,male,group B,high school,1,0,35,56,76,75,242,C,60.5,75.0,2.6
std-2076,male,group C,some high school,0,0,94,18,39,100,251,B,62.75,66.2,8.6
std-2077,male,group D,high school,1,1,33,39,69,100,241,C,60.25,60.2,7.8
std-2078,male,group C,associate's degree,0,0,36,97,62,37,232,C,58.0,74.9,2.9
std-2079,male,group A,some high school,0,0,19,73,56,39,187,D,46.75,74.1,7.0
std-2080,male,group E,some high school,1,1,24,51,59,41,175,D,43.75,61.0,2.5
std-2081,male,group E,some high school,1,0,28,34,69,59,190,D,47.5,73.5,2.8
std-2082,male,group D,some college,1,0,52,91,64,58,265,B,66.25,80.5,4.6
std-2083,male,group A,some high school,1,0,11,44,73,9,137,Fail,34.25,50.0,8.3
std-2084,male,group D,some college,1,1,16,53,51,44,164,D,41.0,63.4,4.4
std-2085,male,group E,master's degree,1,0,76,47,53,99,275,B,68.75,84.5,0.9
std-2086,male,group A,high school,1,0,51,61,54,56,222,C,55.5,79.9,3.5
std-2087,male,group B,bachelor's degree,0,0,19,62,34,67,182,D,45.5,62.8,5.2
std-2088,male,group C,high school,0,1,38,37,78,54,207,C,51.75,76.6,9.1
std-2089,male,group C,high school,1,0,100,100,71,87,358,A,89.5,96.9,13.9
std-2090,male,group B,associate's degree,0,1,28,100,54,76,258,B,64.5,86.4,11.9
std-2091,male,group E,high school,0,0,47,57,89,69,262,B,65.5,78.9,6.4
std-2092,male,group E,bachelor's degree,1,0,14,29,56,36,135,Fail,33.75,65.1,0.7
std-2093,male,group C,some high school,0,0,44,72,63,61,240,C,60.0,72.3,9.5
std-2094,male,group C,master's degree,1,1,69,64,46,47,226,C,56.5,81.0,6.7
std-2095,male,group B,high school,1,0,72,70,70,55,267,B,66.75,81.9,4.4
std-2096,male,group B,bachelor's degree,1,0,24,47,54,50,175,D,43.75,78.2,2.8
std-2097,male,group D,high school,0,1,73,56,77,100,306,B,76.5,84.6,6.3
std-2098,male,group C,high school,1,0,50,81,87,52,270,B,67.5,87.8,5.0
std-2099,male,group A,high school,0,0,17,68,69,66,220,C,55.0,77.1,4.4
std-2100,male,group C,associate's degree,1,0,23,61,71,85,240,C,60.0,85.0,7.2
std-2101,male,group D,some college,0,0,78,95,63,77,313,B,78.25,91.8,6.2
std-2102,male,group A,high school,1,1,80,40,64,68,252,B,63.0,71.7,5.0
std-2103,male,group E,master's degree,1,0,39,72,100,59,270,B,67.5,64.2,2.1
std-2104,male,group B,some college,1,1,36,55,38,95,224,C,56.0,90.5,8.1
std-2105,male,group C,high school,0,0,48,56,49,76,229,C,57.25,79.4,5.3
std-2106,female,group A,some high school,1,1,10,77,53,29,169,D,42.25,56.6,4.9
std-2107,male,group B,high school,0,0,37,52,60,74,223,C,55.75,70.1,3.8
std-2108,male,group C,some college,1,1,67,52,82,73,274,B,68.5,87.7,9.7
std-2109,male,group C,bachelor's degree,1,0,41,78,84,68,271,B,67.75,78.0,9.6
std-2110,male,group C,high school,1,1,49,68,72,17,206,C,51.5,70.5,5.2
std-2111,male,group E,bachelor's degree,1,1,0,94,52,46,192,D,48.0,86.6,7.0
std-2112,male,group C,some high school,1,0,54,67,66,60,247,C,61.75,69.1,8.0
std-2113,male,group D,some college,1,0,27,87,79,9,202,C,50.5,67.6,2.6
std-2114,male,group C,some college,1,1,33,81,72,82,268,B,67.0,82.2,8.5
std-2115,male,group D,associate's degree,1,0,59,45,59,94,257,B,64.25,82.9,5.7
std-2116,male,group B,bachelor's degree,0,0,67,98,79,94,338,A,84.5,90.5,4.5
std-2117,male,group B,associate's degree,1,0,96,43,64,44,247,C,61.75,86.7,6.0
std-2118,male,group B,bachelor's degree,1,1,66,54,82,87,289,B,72.25,83.8,9.2
std-2119,male,group D,some college,0,0,62,86,63,42,253,B,63.25,83.4,7.1
std-2120,male,group D,high school,0,1,84,69,69,10,232,C,58.0,75.0,4.8
std-2121,male,group E,some high school,1,0,86,68,77,58,289,B,72.25,82.6,6.6
std-2122,male,group D,some college,1,0,61,88,69,83,301,B,75.25,84.0,10.3
std-2123,male,group C,some high school,1,0,41,86,40,74,241,C,60.25,80.0,10.6
std-2124,male,group E,some college,1,0,55,100,43,49,247,C,61.75,85.5,8.8
std-2125,male,group A,some high school,1,1,10,86,82,67,245,C,61.25,83.4,5.1
std-2126,male,group A,high school,0,1,51,43,55,72,221,C,55.25,76.8,8.6
std-2127,male,group D,high school,1,1,39,42,66,76,223,C,55.75,69.3,6.3
std-2128,male,group B,high school,1,1,45,73,82,64,264,B,66.0,80.5,9.2
std-2129,male,group D,associate's degree,1,1,68,58,67,87,280,B,70.0,81.0,6.9
std-2130,male,group D,associate's degree,1,1,47,77,89,78,291,B,72.75,83.9,4.8
std-2131,male,group E,some high school,0,1,46,66,68,42,222,C,55.5,96.3,6.6
std-2132,male,group B,high school,0,0,50,43,86,100,279,B,69.75,76.5,8.1
std-2133,male,group B,some college,0,0,52,70,77,100,299,B,74.75,86.6,7.5
std-2134,male,group C,some college,0,0,83,56,63,91,293,B,73.25,92.0,7.7
std-2135,male,group D,some high school,0,1,64,96,88,100,348,A,87.0,87.8,11.0
std-2136,male,group C,some high school,1,1,99,78,100,69,346,A,86.5,100.0,11.4
std-2137,male,group D,associate's degree,1,1,33,81,100,61,275,B,68.75,77.4,10.1
std-2138,male,group C,some college,1,1,28,75,84,61,248,C,62.0,81.5,7.4
std-2139,male,group C,master's degree,1,0,74,57,56,41,228,C,57.0,69.8,5.3
std-2140,male,group C,some high school,1,0,79,78,84,83,324,A,81.0,81.7,11.8
std-2141,male,group D,high school,0,0,86,81,57,61,285,B,71.25,83.9,6.8
std-2142,male,group E,associate's degree,1,1,36,53,77,57,223,C,55.75,84.2,7.6
std-2143,male,group C,some high school,0,1,24,61,50,64,199,D,49.75,77.4,7.2
std-2144,male,group B,some college,1,1,84,100,80,67,331,A,82.75,96.8,9.5
std-2145,male,group A,some college,1,0,56,39,33,72,200,C,50.0,73.8,3.4
std-2146,male,group D,some college,1,0,62,100,52,52,266,B,66.5,77.1,6.6
std-2147,male,group D,master's degree,0,0,84,69,76,59,288,B,72.0,100.0,5.3
std-2148,male,group D,bachelor's degree,1,0,39,80,58,86,263,B,65.75,83.4,5.6
std-2149,male,group A,some high school,1,0,94,100,74,45,313,B,78.25,77.5,5.2
std-2150,male,group B,master's degree,1,0,22,51,50,58,181,D,45.25,66.8,4.3
std-2151,male,group C,high school,0,0,58,100,61,81,300,B,75.0,74.4,8.3
std-2152,male,group B,some college,1,0,58,84,64,54,260,B,65.0,88.0,5.4
std-2153,male,group B,associate's degree,0,1,87,47,87,69,290,B,72.5,78.8,4.1
std-2154,male,group D,bachelor's degree,0,0,57,27,44,97,225,C,56.25,77.9,6.5
std-2155,male,group E,some college,1,1,39,85,55,36,215,C,53.75,75.3,7.6
std-2156,male,group B,some high school,0,0,99,85,66,31,281,B,70.25,87.9,3.9
std-2157,male,group B,some high school,0,0,91,64,33,34,222,C,55.5,68.8,6.9
std-2158,male,group D,some college,0,1,85,73,68,82,308,B,77.0,73.9,6.0
std-2159,male,group A,some high school,1,0,44,75,73,81,273,B,68.25,82.7,8.8
std-2160,male,group B,associate's degree,1,0,54,97,81,88,320,A,80.0,90.0,7.2
std-2161,male,group D,high school,1,0,71,98,63,54,286,B,71.5,84.7,0.8
std-2162,male,group B,associate's degree,0,0,50,33,80,71,234,C,58.5,70.2,5.7
std-2163,male,group D,some college,0,1,32,25,78,88,223,C,55.75,82.6,6.5
std-2164,male,group B,associate's degree,0,1,83,98,68,92,341,A,85.25,79.6,8.9
std-2165,male,group A,associate's degree,1,0,0,73,53,55,181,D,45.25,68.4,2.2
std-2166,male,group B,some college,1,1,87,100,78,83,348,A,87.0,78.4,10.1
std-2167,male,group E,associate's degree,1,0,61,100,70,47,278,B,69.5,92.8,5.1
std-2168,male,group C,some high school,1,0,33,54,66,42,195,D,48.75,79.9,0.0
std-2169,male,group D,some college,1,1,70,99,62,74,305,B,76.25,88.8,12.6
std-2170,male,group B,master's degree,1,0,23,24,47,50,144,Fail,36.0,81.2,2.5
std-2171,male,group C,some college,0,0,59,76,100,51,286,B,71.5,100.0,4.7
std-2172,male,group C,associate's degree,0,0,48,44,33,48,173,D,43.25,57.0,1.0
std-2173,male,group D,high school,1,0,56,83,56,34,229,C,57.25,70.4,7.1
std-2174,male,group D,some college,0,1,61,75,32,50,218,C,54.5,70.6,4.1
std-2175,male,group C,high school,0,0,80,66,91,29,266,B,66.5,72.4,6.4
std-2176,male,group A,some high school,1,0,37,60,79,55,231,C,57.75,67.5,3.7
std-2177,male,group C,some college,1,0,39,97,96,89,321,A,80.25,82.0,6.0
std-2178,male,group C,associate's degree,1,0,16,85,66,77,244,C,61.0,67.3,2.8
std-2179,male,group C,associate's degree,1,0,50,77,72,63,262,B,65.5,82.8,4.4
std-2180,male,group C,some college,1,1,14,100,97,41,252,B,63.0,79.4,8.2
std-2181,male,group B,bachelor's degree,1,0,43,52,63,69,227,C,56.75,81.2,5.7
std-2182,male,group A,some college,1,0,35,55,30,71,191,D,47.75,78.5,2.3
std-2183,male,group C,bachelor's degree,0,0,79,87,53,41,260,B,65.0,85.0,5.7
std-2184,male,group B,master's degree,0,0,70,79,59,60,268,B,67.0,76.9,8.3
std-2185,male,group D,some college,0,1,28,88,43,63,222,C,55.5,95.6,3.3
std-2186,male,group E,high school,1,0,63,82,78,67,290,B,72.5,84.2,6.6
std-2187,male,group D,bachelor's degree,0,0,76,100,90,81,347,A,86.75,70.0,5.6
std-2188,male,group B,high school,0,0,51,44,69,30,194,D,48.5,65.1,1.7
std-2189,male,group D,associate's degree,1,0,75,92,71,45,283,B,70.75,65.8,7.1
std-2190,male,group D,associate's degree,1,1,56,89,65,36,246,C,61.5,78.6,6.7
std-2191,male,group B,high school,1,0,59,53,89,95,296,B,74.0,81.5,3.7
std-2192,male,group A,some high school,1,0,63,100,66,72,301,B,75.25,78.8,10.2
std-2193,male,group D,associate's degree,1,1,51,40,83,58,232,C,58.0,95.4,10.0
std-2194,male,group C,some college,1,1,68,100,62,100,330,A,82.5,90.3,5.2
std-2195,male,group B,associate's degree,1,0,54,25,49,47,175,D,43.75,79.1,0.2
std-2196,male,group E,some high school,0,1,40,84,83,73,280,B,70.0,72.9,10.3
std-2197,male,group B,associate's degree,0,1,60,76,99,46,281,B,70.25,72.4,8.2
std-2198,male,group D,high school,1,1,31,60,33,59,183,D,45.75,73.6,10.3
std-2199,male,group C,associate's degree,0,0,68,71,88,65,292,B,73.0,83.8,8.2
std-2200,male,group C,some high school,0,1,69,85,63,44,261,B,65.25,63.0,9.2
std-2201,male,group A,some college,0,0,34,24,86,9,153,D,38.25,69.1,0.8
std-2202,male,group C,high school,0,0,22,57,91,9,179,D,44.75,73.0,5.2
std-2203,male,group B,some high school,1,1,48,100,22,50,220,C,55.0,74.4,4.3
std-2204,male,group C,high school,1,0,77,45,60,68,250,B,62.5,71.5,8.9
std-2205,male,group D,associate's degree,0,0,49,62,88,76,275,B,68.75,76.0,7.3
std-2206,male,group A,some college,1,0,43,60,53,69,225,C,56.25,75.1,3.0
std-2207,male,group A,bachelor's degree,0,0,32,60,33,54,179,D,44.75,73.7,6.0
std-2208,male,group B,high school,1,0,46,52,65,69,232,C,58.0,82.7,10.8
std-2209,male,group A,some college,1,1,50,82,91,68,291,B,72.75,91.9,8.6
std-2210,male,group B,some high school,1,0,54,100,45,100,299,B,74.75,80.2,8.2
std-2211,male,group A,bachelor's degree,0,1,39,59,42,52,192,D,48.0,69.9,5.7
std-2212,male,group B,master's degree,1,1,28,84,62,60,234,C,58.5,81.4,8.0
std-2213,male,group D,associate's degree,1,1,54,52,78,50,234,C,58.5,83.0,4.0
std-2214,male,group E,bachelor's degree,1,0,97,88,77,67,329,A,82.25,81.4,7.5
std-2215,male,group C,some high school,0,1,65,83,73,96,317,B,79.25,91.4,9.8
std-2216,male,group B,bachelor's degree,1,0,27,94,56,75,252,B,63.0,87.8,10.2
std-2217,male,group D,some college,1,1,0,43,33,87,163,D,40.75,83.2,1.6
std-2218,male,group B,bachelor's degree,1,0,85,77,74,97,333,A,83.25,100.0,6.9
std-2219,male,group E,some college,0,1,73,87,94,90,344,A,86.0,78.8,13.6
std-2220,male,group C,associate's degree,0,0,37,63,62,100,262,B,65.5,79.9,5.3
std-2221,male,group A,associate's degree,0,0,37,77,44,32,190,D,47.5,73.9,3.8
std-2222,male,group E,some college,0,1,59,60,100,68,287,B,71.75,81.0,6.9
std-2223,male,group E,some college,0,1,73,66,49,67,255,B,63.75,73.3,5.9
std-2224,male,group B,bachelor's degree,1,0,52,86,92,36,266,B,66.5,66.7,1.5
std-2225,male,group E,bachelor's degree,1,0,58,82,51,67,258,B,64.5,80.3,4.3
std-2226,male,group C,bachelor's degree,0,0,53,77,100,67,297,B,74.25,75.8,4.3
std-2227,male,group C,some high school,1,0,79,67,64,89,299,B,74.75,83.6,7.1
std-2228,male,group C,bachelor's degree,1,1,64,98,95,86,343,A,85.75,79.3,8.4
std-2229,male,group D,bachelor's degree,1,0,21,43,84,48,196,D,49.0,64.4,3.2
std-2230,male,group C,high school,1,1,58,62,54,90,264,B,66.0,82.0,7.4
std-2231,male,group B,master's degree,1,0,26,73,90,81,270,B,67.5,81.8,6.0
std-2232,male,group D,some college,1,0,49,100,90,96,335,A,83.75,91.0,6.3
std-2233,male,group A,high school,1,0,56,77,68,86,287,B,71.75,100.0,3.9
std-2234,male,group E,associate's degree,1,0,18,47,59,63,187,D,46.75,76.1,4.4
std-2235,male,group B,some college,0,0,75,74,68,31,248,C,62.0,83.0,8.3
std-2236,male,group C,some college,0,0,29,60,77,18,184,D,46.0,63.6,4.4
std-2237,male,group D,associate's degree,0,1,45,58,94,100,297,B,74.25,71.1,7.7
std-2238,male,group A,associate's degree,0,1,53,91,55,39,238,C,59.5,92.0,7.6
std-2239,male,group C,high school,1,0,55,82,54,48,239,C,59.75,69.6,0.3
std-2240,male,group B,some high school,1,0,47,63,51,48,209,C,52.25,66.0,4.3
std-2241,male,group D,bachelor's degree,1,1,45,77,100,62,284,B,71.0,81.2,8.0
std-2242,male,group C,bachelor's degree,1,0,67,89,65,45,266,B,66.5,79.3,3.7
std-2243,male,group C,some college,1,0,49,67,93,54,263,B,65.75,71.7,4.1
std-2244,male,group B,high school,0,0,55,70,69,45,239,C,59.75,75.1,4.4
std-2245,male,group B,some high school,1,0,79,48,65,47,239,C,59.75,88.9,7.9
std-2246,male,group D,some high school,0,1,52,100,57,35,244,C,61.0,71.0,10.7
std-2247,male,group C,some college,1,1,77,69,70,90,306,B,76.5,70.9,7.2
std-2248,male,group D,some high school,1,0,35,70,65,64,234,C,58.5,85.9,4.0
std-2249,male,group D,bachelor's degree,1,0,62,100,100,48,310,B,77.5,88.2,5.8
std-2250,male,group C,bachelor's degree,1,1,41,78,62,54,235,C,58.75,72.0,9.8
std-2251,male,group B,bachelor's degree,0,0,49,55,93,74,271,B,67.75,66.3,6.5
std-2252,male,group A,some high school,0,0,13,73,62,47,195,D,48.75,67.5,4.6
std-2253,male,group E,associate's degree,0,0,42,88,63,52,245,C,61.25,77.9,6.9
std-2254,male,group C,high school,0,0,100,75,45,90,310,B,77.5,94.2,5.6
std-2255,male,group E,some college,0,1,37,41,59,74,211,C,52.75,66.2,10.6
std-2256,male,group D,some college,0,0,27,99,63,50,239,C,59.75,77.1,5.4
std-2257,male,group C,bachelor's degree,0,0,21,53,95,89,258,B,64.5,85.5,3.7
std-2258,male,group A,some high school,0,0,100,20,74,52,246,C,61.5,57.0,5.0
std-2259,male,group D,some college,1,0,90,70,67,73,300,B,75.0,92.2,9.9
std-2260,male,group B,some high school,1,0,38,80,78,65,261,B,65.25,69.0,4.8
std-2261,male,group A,some college,0,1,96,89,65,58,308,B,77.0,86.6,11.9
std-2262,male,group B,bachelor's degree,0,1,97,100,65,41,303,B,75.75,85.4,7.8
std-2263,male,group B,bachelor's degree,0,0,46,84,76,71,277,B,69.25,90.8,4.4
std-2264,male,group C,some high school,1,1,63,72,67,66,268,B,67.0,85.2,10.2
std-2265,male,group B,some college,1,0,93,89,59,76,317,B,79.25,62.9,5.0
std-2266,male,group E,some college,1,0,49,79,85,69,282,B,70.5,74.4,8.5
std-2267,male,group D,high school,1,0,72,64,89,75,300,B,75.0,84.2,7.7
std-2268,male,group C,associate's degree,1,0,56,72,65,58,251,B,62.75,77.1,3.5
std-2269,male,group B,bachelor's degree,1,0,30,89,78,41,238,C,59.5,82.1,5.2
std-2270,male,group A,high school,1,1,49,29,55,39,172,D,43.0,79.4,4.9
std-2271,male,group C,associate's degree,1,1,48,76,79,87,290,B,72.5,87.6,10.0
std-2272,male,group C,associate's degree,1,0,36,63,72,56,227,C,56.75,74.9,9.8
std-2273,male,group D,associate's degree,1,0,52,85,52,60,249,C,62.25,62.1,4.7
std-2274,male,group B,some high school,0,0,34,66,36,49,185,D,46.25,69.3,5.4
std-2275,male,group B,master's degree,1,0,15,100,41,51,207,C,51.75,79.0,4.7
std-2276,male,group D,high school,0,1,87,91,71,54,303,B,75.75,73.3,9.5
std-2277,male,group A,bachelor's degree,1,0,34,50,47,48,179,D,44.75,78.6,3.6
std-2278,male,group C,high school,1,1,16,68,79,72,235,C,58.75,85.7,5.7
std-2279,male,group C,some college,1,1,61,94,43,48,246,C,61.5,79.6,8.9
std-2280,male,group D,high school,1,0,45,55,67,79,246,C,61.5,50.9,4.8
std-2281,male,group A,some high school,1,1,29,93,69,94,285,B,71.25,70.2,6.7
std-2282,male,group E,high school,1,0,84,42,68,73,267,B,66.75,97.2,8.6
std-2283,male,group D,associate's degree,0,1,34,56,73,67,230,C,57.5,72.2,7.9
std-2284,male,group C,some high school,1,1,21,59,63,36,179,D,44.75,55.0,5.9
std-2285,male,group D,some high school,1,0,36,100,61,100,297,B,74.25,93.8,10.1
std-2286,male,group E,some college,1,0,53,93,48,54,248,C,62.0,78.7,1.0
std-2287,male,group E,bachelor's degree,0,0,56,43,36,69,204,C,51.0,84.9,7.7
std-2288,male,group E,bachelor's degree,1,0,16,44,85,49,194,D,48.5,76.6,2.1
std-2289,male,group C,associate's degree,1,1,56,84,51,47,238,C,59.5,81.9,8.4
std-2290,male,group B,high school,1,0,41,47,93,48,229,C,57.25,80.3,3.7
std-2291,male,group B,master's degree,1,1,58,83,98,35,274,B,68.5,87.0,6.4
std-2292,male,group D,high school,1,0,16,72,61,45,194,D,48.5,94.6,7.6
std-2293,male,group C,some high school,1,1,79,77,56,54,266,B,66.5,88.8,13.2
std-2294,male,group A,bachelor's degree,0,0,70,70,69,51,260,B,65.0,65.4,5.3
std-2295,male,group B,some college,1,1,28,60,68,57,213,C,53.25,79.7,8.1
std-2296,male,group D,some college,1,1,85,92,54,34,265,B,66.25,90.3,8.6
std-2297,male,group E,associate's degree,0,1,83,100,92,100,375,A,93.75,99.9,15.4
std-2298,male,group D,some college,1,0,69,63,64,79,275,B,68.75,77.0,1.0
std-2299,male,group E,master's degree,1,0,57,79,30,72,238,C,59.5,88.3,6.3
std-2300,male,group C,bachelor's degree,1,0,16,46,51,79,192,D,48.0,82.3,2.5
std-2301,male,group B,some college,1,0,47,73,44,86,250,B,62.5,100.0,0.0
std-2302,male,group D,some college,1,0,25,100,10,100,235,C,58.75,70.8,4.4
std-2303,male,group D,bachelor's degree,1,0,41,94,57,62,254,B,63.5,74.5,10.4
std-2304,male,group E,some high school,0,1,55,100,74,69,298,B,74.5,80.0,7.6
std-2305,male,group C,associate's degree,0,1,42,92,53,42,229,C,57.25,72.6,9.6
std-2306,male,group E,some college,0,0,78,45,66,58,247,C,61.75,70.5,8.6
std-2307,male,group E,bachelor's degree,1,0,32,49,79,88,248,C,62.0,53.7,5.6
std-2308,male,group E,bachelor's degree,1,0,17,68,72,64,221,C,55.25,72.5,5.3
std-2309,male,group B,high school,0,0,39,42,43,61,185,D,46.25,76.7,0.0
std-2310,male,group D,high school,1,0,63,92,52,29,236,C,59.0,73.2,3.5
std-2311,male,group C,some college,0,0,6,87,67,69,229,C,57.25,94.5,7.4
std-2312,male,group D,associate's degree,0,1,46,65,61,9,181,D,45.25,73.2,6.7
std-2313,male,group E,associate's degree,1,1,14,39,49,56,158,D,39.5,82.8,6.9
std-2314,male,group D,bachelor's degree,1,0,74,40,82,80,276,B,69.0,83.3,6.6
std-2315,male,group C,master's degree,1,0,42,17,98,87,244,C,61.0,85.7,11.0
std-2316,male,group A,associate's degree,1,1,75,63,99,50,287,B,71.75,84.4,7.9
std-2317,male,group D,high school,1,0,36,47,77,61,221,C,55.25,88.7,9.0
std-2318,male,group C,high school,1,0,100,48,64,68,280,B,70.0,81.8,6.7
std-2319,male,group D,some high school,1,1,47,81,66,74,268,B,67.0,84.7,12.8
std-2320,male,group B,associate's degree,1,0,62,70,69,54,255,B,63.75,82.5,2.7
std-2321,male,group C,bachelor's degree,1,0,51,80,86,75,292,B,73.0,79.7,7.1
std-2322,male,group D,bachelor's degree,1,0,87,85,57,9,238,C,59.5,81.4,4.4
std-2323,male,group E,some college,1,0,95,88,79,54,316,B,79.0,100.0,7.6
std-2324,male,group B,some high school,1,1,66,100,54,92,312,B,78.0,81.5,12.7
std-2325,male,group D,some high school,0,0,7,72,48,81,208,C,52.0,79.1,5.6
std-2326,male,group C,some high school,0,1,100,78,33,35,246,C,61.5,89.8,11.1
std-2327,male,group D,some college,0,1,48,60,88,87,283,B,70.75,91.8,7.3
std-2328,male,group B,some college,1,1,28,98,96,61,283,B,70.75,81.6,6.9
std-2329,male,group E,high school,0,0,43,100,89,25,257,B,64.25,57.9,5.9
std-2330,male,group B,master's degree,1,1,77,96,89,72,334,A,83.5,90.4,10.0
std-2331,male,group D,some college,1,0,46,39,65,63,213,C,53.25,55.7,4.3
std-2332,male,group C,some college,1,0,44,61,78,97,280,B,70.0,94.5,4.0
std-2333,male,group E,bachelor's degree,1,0,19,47,66,54,186,D,46.5,75.0,7.1
std-2334,male,group B,master's degree,1,1,39,72,95,96,302,B,75.5,92.1,8.5
std-2335,male,group B,high school,1,1,47,66,61,45,219,C,54.75,68.1,11.0
std-2336,male,group E,high school,1,0,25,100,91,61,277,B,69.25,67.0,6.3
std-2337,male,group D,some college,0,0,35,31,71,51,188,D,47.0,76.0,5.8
std-2338,male,group A,some high school,1,0,32,69,100,73,274,B,68.5,80.5,7.6
std-2339,male,group B,some high school,0,1,64,81,48,59,252,B,63.0,74.5,6.1
std-2340,male,group E,some college,0,0,71,92,66,97,326,A,81.5,85.8,8.4
std-2341,male,group C,some high school,1,1,66,81,46,27,220,C,55.0,100.0,12.3
std-2342,male,group D,associate's degree,0,1,36,29,42,40,147,Fail,36.75,77.8,6.3
std-2343,male,group A,bachelor's degree,0,0,13,72,50,42,177,D,44.25,82.2,6.2
std-2344,male,group D,high school,1,1,58,77,93,65,293,B,73.25,89.9,10.9
std-2345,male,group E,some college,1,0,26,57,75,100,258,B,64.5,92.8,6.6
std-2346,male,group D,bachelor's degree,0,0,37,81,35,33,186,D,46.5,71.8,4.6
std-2347,male,group A,high school,1,1,73,76,70,70,289,B,72.25,63.5,10.4
std-2348,male,group B,high school,1,1,81,73,51,67,272,B,68.0,78.9,10.6
std-2349,male,group D,bachelor's degree,1,0,100,90,50,55,295,B,73.75,89.8,3.3
std-2350,male,group D,bachelor's degree,1,0,23,77,27,41,168,D,42.0,63.3,4.3
std-2351,male,group C,some high school,1,1,28,74,63,50,215,C,53.75,74.3,6.9
std-2352,male,group C,some high school,1,0,78,50,51,31,210,C,52.5,69.2,3.7
std-2353,male,group C,some college,0,0,19,100,37,63,219,C,54.75,89.7,8.2
std-2354,male,group D,some college,0,1,50,40,47,52,189,D,47.25,80.5,4.9
std-2355,male,group D,high school,0,1,31,49,68,30,178,D,44.5,78.7,3.0
std-2356,male,group D,some college,1,0,62,36,67,46,211,C,52.75,81.1,6.7
std-2357,male,group C,master's degree,0,1,25,40,55,29,149,Fail,37.25,70.1,2.2
std-2358,male,group E,associate's degree,1,0,67,68,67,68,270,B,67.5,82.2,1.3
std-2359,male,group B,high school,1,0,57,17,59,60,193,D,48.25,63.4,6.6
std-2360,male,group A,high school,1,1,75,81,65,47,268,B,67.0,60.6,9.0
std-2361,male,group D,high school,1,0,26,73,71,67,237,C,59.25,79.1,6.5
std-2362,male,group E,master's degree,1,1,71,81,61,84,297,B,74.25,85.6,8.2
std-2363,male,group E,some college,1,0,63,52,67,45,227,C,56.75,87.8,1.6
std-2364,male,group A,some college,1,0,51,95,86,87,319,B,79.75,98.6,4.3
std-2365,male,group C,high school,1,0,46,84,81,95,306,B,76.5,97.5,6.3
std-2366,male,group B,associate's degree,1,0,53,68,54,48,223,C,55.75,67.6,1.8
std-2367,male,group C,some college,1,0,41,81,79,45,246,C,61.5,75.3,6.3
std-2368,male,group E,high school,0,1,47,66,80,34,227,C,56.75,81.2,6.5
std-2369,male,group E,some college,1,0,32,80,65,31,208,C,52.0,98.1,5.1
std-2370,male,group B,bachelor's degree,1,0,39,70,47,44,200,C,50.0,88.0,4.9
std-2371,male,group D,some high school,1,0,13,75,68,88,244,C,61.0,88.4,6.5
std-2372,male,group D,some college,1,0,48,100,100,77,325,A,81.25,81.5,8.7
std-2373,male,group C,master's degree,0,0,39,77,68,49,233,C,58.25,69.4,4.4
std-2374,male,group B,some high school,1,0,100,98,48,80,326,A,81.5,92.2,7.9
std-2375,male,group C,some college,0,0,49,83,81,35,248,C,62.0,68.7,6.2
std-2376,male,group E,high school,1,0,75,35,31,63,204,C,51.0,72.8,0.0
std-2377,male,group A,some high school,0,0,78,84,99,94,355,A,88.75,86.4,9.7
std-2378,male,group D,high school,1,1,55,100,66,100,321,A,80.25,99.0,10.2
std-2379,male,group D,some college,0,0,19,75,89,100,283,B,70.75,78.3,7.8
std-2380,male,group B,some college,1,1,83,73,68,28,252,B,63.0,57.0,5.0
std-2381,male,group C,associate's degree,0,0,31,100,81,31,243,C,60.75,82.7,4.7
std-2382,male,group B,bachelor's degree,1,1,13,49,82,29,173,D,43.25,66.1,3.6
std-2383,male,group D,some high school,1,1,35,79,67,46,227,C,56.75,77.3,9.5
std-2384,male,group A,bachelor's degree,0,0,32,100,82,90,304,B,76.0,82.5,3.4
std-2385,male,group D,bachelor's degree,1,0,29,60,61,52,202,C,50.5,72.3,2.2
std-2386,male,group C,some college,1,1,78,59,53,69,259,B,64.75,86.6,9.7
std-2387,male,group C,bachelor's degree,0,0,82,70,92,59,303,B,75.75,69.4,5.3
std-2388,male,group B,high school,1,1,84,71,71,72,298,B,74.5,78.1,7.0
std-2389,male,group C,some college,0,1,24,93,99,96,312,B,78.0,90.1,11.9
std-2390,male,group D,bachelor's degree,1,0,43,100,100,72,315,B,78.75,78.6,9.6
std-2391,male,group C,some college,0,0,51,62,80,82,275,B,68.75,66.4,8.0
std-2392,male,group C,associate's degree,1,1,30,62,58,29,179,D,44.75,78.9,8.6
std-2393,male,group B,some high school,1,1,49,58,49,12,168,D,42.0,82.1,5.6
std-2394,male,group D,associate's degree,0,0,54,84,82,52,272,B,68.0,80.2,5.7
std-2395,male,group B,some college,1,0,50,69,93,46,258,B,64.5,61.8,4.2
std-2396,male,group B,some high school,0,0,51,80,42,61,234,C,58.5,83.8,5.7
std-2397,male,group B,high school,0,0,26,66,71,56,219,C,54.75,61.3,3.6
std-2398,male,group D,some high school,1,0,30,84,100,61,275,B,68.75,83.6,5.2
std-2399,male,group D,associate's degree,0,0,50,75,73,78,276,B,69.0,72.9,7.8
std-2400,male,group C,some college,1,0,32,93,58,48,231,C,57.75,66.8,8.2
std-2401,male,group E,some high school,1,0,62,87,60,71,280,B,70.0,77.3,7.4
std-2402,male,group A,master's degree,0,0,35,86,56,98,275,B,68.75,79.2,10.7
std-2403,male,group C,associate's degree,0,1,26,94,85,76,281,B,70.25,75.5,7.1
std-2404,male,group E,some high school,1,0,4,41,50,48,143,Fail,35.75,75.2,0.0
std-2405,male,group B,some high school,0,1,16,74,74,59,223,C,55.75,72.5,9.3
std-2406,male,group B,some college,0,1,10,89,56,51,206,C,51.5,84.0,5.2
std-2407,male,group C,master's degree,0,1,68,69,64,59,260,B,65.0,82.1,7.7
std-2408,male,group B,bachelor's degree,0,0,77,83,35,71,266,B,66.5,73.8,1.6
std-2409,male,group B,master's degree,1,0,55,31,52,74,212,C,53.0,67.8,2.5
std-2410,male,group D,some college,0,0,36,56,59,31,182,D,45.5,58.3,0.3
std-2411,male,group C,associate's degree,1,0,31,78,70,46,225,C,56.25,79.3,4.0
std-2412,male,group B,high school,1,0,49,80,75,38,242,C,60.5,74.9,4.5
std-2413,male,group C,associate's degree,1,0,30,42,40,72,184,D,46.0,52.0,4.3
std-2414,male,group D,associate's degree,0,0,36,78,67,50,231,C,57.75,72.4,8.3
std-2415,male,group B,high school,1,1,14,100,80,69,263,B,65.75,71.7,10.2
std-2416,male,group B,some high school,1,1,65,92,89,77,323,A,80.75,99.0,5.8
std-2417,male,group E,some college,1,0,28,78,54,52,212,C,53.0,60.3,6.3
std-2418,male,group E,high school,1,1,64,51,51,47,213,C,53.25,62.7,7.6
std-2419,male,group E,some college,1,1,87,75,41,33,236,C,59.0,87.6,7.6
std-2420,male,group C,some high school,1,0,43,44,83,56,226,C,56.5,89.0,5.0
std-2421,male,group D,bachelor's degree,1,0,19,89,10,71,189,D,47.25,67.0,4.7
std-2422,male,group E,associate's degree,1,0,47,83,87,70,287,B,71.75,76.2,4.8
std-2423,male,group C,high school,0,0,47,57,60,49,213,C,53.25,81.3,4.3
std-2424,male,group B,bachelor's degree,0,0,61,42,47,78,228,C,57.0,56.0,8.1
std-2425,male,group D,some college,0,0,39,80,67,65,251,B,62.75,62.1,3.9
std-2426,male,group C,some high school,1,0,50,51,89,55,245,C,61.25,75.8,3.0
std-2427,male,group D,some high school,0,0,21,78,65,74,238,C,59.5,91.7,5.2
std-2428,male,group B,high school,1,1,74,59,50,61,244,C,61.0,74.4,5.2
std-2429,male,group C,associate's degree,1,0,8,100,59,66,233,C,58.25,78.3,0.9
std-2430,male,group E,bachelor's degree,0,0,52,71,85,55,263,B,65.75,90.1,5.1
std-2431,male,group C,associate's degree,1,0,41,80,76,75,272,B,68.0,99.6,9.8
std-2432,male,group C,some college,1,0,52,96,59,80,287,B,71.75,76.6,6.4
std-2433,male,group E,some high school,1,1,67,65,88,45,265,B,66.25,79.9,9.0
std-2434,male,group D,master's degree,0,0,74,83,79,100,336,A,84.0,100.0,2.4
std-2435,male,group D,high school,1,0,34,57,91,65,247,C,61.75,64.8,6.7
std-2436,male,group C,some high school,0,0,73,57,87,89,306,B,76.5,92.7,7.2
std-2437,male,group C,associate's degree,1,0,40,47,74,71,232,C,58.0,68.1,3.6
std-2438,male,group B,high school,1,1,70,70,95,64,299,B,74.75,83.8,9.8
std-2439,male,group C,some college,0,0,89,33,34,32,188,D,47.0,71.5,4.6
std-2440,male,group E,some high school,1,0,41,79,82,33,235,C,58.75,68.9,2.6
std-2441,male,group E,some college,1,0,64,78,64,64,270,B,67.5,71.6,7.0
std-2442,male,group D,bachelor's degree,1,0,15,69,51,72,207,C,51.75,77.7,7.6
std-2443,male,group A,high school,1,0,37,79,60,57,233,C,58.25,86.3,4.7
std-2444,male,group D,associate's degree,1,1,39,53,66,64,222,C,55.5,75.3,5.3
std-2445,male,group E,some college,1,1,75,79,37,89,280,B,70.0,81.9,8.4
std-2446,male,group E,bachelor's degree,1,0,49,31,32,25,137,Fail,34.25,74.6,5.1
std-2447,male,group C,associate's degree,0,0,42,44,53,53,192,D,48.0,65.2,1.2
std-2448,male,group D,high school,1,0,38,93,70,94,295,B,73.75,89.2,8.2
std-2449,male,group B,some college,0,0,33,87,97,51,268,B,67.0,87.6,4.4
std-2450,male,group C,high school,0,0,76,79,97,96,348,A,87.0,100.0,8.6
std-2451,male,group B,bachelor's degree,0,1,41,64,71,100,276,B,69.0,77.5,7.4
std-2452,male,group C,high school,1,0,84,84,50,47,265,B,66.25,75.9,4.6
std-2453,male,group C,associate's degree,1,0,92,70,46,50,258,B,64.5,86.4,9.6
std-2454,male,group B,bachelor's degree,1,0,62,90,53,91,296,B,74.0,90.0,3.2
std-2455,male,group C,bachelor's degree,0,0,43,74,36,77,230,C,57.5,72.3,6.4
std-2456,male,group B,high school,0,1,69,61,86,46,262,B,65.5,76.1,12.8
std-2457,male,group C,high school,1,1,18,59,57,65,199,D,49.75,79.4,8.7
std-2458,male,group B,some college,1,0,27,60,54,36,177,D,44.25,65.3,0.6
std-2459,male,group E,associate's degree,1,1,100,62,91,86,339,A,84.75,82.4,7.1
std-2460,male,group B,high school,0,0,76,73,76,92,317,B,79.25,85.1,5.4
std-2461,male,group D,associate's degree,1,0,13,63,57,74,207,C,51.75,84.2,5.0
std-2462,male,group B,some college,0,1,62,92,80,92,326,A,81.5,79.6,10.5
std-2463,male,group E,some high school,0,1,73,61,56,45,235,C,58.75,61.0,4.6
std-2464,male,group A,bachelor's degree,1,0,31,80,33,45,189,D,47.25,56.5,2.0
std-2465,male,group B,some college,1,0,78,89,67,73,307,B,76.75,72.2,5.0
std-2466,male,group C,master's degree,0,0,9,43,84,52,188,D,47.0,61.8,3.7
std-2467,male,group C,high school,1,0,75,88,68,74,305,B,76.25,81.9,11.9
std-2468,male,group D,bachelor's degree,0,1,22,58,48,59,187,D,46.75,62.9,4.3
std-2469,male,group A,some high school,1,0,14,96,53,54,217,C,54.25,69.7,2.4
std-2470,male,group C,associate's degree,0,0,25,62,33,46,166,D,41.5,64.9,0.8
std-2471,male,group C,some high school,0,0,82,77,100,81,340,A,85.0,82.3,9.4
std-2472,male,group D,some college,0,0,88,72,49,71,280,B,70.0,93.2,6.3
std-2473,male,group C,some high school,0,0,78,97,74,68,317,B,79.25,90.3,5.0
std-2474,male,group B,high school,1,0,81,61,49,58,249,C,62.25,78.8,4.7
std-2475,male,group D,bachelor's degree,1,0,47,56,76,64,243,C,60.75,74.1,3.5
std-2476,male,group D,some college,1,0,87,62,62,69,280,B,70.0,77.4,7.1
std-2477,male,group D,some college,1,1,41,74,73,59,247,C,61.75,81.5,14.8
std-2478,male,group B,associate's degree,1,0,71,80,97,77,325,A,81.25,90.2,8.8
std-2479,male,group E,associate's degree,0,0,66,93,82,74,315,B,78.75,76.0,7.0
std-2480,male,group D,some college,1,1,33,89,76,61,259,B,64.75,79.9,6.7
std-2481,male,group C,associate's degree,1,0,28,45,66,83,222,C,55.5,58.2,1.6
std-2482,male,group C,bachelor's degree,1,0,48,89,59,64,260,B,65.0,81.5,7.7
std-2483,male,group E,associate's degree,0,0,72,57,72,89,290,B,72.5,88.9,8.3
std-2484,male,group E,bachelor's degree,1,1,57,44,45,63,209,C,52.25,72.9,6.0
std-2485,male,group D,some college,0,0,0,63,36,47,146,Fail,36.5,86.5,6.2
std-2486,male,group D,associate's degree,0,0,75,100,65,46,286,B,71.5,73.8,6.6
std-2487,male,group C,associate's degree,0,1,41,79,41,82,243,C,60.75,80.2,9.9
std-2488,male,group C,some high school,0,1,55,34,75,62,226,C,56.5,76.5,8.3
std-2489,male,group C,some college,1,1,76,49,54,48,227,C,56.75,76.0,7.2
std-2490,male,group A,some college,1,1,89,77,79,100,345,A,86.25,85.6,8.0
std-2491,male,group D,associate's degree,1,1,52,81,100,56,289,B,72.25,83.0,8.7
std-2492,male,group D,associate's degree,0,1,77,72,40,100,289,B,72.25,89.6,11.2
std-2493,male,group A,some college,1,1,64,37,58,97,256,B,64.0,91.7,7.0
std-2494,male,group D,some high school,0,1,72,100,100,86,358,A,89.5,87.7,11.8
std-2495,male,group B,bachelor's degree,1,0,34,91,67,78,270,B,67.5,87.8,3.4
std-2496,male,group D,some college,1,0,46,83,54,85,268,B,67.0,74.0,8.0
std-2497,male,group B,some high school,0,1,31,73,78,56,238,C,59.5,84.7,8.6
std-2498,male,group D,bachelor's degree,0,0,69,100,72,88,329,A,82.25,78.5,4.5
std-2499,male,group E,high school,1,0,43,59,40,90,232,C,58.0,87.1,4.7
std-2500,male,group B,bachelor's degree,1,1,62,97,62,100,321,A,80.25,100.0,12.2
std-2501,male,group B,master's degree,1,1,50,55,57,57,219,C,54.75,75.1,4.3
std-2502,male,group D,master's degree,1,0,82,39,74,71,266,B,66.5,60.4,3.4
std-2503,male,group A,high school,1,1,36,59,40,29,164,D,41.0,66.7,5.9
std-2504,male,group A,high school,1,0,57,63,89,95,304,B,76.0,94.3,12.3
std-2505,male,group B,some college,0,0,17,54,66,77,214,C,53.5,80.8,3.1
std-2506,male,group C,bachelor's degree,1,1,84,78,68,70,300,B,75.0,85.2,10.6
std-2507,male,group D,high school,1,1,100,36,54,64,254,B,63.5,88.2,8.9
std-2508,male,group D,some college,1,1,89,83,71,100,343,A,85.75,90.8,8.9
std-2509,male,group B,associate's degree,0,1,28,59,100,98,285,B,71.25,92.6,9.4
std-2510,male,group C,master's degree,1,0,85,43,41,75,244,C,61.0,86.6,4.4
std-2511,male,group D,some college,1,0,53,74,77,70,274,B,68.5,94.5,5.3
std-2512,male,group A,some high school,0,1,24,63,62,56,205,C,51.25,78.3,2.9
std-2513,male,group D,associate's degree,0,0,73,100,85,51,309,B,77.25,91.8,7.0
std-2514,male,group D,associate's degree,0,0,71,92,76,46,285,B,71.25,78.9,8.7
std-2515,male,group C,associate's degree,1,0,16,98,62,67,243,C,60.75,72.8,5.6
std-2516,male,group B,bachelor's degree,0,1,35,54,66,47,202,C,50.5,90.2,9.7
std-2517,male,group C,some college,1,1,67,71,78,64,280,B,70.0,83.2,10.3
std-2518,male,group D,high school,1,0,32,81,66,59,238,C,59.5,85.0,5.2
std-2519,male,group E,some college,0,0,11,91,82,76,260,B,65.0,80.7,4.3
std-2520,male,group E,some high school,1,0,75,83,73,57,288,B,72.0,76.6,5.3
std-2521,male,group C,some college,0,0,24,64,48,89,225,C,56.25,76.8,1.4
std-2522,male,group D,some high school,1,1,58,63,56,61,238,C,59.5,90.7,7.2
std-2523,male,group B,some high school,0,0,80,56,57,65,258,B,64.5,84.4,6.2
std-2524,male,group D,associate's degree,0,0,43,47,60,65,215,C,53.75,60.5,9.1
std-2525,male,group E,some college,1,0,50,71,56,91,268,B,67.0,78.3,7.4
std-2526,male,group C,some college,1,1,89,77,86,33,285,B,71.25,97.7,6.8
std-2527,male,group E,associate's degree,1,1,38,55,53,59,205,C,51.25,73.1,3.5
std-2528,male,group C,some college,1,0,56,100,88,58,302,B,75.5,66.9,6.4
std-2529,male,group C,associate's degree,1,0,28,58,74,82,242,C,60.5,95.2,7.5
std-2530,male,group B,associate's degree,0,1,70,80,84,68,302,B,75.5,89.2,8.8
std-2531,male,group B,master's degree,1,1,59,100,71,37,267,B,66.75,79.6,9.9
std-2532,male,group B,bachelor's degree,0,0,70,51,80,31,232,C,58.0,73.9,4.8
std-2533,male,group C,bachelor's degree,1,1,67,78,43,78,266,B,66.5,89.8,10.3
std-2534,male,group D,associate's degree,1,1,40,72,62,56,230,C,57.5,72.2,3.7
std-2535,male,group C,master's degree,1,1,33,63,95,30,221,C,55.25,86.7,11.5
std-2536,male,group C,high school,0,1,17,96,69,62,244,C,61.0,83.2,5.2
std-2537,male,group C,some high school,0,0,71,76,29,99,275,B,68.75,83.0,8.2
std-2538,male,group D,some high school,1,1,81,66,44,91,282,B,70.5,82.7,8.2
std-2539,male,group C,associate's degree,0,0,14,78,71,77,240,C,60.0,76.4,5.1
std-2540,male,group B,some college,1,1,43,57,45,50,195,D,48.75,83.6,6.2
std-2541,male,group D,some high school,1,1,64,74,80,55,273,B,68.25,72.9,9.3
std-2542,male,group C,some college,1,0,56,60,60,100,276,B,69.0,66.3,7.4
std-2543,male,group D,some high school,0,0,17,76,58,69,220,C,55.0,81.8,7.6
std-2544,male,group C,master's degree,1,0,26,79,68,100,273,B,68.25,86.4,9.7
std-2545,male,group C,bachelor's degree,1,0,43,48,62,55,208,C,52.0,79.6,5.5
std-2546,male,group B,some high school,1,0,49,92,87,87,315,B,78.75,87.8,11.5
std-2547,male,group C,high school,1,0,63,82,80,15,240,C,60.0,75.1,5.6
std-2548,male,group C,associate's degree,0,0,26,90,92,56,264,B,66.0,87.0,8.7
std-2549,male,group C,associate's degree,1,0,49,91,75,70,285,B,71.25,81.3,7.5
std-2550,male,group B,associate's degree,0,1,64,73,32,50,219,C,54.75,71.8,6.0
std-2551,male,group C,some high school,0,0,58,63,73,71,265,B,66.25,77.2,6.5
std-2552,male,group A,some college,1,1,93,17,28,56,194,D,48.5,92.3,8.1
std-2553,male,group D,high school,1,0,19,78,98,84,279,B,69.75,65.6,6.3
std-2554,male,group D,some high school,1,1,71,80,82,51,284,B,71.0,86.1,10.0
std-2555,male,group B,some college,0,1,49,33,47,50,179,D,44.75,57.8,8.6
std-2556,male,group B,associate's degree,1,0,10,81,61,30,182,D,45.5,72.2,4.0
std-2557,male,group D,associate's degree,0,0,50,95,10,36,191,D,47.75,70.0,0.0
std-2558,male,group D,high school,0,1,40,68,59,72,239,C,59.75,59.1,12.1
std-2559,male,group E,some college,0,1,15,75,71,47,208,C,52.0,78.8,6.4
std-2560,male,group B,bachelor's degree,0,1,12,51,54,15,132,Fail,33.0,65.6,3.3
std-2561,male,group A,some college,1,1,37,81,61,93,272,B,68.0,61.7,5.9
std-2562,male,group E,some college,1,1,100,60,86,65,311,B,77.75,91.4,8.8
std-2563,male,group C,some college,0,0,67,41,73,36,217,C,54.25,89.0,3.5
std-2564,male,group E,some high school,0,1,48,54,82,36,220,C,55.0,89.7,5.6
std-2565,male,group D,some high school,1,0,70,59,64,55,248,C,62.0,81.8,3.9
std-2566,male,group C,high school,0,0,41,56,76,37,210,C,52.5,75.9,6.0
std-2567,male,group C,associate's degree,1,1,48,81,40,97,266,B,66.5,92.1,13.6
std-2568,male,group C,bachelor's degree,1,1,36,63,59,96,254,B,63.5,94.3,10.3
std-2569,male,group D,bachelor's degree,0,0,100,85,52,55,292,B,73.0,92.5,9.5
std-2570,male,group C,bachelor's degree,0,0,38,86,91,59,274,B,68.5,72.3,5.3
std-2571,male,group B,master's degree,1,1,42,52,49,72,215,C,53.75,77.7,7.6
std-2572,male,group D,associate's degree,1,0,81,59,70,45,255,B,63.75,83.1,6.8
std-2573,male,group B,master's degree,1,0,70,89,67,79,305,B,76.25,67.0,5.3
std-2574,male,group E,some high school,0,0,45,81,57,87,270,B,67.5,84.7,5.1
std-2575,male,group D,high school,0,0,58,64,68,46,236,C,59.0,98.1,7.5
std-2576,male,group D,high school,0,1,40,64,65,34,203,C,50.75,80.6,9.8
std-2577,male,group B,high school,0,0,33,47,47,36,163,D,40.75,84.8,3.8
std-2578,male,group C,some high school,1,0,76,63,73,92,304,B,76.0,84.9,3.9
std-2579,male,group B,bachelor's degree,1,0,55,92,54,89,290,B,72.5,81.4,5.9
std-2580,male,group C,associate's degree,0,0,28,66,78,95,267,B,66.75,83.6,2.4
std-2581,male,group C,some high school,0,0,69,84,61,97,311,B,77.75,76.5,7.3
std-2582,male,group D,some college,1,0,21,42,67,25,155,D,38.75,62.2,4.0
std-2583,male,group A,some college,0,0,84,64,59,65,272,B,68.0,92.0,5.5
std-2584,male,group D,some college,0,1,70,94,98,60,322,A,80.5,97.1,10.5
std-2585,male,group B,associate's degree,1,1,54,70,84,100,308,B,77.0,74.7,10.6
std-2586,male,group D,high school,0,0,69,63,99,52,283,B,70.75,90.2,7.1
std-2587,male,group B,some high school,1,1,49,94,77,67,287,B,71.75,81.1,6.0
std-2588,male,group C,some high school,0,0,81,66,79,86,312,B,78.0,87.0,6.5
std-2589,male,group B,bachelor's degree,1,0,66,68,81,82,297,B,74.25,86.8,7.8
std-2590,male,group C,associate's degree,0,1,30,58,56,75,219,C,54.75,85.2,11.4
std-2591,male,group D,associate's degree,1,0,46,79,68,97,290,B,72.5,82.8,5.9
std-2592,male,group D,some college,0,0,50,34,37,68,189,D,47.25,86.4,5.6
std-2593,male,group B,some college,1,1,66,88,97,100,351,A,87.75,89.9,12.7
std-2594,male,group C,high school,1,0,13,50,50,71,184,D,46.0,78.9,3.6
std-2595,male,group B,some college,1,1,58,34,66,72,230,C,57.5,69.6,10.5
std-2596,male,group C,associate's degree,1,0,42,45,40,45,172,D,43.0,91.8,6.8
std-2597,male,group C,bachelor's degree,1,0,33,91,39,44,207,C,51.75,79.4,8.1
std-2598,male,group C,associate's degree,0,1,99,75,44,60,278,B,69.5,87.5,10.0
std-2599,male,group D,bachelor's degree,1,1,49,90,56,81,276,B,69.0,66.5,14.7
std-2600,male,group A,some college,0,0,79,81,46,48,254,B,63.5,71.7,4.2
std-2601,male,group D,some high school,0,0,61,58,61,41,221,C,55.25,87.5,10.3
std-2602,male,group D,some college,0,1,76,97,35,75,283,B,70.75,84.1,10.9
std-2603,male,group E,some high school,1,1,73,86,80,61,300,B,75.0,65.7,12.7
std-2604,male,group C,master's degree,1,0,0,66,48,90,204,C,51.0,84.3,3.8
std-2605,male,group E,associate's degree,1,1,28,60,100,54,242,C,60.5,73.2,10.1
std-2606,male,group B,some high school,1,1,47,95,52,51,245,C,61.25,91.1,11.6
std-2607,male,group D,high school,1,0,61,89,72,85,307,B,76.75,82.7,4.3
std-2608,male,group B,associate's degree,1,0,59,44,45,62,210,C,52.5,77.3,4.3
std-2609,male,group A,master's degree,1,1,62,39,74,68,243,C,60.75,88.8,2.6
std-2610,male,group C,some college,1,0,46,85,43,70,244,C,61.0,70.2,5.1
std-2611,male,group C,high school,1,1,28,75,56,59,218,C,54.5,67.2,5.4
std-2612,male,group B,high school,0,0,20,58,95,55,228,C,57.0,75.2,4.6
std-2613,male,group A,some college,0,1,39,100,82,39,260,B,65.0,87.1,15.7
std-2614,male,group D,some college,1,0,71,66,91,12,240,C,60.0,66.0,9.7
std-2615,male,group C,some high school,1,0,12,85,79,59,235,C,58.75,62.5,1.7
std-2616,male,group D,bachelor's degree,1,0,54,83,72,53,262,B,65.5,87.2,7.3
std-2617,male,group C,some high school,1,0,18,64,34,100,216,C,54.0,70.5,6.8
std-2618,male,group C,some high school,0,0,73,86,84,78,321,A,80.25,81.1,6.5
std-2619,male,group C,some high school,1,0,27,70,65,96,258,B,64.5,62.7,6.3
std-2620,male,group D,high school,0,1,33,68,75,37,213,C,53.25,69.6,8.0
std-2621,male,group E,master's degree,0,0,70,77,32,91,270,B,67.5,80.4,2.8
std-2622,male,group B,high school,0,1,15,52,81,56,204,C,51.0,83.3,4.5
std-2623,male,group C,some high school,0,1,58,56,52,40,206,C,51.5,68.2,7.5
std-2624,male,group D,bachelor's degree,1,0,34,80,55,88,257,B,64.25,94.3,6.1
std-2625,male,group A,high school,1,0,30,17,97,43,187,D,46.75,67.4,2.4
std-2626,male,group D,associate's degree,1,0,68,94,74,87,323,A,80.75,78.7,5.4
std-2627,male,group C,high school,0,1,74,46,72,76,268,B,67.0,94.1,8.4
std-2628,male,group C,bachelor's degree,0,0,25,40,72,72,209,C,52.25,77.3,6.9
std-2629,male,group B,bachelor's degree,0,0,37,63,80,70,250,B,62.5,73.8,5.5
std-2630,male,group B,high school,1,0,97,74,88,81,340,A,85.0,84.8,11.8
std-2631,male,group C,some college,1,1,31,88,47,70,236,C,59.0,89.8,6.1
std-2632,male,group D,high school,0,1,88,88,38,22,236,C,59.0,90.8,8.3
std-2633,male,group C,master's degree,0,0,10,72,58,91,231,C,57.75,69.9,4.3
std-2634,male,group D,associate's degree,1,1,20,75,62,44,201,C,50.25,74.3,8.5
std-2635,male,group D,high school,0,0,54,83,53,65,255,B,63.75,80.0,3.8
std-2636,male,group C,high school,1,1,68,100,100,90,358,A,89.5,78.8,15.5
std-2637,male,group C,associate's degree,1,0,58,57,80,71,266,B,66.5,79.6,1.8
std-2638,male,group D,some college,1,0,23,90,85,31,229,C,57.25,77.1,9.4
std-2639,male,group D,some college,1,1,65,69,78,65,277,B,69.25,91.3,9.0
std-2640,male,group D,some college,1,1,51,76,100,44,271,B,67.75,91.4,10.0
std-2641,male,group E,high school,0,0,25,96,48,80,249,C,62.25,75.7,9.0
std-2642,male,group E,high school,1,0,49,58,77,89,273,B,68.25,78.8,8.3
std-2643,male,group E,some high school,0,0,70,77,69,44,260,B,65.0,85.6,4.1
std-2644,male,group D,some college,1,0,53,93,60,82,288,B,72.0,76.7,8.0
std-2645,male,group D,some college,0,0,10,39,39,62,150,D,37.5,75.8,8.0
std-2646,male,group E,high school,0,0,74,57,70,86,287,B,71.75,81.0,4.3
std-2647,male,group D,some college,0,1,82,89,93,41,305,B,76.25,74.6,14.7
std-2648,male,group D,master's degree,1,0,73,61,34,100,268,B,67.0,71.7,7.0
std-2649,male,group D,bachelor's degree,0,1,40,84,61,52,237,C,59.25,90.7,6.8
std-2650,male,group C,bachelor's degree,1,0,100,58,80,52,290,B,72.5,80.7,4.4
std-2651,male,group B,some college,0,1,72,50,59,81,262,B,65.5,94.5,7.9
std-2652,male,group C,bachelor's degree,1,0,49,76,34,76,235,C,58.75,72.9,0.4
std-2653,male,group B,bachelor's degree,1,0,83,62,91,40,276,B,69.0,83.5,5.2
std-2654,male,group E,bachelor's degree,0,1,67,65,68,48,248,C,62.0,100.0,7.4
std-2655,male,group C,high school,0,0,49,96,83,70,298,B,74.5,73.2,4.1
std-2656,male,group D,some high school,1,0,38,30,53,51,172,D,43.0,55.2,5.7
std-2657,male,group E,associate's degree,0,0,35,64,89,17,205,C,51.25,86.6,4.0
std-2658,male,group A,high school,0,0,37,62,55,69,223,C,55.75,69.1,3.4
std-2659,male,group D,some college,0,0,10,75,51,52,188,D,47.0,73.5,3.4
std-2660,male,group D,high school,1,1,49,53,58,57,217,C,54.25,70.8,8.3
std-2661,male,group C,high school,1,1,41,91,73,38,243,C,60.75,80.6,8.2
std-2662,male,group D,bachelor's degree,1,1,42,53,72,63,230,C,57.5,68.6,5.9
std-2663,male,group D,associate's degree,1,1,61,67,96,82,306,B,76.5,81.8,9.8
std-2664,male,group C,some high school,1,0,47,82,54,26,209,C,52.25,79.4,4.6
std-2665,male,group D,bachelor's degree,1,1,63,62,100,74,299,B,74.75,73.8,6.5
std-2666,male,group D,associate's degree,0,0,32,81,69,97,279,B,69.75,74.9,5.6
std-2667,male,group D,high school,1,0,81,71,100,85,337,A,84.25,82.8,9.2
std-2668,male,group B,some college,0,1,62,70,98,68,298,B,74.5,69.9,10.7
std-2669,male,group D,some high school,1,1,46,53,55,89,243,C,60.75,74.4,7.4
std-2670,male,group C,associate's degree,1,1,61,80,36,27,204,C,51.0,76.0,8.8
std-2671,male,group C,some high school,1,1,45,100,52,36,233,C,58.25,73.8,5.3
std-2672,male,group D,high school,0,1,26,68,53,43,190,D,47.5,71.4,4.4
std-2673,male,group D,associate's degree,1,0,69,86,56,47,258,B,64.5,79.3,5.2
std-2674,male,group D,master's degree,0,0,67,35,36,44,182,D,45.5,67.3,7.8
std-2675,male,group E,high school,1,1,85,77,82,91,335,A,83.75,92.0,10.6
std-2676,male,group B,some high school,1,1,70,78,49,76,273,B,68.25,93.6,8.0
std-2677,male,group C,high school,0,1,73,65,82,83,303,B,75.75,79.0,13.3
std-2678,male,group D,some college,1,0,19,78,88,36,221,C,55.25,80.7,4.2
std-2679,male,group E,associate's degree,1,1,50,74,62,38,224,C,56.0,74.5,13.1
std-2680,male,group E,high school,1,0,23,100,84,70,277,B,69.25,84.3,5.0
std-2681,male,group C,high school,0,0,77,75,73,55,280,B,70.0,95.4,3.8
std-2682,male,group C,high school,1,0,55,81,73,82,291,B,72.75,86.7,6.2
std-2683,male,group C,high school,0,1,37,40,36,42,155,D,38.75,55.0,5.3
std-2684,male,group B,some college,1,0,32,77,49,56,214,C,53.5,79.9,2.8
std-2685,male,group D,some college,1,0,55,80,78,89,302,B,75.5,94.2,13.4
std-2686,male,group B,bachelor's degree,1,0,67,17,82,65,231,C,57.75,75.2,6.0
std-2687,male,group C,high school,1,1,38,37,51,78,204,C,51.0,83.9,8.2
std-2688,male,group D,master's degree,0,1,70,76,78,32,256,B,64.0,73.1,7.1
std-2689,male,group D,associate's degree,1,0,23,62,64,32,181,D,45.25,59.7,2.6
std-2690,male,group C,some high school,0,0,53,95,71,73,292,B,73.0,83.5,9.2
std-2691,male,group D,some college,1,0,28,55,60,62,205,C,51.25,59.2,0.4
std-2692,male,group E,associate's degree,0,0,22,59,55,77,213,C,53.25,73.6,1.9
std-2693,male,group E,high school,0,0,52,57,78,49,236,C,59.0,89.2,4.7
std-2694,male,group E,high school,1,1,28,76,51,67,222,C,55.5,59.3,10.9
std-2695,male,group D,high school,1,0,76,50,67,64,257,B,64.25,67.8,4.9
std-2696,male,group D,high school,1,1,69,79,100,58,306,B,76.5,74.1,10.5
std-2697,male,group A,some college,1,0,43,100,31,63,237,C,59.25,77.1,5.4
std-2698,male,group D,high school,1,0,58,59,66,30,213,C,53.25,72.4,8.0
std-2699,male,group D,some high school,0,1,64,75,70,54,263,B,65.75,92.4,4.5
std-2700,male,group C,associate's degree,1,0,80,46,67,54,247,C,61.75,87.1,7.4
std-2701,male,group B,high school,0,1,47,70,74,58,249,C,62.25,83.2,7.6
std-2702,male,group B,high school,1,0,46,87,54,56,243,C,60.75,79.5,7.8
std-2703,male,group B,some high school,0,0,42,96,85,57,280,B,70.0,84.8,4.3
std-2704,male,group C,some college,0,0,60,81,37,68,246,C,61.5,70.7,5.6
std-2705,male,group D,high school,0,0,31,69,61,36,197,D,49.25,82.1,4.1
std-2706,male,group B,bachelor's degree,1,0,66,64,84,45,259,B,64.75,69.5,3.4
std-2707,male,group E,some college,1,1,43,100,92,36,271,B,67.75,88.0,5.4
std-2708,male,group C,bachelor's degree,1,1,74,100,100,76,350,A,87.5,97.7,9.1
std-2709,male,group B,some college,1,1,95,98,93,91,377,A,94.25,91.2,11.5
std-2710,male,group B,some high school,1,1,0,100,51,76,227,C,56.75,75.3,5.7
std-2711,male,group C,high school,1,0,25,56,53,91,225,C,56.25,80.3,4.2
std-2712,male,group D,master's degree,1,0,36,56,70,66,228,C,57.0,51.2,0.4
std-2713,male,group D,high school,1,1,44,46,71,69,230,C,57.5,79.8,6.8
std-2714,male,group B,bachelor's degree,1,1,40,93,67,59,259,B,64.75,78.5,10.9
std-2715,male,group D,some college,1,1,40,51,36,84,211,C,52.75,75.1,9.0
std-2716,male,group C,some college,0,0,74,52,70,49,245,C,61.25,84.7,5.3
std-2717,male,group B,high school,0,0,69,49,70,53,241,C,60.25,77.4,6.0
std-2718,male,group B,bachelor's degree,0,0,66,66,75,12,219,C,54.75,66.0,2.8
std-2719,male,group E,high school,1,0,94,65,65,53,277,B,69.25,79.7,10.4
std-2720,male,group E,bachelor's degree,1,1,56,71,66,88,281,B,70.25,82.0,14.1
std-2721,male,group A,high school,1,0,13,77,88,41,219,C,54.75,77.2,5.3
std-2722,male,group C,some college,0,0,37,64,78,34,213,C,53.25,77.2,11.3
std-2723,male,group A,some high school,1,0,10,100,87,75,272,B,68.0,90.0,4.5
std-2724,male,group E,associate's degree,1,0,77,85,58,83,303,B,75.75,73.4,3.8
std-2725,male,group D,master's degree,0,1,89,99,67,78,333,A,83.25,87.2,8.3
std-2726,male,group D,associate's degree,0,0,48,49,78,72,247,C,61.75,90.1,5.0
std-2727,male,group D,bachelor's degree,1,0,49,65,81,71,266,B,66.5,64.5,11.8
std-2728,male,group C,associate's degree,1,0,100,97,88,51,336,A,84.0,87.5,7.0
std-2729,male,group C,master's degree,1,0,74,75,96,100,345,A,86.25,81.4,5.7
std-2730,male,group B,some high school,0,1,37,76,71,64,248,C,62.0,75.3,5.9
std-2731,male,group D,high school,1,0,46,95,33,83,257,B,64.25,71.2,8.7
std-2732,male,group B,some high school,1,0,46,60,74,68,248,C,62.0,77.1,8.1
std-2733,male,group E,some high school,1,1,24,85,52,98,259,B,64.75,96.1,7.1
std-2734,male,group E,master's degree,1,0,57,36,90,52,235,C,58.75,66.2,0.6
std-2735,male,group E,some college,1,1,49,62,42,92,245,C,61.25,67.8,5.2
std-2736,male,group D,associate's degree,0,0,58,66,100,9,233,C,58.25,65.7,9.6
std-2737,male,group A,some high school,0,1,12,59,72,49,192,D,48.0,89.5,8.5
std-2738,male,group B,some college,0,0,24,50,90,76,240,C,60.0,73.8,5.6
std-2739,male,group D,bachelor's degree,0,1,43,61,49,74,227,C,56.75,76.6,12.3
std-2740,male,group C,associate's degree,0,1,53,91,59,73,276,B,69.0,77.3,13.7
std-2741,male,group E,some college,1,0,57,62,89,35,243,C,60.75,69.7,5.4
std-2742,male,group C,some college,1,0,30,38,52,24,144,Fail,36.0,67.9,3.1
std-2743,male,group D,associate's degree,1,0,74,100,75,93,342,A,85.5,100.0,6.4
std-2744,male,group B,associate's degree,0,0,58,76,91,55,280,B,70.0,93.8,5.6
std-2745,male,group D,bachelor's degree,0,1,93,71,74,89,327,A,81.75,77.5,6.3
std-2746,male,group A,high school,1,0,26,91,55,79,251,B,62.75,84.7,1.9
std-2747,male,group E,some college,1,1,100,27,70,52,249,C,62.25,71.2,3.8
std-2748,male,group C,some college,1,0,72,83,67,48,270,B,67.5,64.4,8.8
std-2749,male,group B,some college,1,0,58,66,41,60,225,C,56.25,85.9,1.2
std-2750,male,group E,some high school,0,0,0,73,55,88,216,C,54.0,86.4,9.7
std-2751,male,group B,high school,1,0,39,79,80,90,288,B,72.0,91.3,4.7
std-2752,male,group D,associate's degree,1,0,30,100,70,36,236,C,59.0,73.4,9.7
std-2753,male,group C,associate's degree,1,1,18,100,100,81,299,B,74.75,81.3,8.4
std-2754,male,group D,some high school,1,1,38,76,72,47,233,C,58.25,84.1,3.8
std-2755,male,group B,some high school,1,1,44,84,78,35,241,C,60.25,81.6,11.1
std-2756,male,group E,some college,1,0,19,69,60,78,226,C,56.5,73.3,8.6
std-2757,male,group B,some college,1,1,64,82,88,82,316,B,79.0,69.7,7.4
std-2758,male,group E,bachelor's degree,0,0,54,90,85,60,289,B,72.25,83.0,5.7
std-2759,male,group D,associate's degree,1,0,61,71,72,37,241,C,60.25,87.7,3.2
std-2760,male,group B,some college,1,0,70,70,57,58,255,B,63.75,68.4,5.5
std-2761,male,group C,associate's degree,0,1,61,91,44,78,274,B,68.5,86.5,9.0
std-2762,male,group C,high school,1,0,34,59,77,87,257,B,64.25,82.3,4.9
std-2763,male,group E,associate's degree,1,1,44,93,49,49,235,C,58.75,84.3,3.2
std-2764,male,group C,some high school,1,0,33,60,52,84,229,C,57.25,84.9,3.7
std-2765,male,group B,associate's degree,0,0,59,64,46,64,233,C,58.25,71.1,7.0
std-2766,male,group A,bachelor's degree,0,0,22,68,67,78,235,C,58.75,63.0,4.8
std-2767,male,group B,some college,0,0,66,67,54,38,225,C,56.25,71.9,4.2
std-2768,male,group B,master's degree,0,1,54,53,55,82,244,C,61.0,86.3,5.7
std-2769,male,group C,high school,1,0,61,72,74,94,301,B,75.25,78.1,5.3
std-2770,male,group D,some college,1,0,37,66,100,73,276,B,69.0,74.7,9.8
std-2771,male,group B,associate's degree,0,0,31,91,70,99,291,B,72.75,65.8,3.8
std-2772,male,group D,master's degree,1,1,30,80,59,69,238,C,59.5,93.6,9.7
std-2773,male,group D,high school,0,0,36,78,67,62,243,C,60.75,85.6,5.6
std-2774,male,group C,associate's degree,0,0,39,65,100,44,248,C,62.0,85.5,6.2
std-2775,male,group E,some college,0,0,34,68,50,55,207,C,51.75,83.9,2.8
std-2776,male,group B,high school,1,0,31,100,54,53,238,C,59.5,83.0,4.5
std-2777,male,group E,bachelor's degree,1,1,68,50,52,56,226,C,56.5,74.6,7.6
std-2778,male,group D,some college,1,0,69,73,29,44,215,C,53.75,74.4,3.5
std-2779,male,group D,bachelor's degree,1,1,85,76,33,86,280,B,70.0,77.4,9.7
std-2780,male,group E,some college,0,0,13,75,83,68,239,C,59.75,100.0,6.5
std-2781,male,group A,some college,0,0,76,80,67,82,305,B,76.25,88.3,12.4
std-2782,male,group C,high school,1,0,99,49,66,28,242,C,60.5,73.9,6.2
std-2783,male,group B,high school,1,1,0,86,68,78,232,C,58.0,81.5,2.9
std-2784,male,group A,some college,0,0,29,65,30,65,189,D,47.25,64.6,7.1
std-2785,male,group C,high school,1,1,67,94,48,80,289,B,72.25,95.5,8.6
std-2786,male,group E,some college,1,1,41,65,65,71,242,C,60.5,72.2,13.0
std-2787,male,group C,some high school,0,1,100,60,96,91,347,A,86.75,91.3,14.1
std-2788,male,group D,some high school,1,0,68,87,94,60,309,B,77.25,93.3,5.8
std-2789,male,group C,high school,0,1,32,26,52,67,177,D,44.25,76.2,8.2
std-2790,male,group B,some high school,1,1,37,87,75,38,237,C,59.25,78.6,6.4
std-2791,male,group A,high school,1,0,100,53,87,66,306,B,76.5,83.5,7.0
std-2792,male,group C,high school,0,0,16,50,81,80,227,C,56.75,76.4,6.8
std-2793,male,group C,associate's degree,0,1,78,80,51,59,268,B,67.0,75.1,11.4
std-2794,male,group C,associate's degree,0,0,56,100,68,64,288,B,72.0,77.9,8.8
std-2795,male,group D,some college,1,1,42,75,64,83,264,B,66.0,93.3,8.7
std-2796,male,group D,bachelor's degree,1,0,42,52,50,46,190,D,47.5,72.8,10.4
std-2797,male,group D,high school,1,0,31,32,74,61,198,D,49.5,67.4,3.5
std-2798,male,group D,associate's degree,1,0,28,30,77,73,208,C,52.0,70.7,0.6
std-2799,male,group C,some high school,1,1,72,100,100,67,339,A,84.75,96.0,6.7
std-2800,male,group D,some high school,0,1,18,86,49,70,223,C,55.75,82.6,11.2
std-2801,male,group C,bachelor's degree,1,1,49,100,57,77,283,B,70.75,86.6,8.7
std-2802,male,group D,high school,1,0,29,56,74,59,218,C,54.5,73.8,5.3
std-2803,male,group E,some college,0,0,45,61,49,88,243,C,60.75,83.4,4.1
std-2804,male,group C,bachelor's degree,0,0,47,74,70,32,223,C,55.75,70.8,3.9
std-2805,male,group A,some college,1,0,62,98,54,59,273,B,68.25,78.3,4.2
std-2806,male,group D,associate's degree,1,1,33,17,83,27,160,D,40.0,80.1,7.2
std-2807,male,group E,some high school,0,1,74,87,79,58,298,B,74.5,90.6,9.0
std-2808,male,group D,high school,1,0,36,61,74,72,243,C,60.75,69.4,6.6
std-2809,male,group B,some college,1,1,93,76,71,47,287,B,71.75,74.1,9.9
std-2810,male,group C,some college,1,0,36,98,40,77,251,B,62.75,79.8,4.6
std-2811,male,group A,bachelor's degree,0,1,79,89,94,38,300,B,75.0,98.4,5.7
std-2812,male,group D,some college,1,1,49,100,52,58,259,B,64.75,62.3,4.5
std-2813,male,group C,associate's degree,0,1,76,87,57,59,279,B,69.75,83.7,16.4
std-2814,male,group B,high school,0,0,89,17,50,91,247,C,61.75,66.1,9.3
std-2815,male,group C,some high school,0,1,42,81,61,21,205,C,51.25,69.3,10.4
std-2816,male,group D,some high school,0,0,100,86,56,63,305,B,76.25,80.0,5.3
std-2817,male,group C,bachelor's degree,1,0,50,58,62,57,227,C,56.75,73.1,5.1
std-2818,male,group C,some college,0,0,69,100,96,71,336,A,84.0,81.1,5.6
std-2819,male,group D,high school,1,0,26,95,34,61,216,C,54.0,76.0,1.6
std-2820,male,group A,some high school,1,1,60,54,30,68,212,C,53.0,70.8,5.8
std-2821,male,group B,associate's degree,1,0,82,95,99,97,373,A,93.25,75.8,11.9
std-2822,male,group B,some high school,1,1,78,83,59,66,286,B,71.5,88.8,11.1
std-2823,male,group D,master's degree,1,0,72,51,66,37,226,C,56.5,83.6,2.7
std-2824,male,group C,high school,0,0,60,71,57,87,275,B,68.75,88.4,5.5
std-2825,male,group C,high school,0,0,70,55,10,74,209,C,52.25,61.5,6.6
std-2826,male,group E,some high school,0,1,34,54,66,80,234,C,58.5,80.1,6.3
std-2827,male,group D,some college,1,1,41,56,90,46,233,C,58.25,83.5,7.9
std-2828,male,group C,some college,1,1,50,71,75,43,239,C,59.75,68.6,8.9
std-2829,male,group B,high school,0,0,71,89,64,91,315,B,78.75,84.2,8.2
std-2830,male,group C,associate's degree,1,1,22,87,67,59,235,C,58.75,76.5,8.4
std-2831,male,group B,associate's degree,1,0,77,64,89,62,292,B,73.0,98.8,5.0
std-2832,male,group D,master's degree,0,1,33,88,42,78,241,C,60.25,95.4,6.6
std-2833,male,group D,some college,1,0,100,95,72,100,367,A,91.75,73.5,5.6
std-2834,male,group C,high school,1,0,52,100,49,88,289,B,72.25,100.0,2.7
std-2835,male,group E,associate's degree,1,0,51,67,71,88,277,B,69.25,72.8,6.0
std-2836,male,group D,high school,1,0,45,68,66,74,253,B,63.25,87.9,7.8
std-2837,male,group D,associate's degree,1,0,9,41,58,67,175,D,43.75,81.3,0.4
std-2838,male,group C,associate's degree,1,0,79,88,60,72,299,B,74.75,73.9,7.5
std-2839,male,group D,some high school,0,0,84,52,47,48,231,C,57.75,81.6,7.2
std-2840,male,group B,high school,1,0,60,80,85,79,304,B,76.0,82.3,2.3
std-2841,male,group D,some college,1,0,31,71,62,50,214,C,53.5,80.8,4.1
std-2842,male,group C,some high school,1,0,8,55,66,47,176,D,44.0,74.7,8.0
std-2843,male,group D,high school,1,1,43,100,61,61,265,B,66.25,90.8,9.9
std-2844,male,group E,some college,0,0,77,76,67,27,247,C,61.75,79.2,0.9
std-2845,male,group B,high school,0,0,18,85,99,78,280,B,70.0,79.7,8.0
std-2846,male,group C,high school,1,1,48,54,91,100,293,B,73.25,92.2,7.3
std-2847,male,group D,bachelor's degree,0,0,29,67,100,62,258,B,64.5,84.7,7.6
std-2848,male,group E,associate's degree,1,0,55,100,77,12,244,C,61.0,84.9,3.8
std-2849,male,group A,associate's degree,1,0,25,79,73,46,223,C,55.75,70.6,4.9
std-2850,male,group B,high school,1,0,53,77,50,9,189,D,47.25,64.3,2.9
std-2851,male,group A,associate's degree,0,0,43,97,59,41,240,C,60.0,72.8,5.4
std-2852,male,group E,some high school,1,0,38,75,87,48,248,C,62.0,73.0,4.2
std-2853,male,group B,master's degree,0,1,64,88,82,78,312,B,78.0,91.0,9.1
std-2854,male,group E,bachelor's degree,1,1,70,72,43,33,218,C,54.5,84.9,4.5
std-2855,male,group B,high school,0,0,97,58,54,100,309,B,77.25,82.3,8.3
std-2856,male,group A,some college,0,1,16,78,39,97,230,C,57.5,90.0,8.1
std-2857,male,group C,associate's degree,0,0,55,98,55,77,285,B,71.25,94.0,2.4
std-2858,male,group D,bachelor's degree,1,1,49,67,61,76,253,B,63.25,81.2,10.7
std-2859,male,group C,master's degree,0,0,69,71,91,39,270,B,67.5,73.0,5.7
std-2860,male,group C,high school,1,0,37,92,66,66,261,B,65.25,93.9,6.3
std-2861,male,group C,bachelor's degree,0,0,81,98,94,83,356,A,89.0,87.0,10.1
std-2862,male,group C,master's degree,0,0,22,66,73,51,212,C,53.0,76.8,5.6
std-2863,male,group C,some college,1,0,95,52,51,100,298,B,74.5,79.7,9.7
std-2864,male,group E,high school,0,0,13,92,29,40,174,D,43.5,64.5,3.1
std-2865,male,group C,master's degree,1,1,26,89,62,54,231,C,57.75,64.0,10.3
std-2866,male,group B,some college,0,1,41,71,100,74,286,B,71.5,87.5,9.3
std-2867,male,group D,associate's degree,1,0,42,65,100,88,295,B,73.75,75.5,8.0
std-2868,male,group C,associate's degree,1,0,48,87,42,41,218,C,54.5,100.0,5.9
std-2869,male,group E,some high school,1,0,44,80,44,36,204,C,51.0,65.2,7.7
std-2870,male,group A,some high school,1,1,45,75,73,71,264,B,66.0,68.6,10.3
std-2871,male,group D,high school,1,1,74,30,59,62,225,C,56.25,81.3,6.5
std-2872,male,group C,associate's degree,0,1,63,57,45,75,240,C,60.0,91.7,6.3
std-2873,male,group D,some high school,1,0,13,91,68,31,203,C,50.75,75.5,4.4
std-2874,male,group E,some college,1,0,67,74,81,41,263,B,65.75,85.0,4.1
std-2875,male,group D,bachelor's degree,1,1,40,71,57,87,255,B,63.75,62.6,5.6
std-2876,male,group B,master's degree,1,0,21,87,95,58,261,B,65.25,73.6,0.6
std-2877,male,group D,associate's degree,0,1,63,68,100,44,275,B,68.75,71.2,4.9
std-2878,male,group B,high school,1,0,47,65,76,75,263,B,65.75,62.8,10.9
std-2879,male,group C,associate's degree,0,0,46,100,91,81,318,B,79.5,85.5,5.6
std-2880,male,group B,high school,1,0,43,84,61,39,227,C,56.75,56.7,9.9
std-2881,male,group E,master's degree,1,0,17,48,23,50,138,Fail,34.5,57.6,4.0
std-2882,male,group C,bachelor's degree,1,0,80,60,67,87,294,B,73.5,77.6,6.6
std-2883,male,group C,bachelor's degree,0,0,20,100,76,26,222,C,55.5,69.0,1.2
std-2884,male,group C,some college,1,1,86,75,100,90,351,A,87.75,90.7,10.5
std-2885,male,group A,some college,1,0,27,45,29,41,142,Fail,35.5,72.6,7.8
std-2886,male,group D,high school,1,0,59,100,100,60,319,B,79.75,92.5,11.2
std-2887,male,group B,some college,1,1,59,100,61,56,276,B,69.0,87.7,9.5
std-2888,male,group C,high school,1,0,52,60,71,81,264,B,66.0,90.2,3.1
std-2889,male,group D,some college,0,1,33,58,64,53,208,C,52.0,75.3,4.8
std-2890,male,group E,master's degree,1,1,27,83,66,16,192,D,48.0,76.7,4.6
std-2891,male,group B,associate's degree,0,0,33,78,45,74,230,C,57.5,81.7,8.4
std-2892,male,group D,associate's degree,1,0,45,85,79,43,252,B,63.0,80.2,9.8
std-2893,male,group D,some college,1,0,66,45,85,39,235,C,58.75,74.0,5.8
std-2894,male,group C,some college,0,0,52,32,100,60,244,C,61.0,75.3,4.8
std-2895,male,group D,associate's degree,1,0,32,46,56,67,201,C,50.25,67.4,8.4
std-2896,male,group C,master's degree,1,1,20,83,80,59,242,C,60.5,81.9,5.5
std-2897,male,group A,master's degree,0,0,29,79,62,51,221,C,55.25,75.5,5.1
std-2898,male,group D,some high school,1,0,36,100,69,83,288,B,72.0,76.0,7.7
std-2899,male,group C,associate's degree,1,0,23,82,69,81,255,B,63.75,73.2,3.6
std-2900,male,group A,some college,0,0,48,68,63,51,230,C,57.5,66.2,3.6
std-2901,male,group D,bachelor's degree,1,0,36,59,10,35,140,Fail,35.0,78.5,1.3
std-2902,male,group C,master's degree,1,1,69,91,46,71,277,B,69.25,81.7,12.3
std-2903,male,group C,some college,0,0,54,78,53,70,255,B,63.75,71.4,10.6
std-2904,male,group B,high school,0,0,48,85,78,61,272,B,68.0,87.9,6.5
std-2905,male,group D,bachelor's degree,0,0,55,39,82,94,270,B,67.5,75.4,5.5
std-2906,male,group B,some college,1,1,20,100,70,56,246,C,61.5,65.8,6.6
std-2907,male,group B,some college,1,1,100,88,51,47,286,B,71.5,90.9,9.0
std-2908,male,group C,bachelor's degree,1,0,20,56,75,41,192,D,48.0,69.1,2.9
std-2909,male,group C,high school,1,0,75,100,50,59,284,B,71.0,77.9,6.2
std-2910,male,group D,some high school,1,1,36,76,72,86,270,B,67.5,80.8,9.7
std-2911,male,group C,some college,1,0,52,89,22,55,218,C,54.5,86.4,3.9
std-2912,male,group E,bachelor's degree,0,1,42,78,86,38,244,C,61.0,78.5,7.5
std-2913,male,group D,some college,1,1,47,83,78,100,308,B,77.0,72.8,9.1
std-2914,male,group D,high school,0,0,38,85,74,60,257,B,64.25,84.3,5.0
std-2915,male,group D,associate's degree,1,1,33,59,52,82,226,C,56.5,72.4,6.5
std-2916,male,group B,high school,1,0,44,28,95,44,211,C,52.75,92.5,6.6
std-2917,male,group C,some college,1,0,44,85,30,86,245,C,61.25,78.4,1.1
std-2918,male,group E,high school,0,0,34,54,64,31,183,D,45.75,53.1,8.0
std-2919,male,group D,high school,1,0,13,77,52,45,187,D,46.75,76.8,4.5
std-2920,male,group D,high school,1,0,61,49,67,100,277,B,69.25,98.5,7.8
std-2921,male,group E,bachelor's degree,0,1,81,51,37,50,219,C,54.75,90.4,9.2
std-2922,male,group C,some college,1,0,77,62,71,78,288,B,72.0,98.4,4.8
std-2923,male,group B,associate's degree,1,0,13,66,70,51,200,C,50.0,65.5,2.2
std-2924,male,group B,high school,0,0,25,87,61,72,245,C,61.25,86.6,3.0
std-2925,male,group B,some high school,0,0,37,70,77,72,256,B,64.0,72.8,5.2
std-2926,male,group D,some college,1,0,29,79,47,44,199,D,49.75,76.6,6.2
std-2927,male,group E,some college,0,1,45,100,88,98,331,A,82.75,74.0,8.6
std-2928,male,group A,high school,1,0,15,50,63,50,178,D,44.5,67.0,5.5
std-2929,male,group B,some college,1,0,88,93,83,79,343,A,85.75,80.4,1.9
std-2930,male,group B,some college,1,0,71,78,32,77,258,B,64.5,87.5,4.9
std-2931,male,group D,some college,1,0,39,100,79,100,318,B,79.5,91.6,10.2
std-2932,male,group C,some high school,1,1,58,57,94,72,281,B,70.25,83.8,8.5
std-2933,male,group E,some college,1,0,36,100,100,62,298,B,74.5,70.6,4.7
std-2934,male,group E,high school,1,1,29,44,79,75,227,C,56.75,74.1,6.0
std-2935,male,group B,high school,1,0,45,100,90,70,305,B,76.25,76.6,0.0
std-2936,male,group C,some college,1,1,80,93,58,52,283,B,70.75,89.3,6.4
std-2937,male,group E,master's degree,0,0,0,49,45,49,143,Fail,35.75,80.5,5.8
std-2938,male,group D,associate's degree,0,0,28,83,56,30,197,D,49.25,83.9,2.9
std-2939,male,group D,associate's degree,1,0,10,88,65,48,211,C,52.75,68.8,3.6
std-2940,male,group D,bachelor's degree,0,1,64,87,66,58,275,B,68.75,56.2,2.9
std-2941,male,group B,high school,1,0,39,44,59,56,198,D,49.5,58.6,0.3
std-2942,male,group E,some college,1,1,17,91,49,79,236,C,59.0,90.4,10.8
std-2943,male,group B,bachelor's degree,0,1,49,100,85,79,313,B,78.25,80.4,11.2
std-2944,male,group E,some high school,0,0,39,60,52,46,197,D,49.25,67.6,1.2
std-2945,male,group C,bachelor's degree,0,0,80,100,82,64,326,A,81.5,99.8,5.9
std-2946,male,group B,some college,0,0,42,85,60,65,252,B,63.0,90.3,5.6
std-2947,male,group C,bachelor's degree,0,1,63,57,100,77,297,B,74.25,82.9,6.3
std-2948,male,group D,associate's degree,1,0,20,82,71,100,273,B,68.25,78.0,1.2
std-2949,male,group D,master's degree,1,0,71,58,31,35,195,D,48.75,73.0,4.0
std-2950,male,group C,bachelor's degree,0,0,68,63,56,94,281,B,70.25,83.4,7.8
std-2951,male,group E,associate's degree,0,1,41,68,59,55,223,C,55.75,90.9,9.0
std-2952,male,group A,some college,1,0,29,64,75,78,246,C,61.5,82.2,7.7
std-2953,male,group D,bachelor's degree,0,1,86,75,52,48,261,B,65.25,86.2,4.5
std-2954,male,group B,some high school,1,1,57,70,52,67,246,C,61.5,89.0,8.2
std-2955,male,group D,high school,0,0,44,94,99,63,300,B,75.0,72.4,6.2
std-2956,male,group C,some college,1,1,51,97,55,49,252,B,63.0,85.7,8.0
std-2957,male,group D,associate's degree,1,1,53,91,58,81,283,B,70.75,78.9,8.4
std-2958,male,group C,high school,0,1,58,86,45,85,274,B,68.5,58.1,7.1
std-2959,male,group B,some high school,1,0,81,39,39,76,235,C,58.75,58.4,0.0
std-2960,male,group C,high school,1,0,75,62,69,92,298,B,74.5,73.6,9.7
std-2961,male,group B,bachelor's degree,0,1,39,75,64,28,206,C,51.5,79.9,7.9
std-2962,male,group E,bachelor's degree,1,1,30,83,50,71,234,C,58.5,78.5,4.1
std-2963,male,group D,bachelor's degree,0,0,38,90,37,39,204,C,51.0,76.6,5.7
std-2964,male,group C,some college,1,1,32,80,68,50,230,C,57.5,94.7,6.6
std-2965,male,group B,associate's degree,1,0,79,38,55,23,195,D,48.75,62.8,3.3
std-2966,male,group E,bachelor's degree,0,0,32,49,56,100,237,C,59.25,77.5,3.4
std-2967,male,group C,some college,1,0,39,73,67,60,239,C,59.75,80.6,6.7
std-2968,male,group C,some college,1,0,34,61,35,70,200,C,50.0,68.0,2.5
std-2969,male,group D,high school,0,1,59,100,95,100,354,A,88.5,87.6,7.9
std-2970,male,group E,master's degree,1,1,15,60,57,74,206,C,51.5,60.7,9.9
std-2971,male,group E,high school,1,0,53,74,74,37,238,C,59.5,90.5,4.9
std-2972,male,group E,some high school,1,0,0,76,34,64,174,D,43.5,66.4,3.5
std-2973,male,group A,high school,0,0,54,59,50,93,256,B,64.0,97.6,7.5
std-2974,male,group D,associate's degree,1,0,62,57,69,85,273,B,68.25,80.4,4.5
std-2975,male,group D,master's degree,1,1,22,68,84,51,225,C,56.25,86.0,6.4
std-2976,male,group D,bachelor's degree,1,0,100,89,85,89,363,A,90.75,87.6,9.1
std-2977,male,group C,bachelor's degree,1,0,96,70,42,95,303,B,75.75,82.9,3.1
std-2978,male,group B,some high school,1,1,62,90,51,79,282,B,70.5,76.2,9.5
std-2979,male,group B,some college,1,0,56,52,41,78,227,C,56.75,77.9,3.2
std-2980,male,group D,some college,1,1,40,64,90,64,258,B,64.5,82.3,10.5
std-2981,male,group B,high school,1,1,75,68,65,84,292,B,73.0,75.2,10.5
std-2982,male,group C,bachelor's degree,1,1,46,65,76,77,264,B,66.0,78.8,9.5
std-2983,male,group C,bachelor's degree,1,1,88,65,100,51,304,B,76.0,77.8,5.4
std-2984,male,group D,high school,0,0,38,58,67,93,256,B,64.0,100.0,5.5
std-2985,male,group D,some high school,1,0,53,91,77,77,298,B,74.5,81.9,3.8
std-2986,male,group D,bachelor's degree,1,0,28,73,59,57,217,C,54.25,90.0,4.8
std-2987,male,group E,some high school,0,0,73,84,82,42,281,B,70.25,79.6,0.6
std-2988,male,group C,some high school,0,1,35,66,58,91,250,B,62.5,81.1,4.3
std-2989,male,group B,high school,0,0,54,87,68,52,261,B,65.25,67.8,8.9
std-2990,male,group D,associate's degree,1,0,32,61,68,96,257,B,64.25,75.3,6.7
std-2991,male,group D,high school,1,1,41,60,100,100,301,B,75.25,84.9,8.5
std-2992,male,group C,some college,1,0,47,60,77,44,228,C,57.0,91.2,2.9
std-2993,male,group B,some high school,1,1,36,53,82,64,235,C,58.75,79.5,5.1
std-2994,male,group B,associate's degree,1,0,35,79,54,49,217,C,54.25,88.5,5.4
std-2995,male,group A,associate's degree,1,1,63,52,40,48,203,C,50.75,80.7,6.2
std-2996,male,group C,associate's degree,1,0,72,99,61,87,319,B,79.75,99.1,11.1
std-2997,male,group E,some college,1,0,76,38,29,43,186,D,46.5,73.0,3.7
std-2998,male,group B,some college,1,0,32,79,42,48,201,C,50.25,96.2,4.6
std-2999,male,group C,bachelor's degree,1,0,32,67,89,83,271,B,67.75,76.1,2.7
std-3000,male,group D,some high school,0,0,54,51,48,80,233,C,58.25,70.5,4.3
std-3001,male,group C,high school,1,0,45,17,100,67,229,C,57.25,66.2,5.6
std-3002,male,group D,associate's degree,1,0,87,77,72,68,304,B,76.0,100.0,6.0
std-3003,male,group D,associate's degree,0,1,45,91,64,53,253,B,63.25,86.4,7.0
std-3004,male,group C,high school,1,1,58,65,35,96,254,B,63.5,76.1,9.1
std-3005,male,group E,bachelor's degree,0,1,45,73,42,63,223,C,55.75,87.8,11.3
std-3006,male,group C,high school,1,0,23,45,85,89,242,C,60.5,84.3,5.8
std-3007,male,group B,some college,0,0,66,38,61,34,199,D,49.75,92.3,7.3
std-3008,male,group C,bachelor's degree,1,1,62,77,83,51,273,B,68.25,66.8,10.2
std-3009,male,group A,associate's degree,1,0,45,68,69,42,224,C,56.0,74.2,7.7
std-3010,male,group B,some high school,0,0,8,83,67,37,195,D,48.75,70.1,2.8
std-3011,male,group B,bachelor's degree,1,1,72,92,69,57,290,B,72.5,64.3,8.6
std-3012,male,group C,associate's degree,1,1,39,95,53,57,244,C,61.0,87.8,7.5
std-3013,male,group C,master's degree,0,1,39,68,91,57,255,B,63.75,76.8,9.6
std-3014,male,group D,high school,1,0,24,88,47,54,213,C,53.25,82.4,6.8
std-3015,male,group B,high school,1,0,53,60,85,66,264,B,66.0,100.0,6.3
std-3016,male,group E,master's degree,1,1,81,17,69,37,204,C,51.0,71.8,9.3
std-3017,male,group D,master's degree,0,0,27,82,63,55,227,C,56.75,73.1,3.7
std-3018,male,group D,high school,0,0,30,84,66,54,234,C,58.5,78.5,7.5
std-3019,male,group D,associate's degree,1,0,58,91,63,96,308,B,77.0,92.5,9.6
std-3020,male,group B,bachelor's degree,0,1,51,64,92,56,263,B,65.75,74.8,10.2
std-3021,male,group C,some high school,1,0,40,92,55,57,244,C,61.0,72.6,5.8
std-3022,male,group C,some college,0,1,51,74,84,86,295,B,73.75,92.0,11.0
std-3023,male,group B,associate's degree,0,0,52,79,59,33,223,C,55.75,80.0,2.8
std-3024,male,group C,master's degree,0,0,26,63,66,85,240,C,60.0,59.5,5.9
std-3025,male,group C,associate's degree,1,0,55,82,78,82,297,B,74.25,71.6,7.5
std-3026,male,group B,high school,0,0,89,73,64,82,308,B,77.0,97.1,3.7
std-3027,male,group B,high school,0,1,66,56,62,18,202,C,50.5,78.4,8.2
std-3028,male,group E,high school,0,0,48,61,61,67,237,C,59.25,70.8,2.2
std-3029,male,group B,associate's degree,0,0,78,75,98,84,335,A,83.75,84.3,6.6
std-3030,male,group B,high school,1,1,37,64,62,75,238,C,59.5,77.9,8.0
std-3031,male,group E,associate's degree,1,0,33,75,78,47,233,C,58.25,84.0,3.4
std-3032,male,group D,bachelor's degree,0,0,50,65,62,62,239,C,59.75,65.6,5.6
std-3033,male,group C,some high school,1,0,80,67,65,52,264,B,66.0,72.4,6.1
std-3034,male,group A,associate's degree,1,0,6,74,65,47,192,D,48.0,76.4,2.2
std-3035,male,group A,high school,0,0,70,63,48,66,247,C,61.75,77.6,7.0
std-3036,male,group A,high school,1,0,48,62,74,71,255,B,63.75,84.3,3.9
std-3037,male,group B,some college,1,0,83,61,79,69,292,B,73.0,71.2,12.4
std-3038,male,group C,some college,0,0,27,100,79,64,270,B,67.5,83.6,5.8
std-3039,male,group D,some college,1,1,98,95,81,66,340,A,85.0,96.0,7.3
std-3040,male,group D,associate's degree,0,0,11,100,70,85,266,B,66.5,84.5,3.6
std-3041,male,group C,associate's degree,1,1,38,85,83,93,299,B,74.75,84.1,12.2
std-3042,male,group D,some college,1,0,75,90,78,52,295,B,73.75,81.6,5.7
std-3043,male,group D,bachelor's degree,1,0,30,68,62,82,242,C,60.5,70.6,2.1
std-3044,male,group C,high school,1,0,17,38,50,64,169,D,42.25,71.4,5.9
std-3045,male,group B,some college,0,0,26,78,49,43,196,D,49.0,85.6,3.3
std-3046,male,group D,some high school,0,1,35,97,51,52,235,C,58.75,76.5,9.4
std-3047,male,group E,some college,1,1,76,99,98,100,373,A,93.25,80.9,13.4
std-3048,male,group C,some college,1,0,25,63,47,86,221,C,55.25,71.9,5.7
std-3049,male,group C,high school,1,1,35,39,63,42,179,D,44.75,74.7,12.5
std-3050,male,group A,high school,0,0,63,76,57,62,258,B,64.5,76.1,1.5
std-3051,male,group C,high school,1,0,70,77,65,44,256,B,64.0,83.6,3.7
std-3052,male,group B,some college,1,1,64,95,73,77,309,B,77.25,88.4,8.9
std-3053,male,group A,high school,1,1,100,75,61,43,279,B,69.75,89.2,14.5
std-3054,male,group D,high school,1,0,85,58,66,78,287,B,71.75,94.7,11.0
std-3055,male,group D,high school,0,0,43,66,54,45,208,C,52.0,84.3,7.9
std-3056,male,group C,high school,1,0,49,72,65,100,286,B,71.5,73.3,4.5
std-3057,male,group D,some college,1,0,66,84,49,58,257,B,64.25,71.2,4.1
std-3058,male,group C,some college,0,1,23,87,85,82,277,B,69.25,80.3,6.7
std-3059,male,group E,master's degree,1,0,57,54,64,43,218,C,54.5,72.1,2.9
std-3060,male,group A,bachelor's degree,1,0,53,56,100,42,251,B,62.75,68.6,9.4
std-3061,male,group B,associate's degree,1,0,66,63,68,73,270,B,67.5,76.5,5.5
std-3062,male,group D,master's degree,1,0,15,65,90,37,207,C,51.75,71.0,4.4
std-3063,male,group C,high school,1,0,61,92,86,100,339,A,84.75,80.1,9.7
std-3064,male,group D,some high school,0,0,38,66,67,55,226,C,56.5,74.0,0.9
std-3065,male,group E,some college,1,0,50,79,70,97,296,B,74.0,93.2,6.9
std-3066,male,group D,some high school,1,1,59,85,86,56,286,B,71.5,83.5,6.3
std-3067,male,group D,bachelor's degree,0,0,19,68,72,38,197,D,49.25,96.6,3.7
std-3068,male,group C,some college,0,1,11,58,59,37,165,D,41.25,73.3,4.7
std-3069,male,group D,some college,0,1,44,76,57,46,223,C,55.75,73.9,5.9
std-3070,male,group D,master's degree,1,1,69,17,90,38,214,C,53.5,75.8,7.9
std-3071,male,group C,associate's degree,1,0,26,91,82,9,208,C,52.0,77.6,5.2
std-3072,male,group D,some college,0,0,28,45,66,63,202,C,50.5,78.7,4.0
std-3073,male,group C,associate's degree,0,1,46,100,74,40,260,B,65.0,98.3,9.3
std-3074,male,group C,high school,0,0,35,65,64,47,211,C,52.75,67.9,2.6
std-3075,male,group B,master's degree,1,0,33,100,54,71,258,B,64.5,87.2,7.5
std-3076,male,group B,some college,1,1,69,77,41,81,268,B,67.0,82.1,8.1
std-3077,male,group C,some high school,0,0,48,86,60,62,256,B,64.0,65.1,4.6
std-3078,male,group B,some college,1,0,74,93,79,100,346,A,86.5,93.7,5.9
std-3079,male,group C,high school,1,1,35,81,73,28,217,C,54.25,87.5,6.8
std-3080,male,group E,some college,1,1,63,98,87,51,299,B,74.75,75.1,14.0
std-3081,male,group D,some high school,1,0,22,82,87,9,200,C,50.0,74.6,4.3
std-3082,male,group C,some college,1,1,88,87,73,78,326,A,81.5,69.5,7.1
std-3083,male,group D,high school,1,0,56,79,67,77,279,B,69.75,69.8,8.6
std-3084,male,group B,high school,1,1,68,67,81,65,281,B,70.25,90.8,7.7
std-3085,male,group B,bachelor's degree,1,0,21,90,89,88,288,B,72.0,77.7,7.3
std-3086,male,group A,master's degree,1,1,46,47,77,33,203,C,50.75,64.9,5.5
std-3087,male,group C,high school,0,0,47,77,58,53,235,C,58.75,79.6,8.5
std-3088,male,group C,high school,1,0,55,82,63,88,288,B,72.0,77.2,5.1
std-3089,male,group E,some college,0,1,80,91,50,49,270,B,67.5,76.2,12.1
std-3090,male,group A,bachelor's degree,1,1,53,68,68,55,244,C,61.0,84.9,5.4
std-3091,male,group C,some college,1,0,48,46,39,58,191,D,47.75,63.4,3.5
std-3092,male,group E,some college,1,0,22,52,34,35,143,Fail,35.75,61.8,6.6
std-3093,male,group C,high school,0,0,47,66,62,26,201,C,50.25,76.1,4.9
std-3094,male,group E,some college,1,0,38,88,69,100,295,B,73.75,91.2,12.4
std-3095,male,group D,some college,1,0,27,93,62,55,237,C,59.25,88.8,4.7
std-3096,male,group C,some college,0,0,52,52,83,49,236,C,59.0,71.6,6.0
std-3097,male,group C,some college,1,0,53,53,60,84,250,B,62.5,87.2,10.4
std-3098,male,group D,bachelor's degree,0,1,58,70,100,47,275,B,68.75,73.8,5.0
std-3099,male,group C,bachelor's degree,0,0,70,37,56,52,215,C,53.75,92.3,0.7
std-3100,male,group C,some high school,1,0,27,63,100,56,246,C,61.5,68.2,3.6
std-3101,male,group E,some college,1,1,57,79,79,43,258,B,64.5,91.4,10.4
std-3102,male,group B,high school,1,1,90,65,32,55,242,C,60.5,72.2,3.9
std-3103,male,group C,high school,1,1,74,100,76,45,295,B,73.75,100.0,10.7
std-3104,male,group C,associate's degree,0,0,61,71,77,59,268,B,67.0,85.6,7.4
std-3105,male,group D,some high school,1,1,84,17,81,72,254,B,63.5,70.0,13.3
std-3106,male,group B,high school,1,0,12,95,38,61,206,C,51.5,70.4,7.2
std-3107,male,group B,associate's degree,1,0,37,81,73,84,275,B,68.75,87.9,7.2
std-3108,male,group C,bachelor's degree,1,0,77,72,88,44,281,B,70.25,90.8,9.8
std-3109,male,group B,some high school,0,0,53,77,100,57,287,B,71.75,81.2,7.9
std-3110,male,group B,bachelor's degree,1,0,71,95,43,50,259,B,64.75,79.9,4.7
std-3111,male,group C,associate's degree,0,0,69,83,53,48,253,B,63.25,85.9,2.9
std-3112,male,group B,high school,0,0,53,17,54,60,184,D,46.0,74.5,2.7
std-3113,male,group E,some college,0,0,56,74,95,58,283,B,70.75,69.9,6.3
std-3114,male,group C,some college,0,1,50,78,78,68,274,B,68.5,73.4,9.2
std-3115,male,group B,associate's degree,1,1,32,79,73,65,249,C,62.25,80.8,2.8
std-3116,male,group C,some college,1,1,56,76,74,85,291,B,72.75,93.1,8.6
std-3117,male,group D,some college,1,1,99,93,72,90,354,A,88.5,100.0,10.7
std-3118,male,group C,high school,1,0,54,82,85,63,284,B,71.0,88.6,7.8
std-3119,male,group B,associate's degree,1,0,35,87,92,99,313,B,78.25,86.6,11.2
std-3120,male,group C,some high school,0,0,12,75,87,53,227,C,56.75,83.6,5.6
std-3121,male,group D,bachelor's degree,0,1,92,48,98,61,299,B,74.75,76.8,7.0
std-3122,male,group B,master's degree,1,1,27,85,57,51,220,C,55.0,74.9,2.9
std-3123,male,group D,some high school,0,0,84,58,79,63,284,B,71.0,74.2,8.2
std-3124,male,group D,some college,1,0,69,63,91,50,273,B,68.25,69.4,4.0
std-3125,male,group D,some high school,1,1,73,100,71,56,300,B,75.0,85.9,11.5
std-3126,male,group B,master's degree,1,1,52,70,65,100,287,B,71.75,83.5,12.5
std-3127,male,group E,some college,1,1,61,100,85,63,309,B,77.25,89.8,5.7
std-3128,male,group D,high school,0,0,65,83,46,48,242,C,60.5,83.0,6.8
std-3129,male,group C,some high school,0,0,52,68,64,74,258,B,64.5,81.6,9.1
std-3130,male,group C,some college,1,0,11,89,84,28,212,C,53.0,80.6,7.3
std-3131,male,group D,some college,1,0,61,61,64,100,286,B,71.5,81.4,1.3
std-3132,male,group D,bachelor's degree,1,0,59,78,81,63,281,B,70.25,85.1,4.2
std-3133,male,group B,some high school,0,0,52,82,58,60,252,B,63.0,72.4,2.5
std-3134,male,group B,high school,0,0,21,36,75,58,190,D,47.5,77.1,5.5
std-3135,male,group D,some college,1,0,35,96,78,44,253,B,63.25,85.0,6.8
std-3136,male,group D,master's degree,1,0,31,74,39,36,180,D,45.0,67.0,0.0
std-3137,male,group C,high school,1,0,60,70,49,80,259,B,64.75,80.0,5.1
std-3138,male,group C,some high school,0,0,24,60,30,59,173,D,43.25,66.8,5.8
std-3139,male,group A,some high school,1,1,38,77,100,77,292,B,73.0,77.5,9.5
std-3140,male,group C,associate's degree,1,0,35,88,79,39,241,C,60.25,67.9,5.8
std-3141,male,group E,associate's degree,0,0,46,55,91,71,263,B,65.75,91.2,5.0
std-3142,male,group A,associate's degree,0,0,43,44,54,32,173,D,43.25,82.0,1.2
std-3143,male,group E,bachelor's degree,1,1,61,59,76,55,251,B,62.75,83.7,8.1
std-3144,male,group C,high school,0,1,44,97,93,79,313,B,78.25,100.0,9.8
std-3145,male,group B,bachelor's degree,0,1,61,67,28,50,206,C,51.5,73.4,8.6
std-3146,male,group C,some college,0,0,80,35,65,81,261,B,65.25,100.0,7.7
std-3147,male,group C,associate's degree,0,0,56,70,79,71,276,B,69.0,78.9,6.5
std-3148,male,group B,bachelor's degree,0,0,59,86,27,76,248,C,62.0,80.9,8.3
std-3149,male,group B,associate's degree,0,1,81,63,67,11,222,C,55.5,72.9,6.6
std-3150,male,group C,some high school,1,1,58,71,97,46,272,B,68.0,83.9,5.1
std-3151,male,group D,bachelor's degree,1,0,68,55,66,99,288,B,72.0,89.4,7.7
std-3152,male,group C,some college,0,1,86,48,58,22,214,C,53.5,74.8,7.6
std-3153,male,group E,associate's degree,1,0,47,42,33,50,172,D,43.0,88.3,5.0
std-3154,male,group A,some high school,1,1,42,87,90,75,294,B,73.5,84.6,6.0
std-3155,male,group D,master's degree,1,1,46,86,64,39,235,C,58.75,80.0,12.3
std-3156,male,group C,associate's degree,1,0,22,51,83,64,220,C,55.0,68.1,6.7
std-3157,male,group D,high school,1,0,51,40,88,65,244,C,61.0,82.0,4.8
std-3158,male,group C,bachelor's degree,0,0,76,85,38,56,255,B,63.75,78.0,3.4
std-3159,male,group B,master's degree,1,0,45,100,90,46,281,B,70.25,75.9,9.1
std-3160,male,group C,high school,1,1,100,83,73,100,356,A,89.0,80.6,7.9
std-3161,male,group D,high school,1,0,40,89,62,66,257,B,64.25,100.0,11.5
std-3162,male,group D,some high school,1,1,44,76,73,51,244,C,61.0,75.9,6.5
std-3163,male,group D,some high school,0,0,32,79,53,54,218,C,54.5,63.0,9.2
std-3164,male,group C,master's degree,0,0,35,53,40,65,193,D,48.25,67.8,3.8
std-3165,male,group A,high school,1,0,46,69,39,53,207,C,51.75,74.8,8.6
std-3166,male,group C,associate's degree,0,1,34,64,89,97,284,B,71.0,86.5,7.1
std-3167,male,group B,master's degree,1,1,36,100,49,60,245,C,61.25,83.4,8.1
std-3168,male,group E,high school,1,1,63,72,47,73,255,B,63.75,85.3,10.3
std-3169,male,group D,bachelor's degree,1,1,20,56,61,50,187,D,46.75,67.8,8.3
std-3170,male,group B,some college,1,0,87,47,10,86,230,C,57.5,80.2,7.9
std-3171,male,group B,associate's degree,0,0,18,44,25,89,176,D,44.0,64.8,2.7
std-3172,male,group D,high school,0,0,73,67,81,32,253,B,63.25,73.4,5.9
std-3173,male,group C,some college,1,0,35,55,59,95,244,C,61.0,70.0,8.6
std-3174,male,group A,some high school,1,1,12,49,69,47,177,D,44.25,62.0,4.7
std-3175,male,group C,some college,1,0,16,79,56,32,183,D,45.75,82.8,5.5
std-3176,male,group C,some high school,0,0,93,71,96,9,269,B,67.25,86.5,5.6
std-3177,male,group C,some high school,0,0,38,51,60,84,233,C,58.25,86.2,5.8
std-3178,male,group C,associate's degree,0,1,24,67,95,85,271,B,67.75,80.9,8.9
std-3179,male,group E,some high school,1,0,64,78,79,79,300,B,75.0,89.9,4.9
std-3180,male,group D,bachelor's degree,1,1,20,90,62,82,254,B,63.5,63.3,7.6
std-3181,male,group E,some college,1,0,72,53,58,43,226,C,56.5,84.6,5.4
std-3182,male,group C,bachelor's degree,1,0,57,98,46,89,290,B,72.5,83.7,6.3
std-3183,male,group D,some college,1,0,70,63,77,56,266,B,66.5,85.7,10.0
std-3184,male,group C,some college,1,1,37,52,56,81,226,C,56.5,80.2,10.1
std-3185,male,group C,high school,1,0,37,81,100,86,304,B,76.0,74.4,7.7
std-3186,male,group D,associate's degree,1,0,70,66,50,65,251,B,62.75,65.4,3.8
std-3187,male,group D,bachelor's degree,0,1,39,74,89,46,248,C,62.0,72.2,6.0
std-3188,male,group D,associate's degree,1,0,63,80,51,47,241,C,60.25,83.1,10.4
std-3189,male,group E,some college,1,1,58,65,62,31,216,C,54.0,82.2,4.8
std-3190,male,group E,some college,0,0,75,81,82,83,321,A,80.25,72.3,7.6
std-3191,male,group D,some high school,1,0,36,71,50,81,238,C,59.5,69.0,6.3
std-3192,male,group D,some high school,1,1,43,98,76,88,305,B,76.25,76.8,8.7
std-3193,male,group E,associate's degree,1,1,45,46,48,59,198,D,49.5,71.3,4.4
std-3194,male,group C,high school,0,1,11,60,37,33,141,Fail,35.25,57.5,3.6
std-3195,male,group B,some high school,1,0,89,89,97,14,289,B,72.25,69.2,5.2
std-3196,male,group C,high school,1,0,18,87,92,85,282,B,70.5,74.0,4.6
std-3197,male,group C,associate's degree,1,0,43,44,91,43,221,C,55.25,77.2,8.3
std-3198,male,group D,associate's degree,1,1,69,86,73,75,303,B,75.75,72.5,9.4
std-3199,male,group C,high school,0,0,67,83,56,94,300,B,75.0,81.9,5.5
std-3200,male,group C,high school,1,0,81,79,42,54,256,B,64.0,88.8,6.1
std-3201,male,group D,bachelor's degree,1,0,62,55,99,94,310,B,77.5,72.0,8.7
std-3202,male,group D,some college,0,0,16,71,60,54,201,C,50.25,72.9,3.6
std-3203,male,group C,some college,1,1,42,46,89,73,250,B,62.5,88.0,10.4
std-3204,male,group E,associate's degree,1,0,50,70,79,66,265,B,66.25,76.3,2.8
std-3205,male,group C,associate's degree,1,0,46,100,30,66,242,C,60.5,73.0,8.4
std-3206,male,group A,high school,1,0,43,81,50,63,237,C,59.25,88.2,5.3
std-3207,male,group D,high school,1,1,72,72,73,70,287,B,71.75,79.1,8.9
std-3208,male,group C,some college,0,0,61,49,73,34,217,C,54.25,86.0,3.1
std-3209,male,group E,associate's degree,0,0,29,62,76,59,226,C,56.5,80.7,2.0
std-3210,male,group C,some college,1,1,45,77,98,86,306,B,76.5,80.3,5.3
std-3211,male,group D,some college,0,1,38,89,95,67,289,B,72.25,86.3,7.2
std-3212,male,group C,bachelor's degree,0,1,91,41,62,95,289,B,72.25,84.9,10.5
std-3213,male,group C,some college,1,0,32,72,94,58,256,B,64.0,88.5,3.4
std-3214,male,group D,some college,1,0,77,63,45,29,214,C,53.5,70.9,0.9
std-3215,male,group C,master's degree,1,1,54,36,71,59,220,C,55.0,76.7,5.2
std-3216,male,group D,master's degree,1,0,36,58,87,50,231,C,57.75,76.7,4.2
std-3217,male,group E,master's degree,0,1,45,66,45,69,225,C,56.25,83.0,6.7
std-3219,male,group C,high school,0,0,68,62,54,89,273,B,68.25,71.5,5.9
std-3220,male,group B,bachelor's degree,1,0,25,66,70,53,214,C,53.5,85.0,7.4
std-3221,male,group A,some college,0,0,32,69,100,55,256,B,64.0,83.5,8.9
std-3222,male,group E,high school,1,0,87,25,61,11,184,D,46.0,61.5,9.1
std-3223,male,group D,associate's degree,1,0,71,96,37,71,275,B,68.75,91.7,2.2
std-3224,male,group D,some college,1,0,39,20,59,75,193,D,48.25,94.2,2.2
std-3225,male,group B,bachelor's degree,0,1,44,57,82,9,192,D,48.0,83.0,8.5
std-3226,male,group E,high school,0,0,49,23,67,61,200,C,50.0,87.5,3.3
std-3227,male,group E,high school,1,0,25,78,70,45,218,C,54.5,76.9,7.0
std-3228,male,group B,bachelor's degree,0,1,24,67,92,71,254,B,63.5,64.2,8.8
std-3229,male,group C,associate's degree,1,0,82,100,99,80,361,A,90.25,71.4,12.2
std-3230,male,group E,bachelor's degree,1,1,28,68,72,41,209,C,52.25,77.7,9.8
std-3231,male,group D,associate's degree,1,0,76,79,96,60,311,B,77.75,78.5,9.7
std-3232,male,group C,associate's degree,1,0,77,90,67,55,289,B,72.25,73.8,5.5
std-3233,male,group C,master's degree,1,0,32,55,94,72,253,B,63.25,78.5,5.5
std-3234,male,group D,bachelor's degree,1,1,19,71,55,98,243,C,60.75,83.7,7.2
std-3235,male,group C,associate's degree,0,1,54,58,81,50,243,C,60.75,65.1,4.2
std-3236,male,group E,associate's degree,1,1,59,94,66,71,290,B,72.5,78.0,12.8
std-3237,male,group B,associate's degree,1,0,12,92,94,48,246,C,61.5,92.0,7.4
std-3238,male,group D,some high school,1,1,94,54,76,66,290,B,72.5,72.4,8.2
std-3239,male,group A,high school,1,1,99,75,89,65,328,A,82.0,93.1,13.3
std-3240,male,group E,bachelor's degree,1,1,55,68,99,40,262,B,65.5,75.4,6.9
std-3241,male,group C,some high school,1,0,77,71,37,88,273,B,68.25,85.6,1.6
std-3242,male,group A,bachelor's degree,0,1,48,61,44,44,197,D,49.25,84.3,9.4
std-3243,male,group C,some college,1,0,54,72,69,76,271,B,67.75,87.2,3.0
std-3244,male,group C,master's degree,1,1,85,44,78,32,239,C,59.75,86.1,7.4
std-3245,male,group C,some high school,1,1,32,60,78,94,264,B,66.0,69.6,9.0
std-3246,male,group C,associate's degree,0,1,87,100,89,98,374,A,93.5,99.1,12.0
std-3247,male,group E,bachelor's degree,0,1,30,17,61,72,180,D,45.0,65.3,8.6
std-3248,male,group C,high school,0,1,58,49,63,68,238,C,59.5,80.1,9.3
std-3249,male,group B,some high school,1,0,60,35,55,38,188,D,47.0,76.0,5.6
std-3250,male,group D,master's degree,1,0,26,98,81,94,299,B,74.75,87.2,4.8
std-3251,male,group E,bachelor's degree,1,1,84,42,44,72,242,C,60.5,81.1,8.7
std-3252,male,group C,some high school,0,1,68,44,54,69,235,C,58.75,69.9,4.0
std-3253,male,group B,some college,1,1,72,67,60,64,263,B,65.75,67.7,12.4
std-3254,male,group E,bachelor's degree,0,0,31,66,17,63,177,D,44.25,80.6,0.4
std-3255,male,group C,bachelor's degree,0,1,48,100,86,93,327,A,81.75,86.8,9.1
std-3256,male,group A,associate's degree,0,1,37,100,67,87,291,B,72.75,92.5,5.8
std-3257,male,group C,associate's degree,1,1,73,71,50,61,255,B,63.75,78.8,6.4
std-3258,male,group C,some college,1,1,10,100,55,63,228,C,57.0,64.3,7.7
std-3259,male,group A,some high school,0,1,21,81,72,60,234,C,58.5,86.1,6.5
std-3260,male,group C,some high school,0,0,50,83,79,66,278,B,69.5,77.8,9.2
std-3261,male,group C,some high school,0,0,36,86,73,83,278,B,69.5,84.2,6.9
std-3262,male,group C,master's degree,0,1,24,70,66,38,198,D,49.5,68.6,5.8
std-3263,male,group C,some college,0,1,41,62,85,54,242,C,60.5,92.9,7.6
std-3264,male,group B,master's degree,0,0,82,68,100,62,312,B,78.0,76.0,10.2
std-3265,male,group B,some college,1,0,53,100,45,63,261,B,65.25,76.7,8.2
std-3266,male,group A,associate's degree,1,0,46,42,78,44,210,C,52.5,76.4,1.9
std-3267,male,group E,associate's degree,0,0,56,84,45,100,285,B,71.25,71.8,4.8
std-3268,male,group B,high school,1,0,72,50,70,81,273,B,68.25,83.7,7.4
std-3269,male,group D,bachelor's degree,0,0,53,54,62,85,254,B,63.5,93.6,6.6
std-3270,male,group C,some high school,0,0,20,78,75,42,215,C,53.75,71.5,2.2
std-3271,male,group E,master's degree,1,1,58,95,41,48,242,C,60.5,81.7,9.8
std-3272,male,group C,associate's degree,1,0,73,100,80,90,343,A,85.75,61.7,5.6
std-3273,male,group B,some college,1,0,38,87,69,73,267,B,66.75,79.8,9.3
std-3274,male,group E,some high school,0,1,51,60,54,52,217,C,54.25,73.2,8.7
std-3275,male,group C,high school,1,1,79,84,70,40,273,B,68.25,73.3,5.9
std-3276,male,group C,associate's degree,1,1,35,60,70,65,230,C,57.5,86.9,6.4
std-3277,male,group E,high school,1,1,77,42,61,74,254,B,63.5,76.2,6.9
std-3278,male,group E,high school,0,1,60,74,47,88,269,B,67.25,78.8,9.0
std-3279,male,group D,some college,0,1,84,86,55,37,262,B,65.5,76.4,7.9
std-3280,male,group C,some high school,0,1,67,61,70,88,286,B,71.5,64.5,6.1
std-3281,male,group E,high school,0,1,71,70,62,78,281,B,70.25,71.2,5.4
std-3282,male,group D,high school,1,1,56,100,65,94,315,B,78.75,92.8,11.1
std-3283,male,group B,high school,0,1,37,77,74,31,219,C,54.75,57.2,8.1
std-3284,male,group D,associate's degree,1,1,100,72,74,78,324,A,81.0,78.0,10.2
std-3285,male,group D,some high school,1,1,30,47,72,75,224,C,56.0,73.0,8.2
std-3286,male,group D,some college,1,0,39,77,61,48,225,C,56.25,92.4,3.5
std-3287,male,group D,associate's degree,1,0,18,80,80,45,223,C,55.75,83.5,5.5
std-3288,male,group B,high school,0,0,64,63,48,66,241,C,60.25,73.0,11.8
std-3289,male,group E,associate's degree,1,1,81,90,62,80,313,B,78.25,95.7,12.6
std-3290,male,group C,bachelor's degree,1,0,42,81,72,82,277,B,69.25,74.3,5.6
std-3291,male,group A,associate's degree,1,1,100,47,58,70,275,B,68.75,89.9,7.4
std-3292,male,group C,some high school,0,0,43,93,93,80,309,B,77.25,71.4,0.0
std-3293,male,group C,high school,0,0,14,100,58,50,222,C,55.5,86.1,7.7
std-3294,male,group D,associate's degree,1,0,68,83,67,54,272,B,68.0,76.9,8.1
std-3295,male,group D,associate's degree,0,0,80,38,94,46,258,B,64.5,70.2,4.5
std-3296,male,group C,associate's degree,0,0,62,38,89,35,224,C,56.0,74.7,1.5
std-3297,male,group B,some college,1,1,48,56,74,67,245,C,61.25,80.9,5.1
std-3298,male,group D,high school,0,1,46,98,70,37,251,B,62.75,74.4,9.3
std-3299,male,group B,high school,0,0,56,35,41,52,184,D,46.0,78.3,3.9
std-3300,male,group B,high school,1,0,30,88,74,37,229,C,57.25,71.8,6.9
std-3301,male,group E,bachelor's degree,1,0,54,96,59,62,271,B,67.75,86.1,6.4
std-3302,male,group D,some college,0,0,55,95,77,79,306,B,76.5,87.4,9.4
std-3303,male,group A,associate's degree,0,0,39,72,80,59,250,B,62.5,78.2,6.6
std-3304,male,group D,some college,0,1,100,94,85,81,360,A,90.0,83.9,12.8
std-3305,male,group A,high school,1,0,15,62,85,49,211,C,52.75,76.9,0.0
std-3306,male,group C,some college,1,0,82,81,53,74,290,B,72.5,87.0,3.5
std-3307,male,group D,associate's degree,1,0,62,53,100,48,263,B,65.75,98.4,5.0
std-3308,male,group D,high school,1,1,57,68,35,100,260,B,65.0,88.1,11.1
std-3309,male,group B,high school,1,0,28,84,49,88,249,C,62.25,87.5,10.3
std-3310,male,group D,high school,1,0,48,73,95,13,229,C,57.25,100.0,4.7
std-3311,male,group B,associate's degree,0,0,8,39,64,55,166,D,41.5,76.5,2.1
std-3312,male,group E,some college,0,1,75,50,59,49,233,C,58.25,81.7,2.9
std-3313,male,group C,some college,0,1,53,82,94,80,309,B,77.25,90.0,11.7
std-3314,male,group D,some high school,1,1,55,51,87,40,233,C,58.25,68.3,6.4
std-3315,male,group C,high school,0,1,13,78,64,68,223,C,55.75,72.5,14.9
std-3316,male,group E,master's degree,0,1,39,98,10,67,214,C,53.5,71.2,5.5
std-3317,male,group D,some college,1,0,51,89,89,46,275,B,68.75,86.7,11.5
std-3318,male,group C,some college,1,1,35,81,59,90,265,B,66.25,78.5,10.4
std-3319,male,group D,associate's degree,1,1,69,33,35,84,221,C,55.25,77.6,4.9
std-3320,male,group E,master's degree,1,1,78,59,62,92,291,B,72.75,92.0,9.7
std-3321,male,group E,high school,1,0,34,87,50,27,198,D,49.5,82.2,6.4
std-3322,male,group C,bachelor's degree,0,1,52,55,87,86,280,B,70.0,79.8,8.3
std-3323,male,group E,associate's degree,1,0,13,100,71,68,252,B,63.0,72.9,7.8
std-3324,male,group E,some high school,1,0,48,51,59,68,226,C,56.5,87.0,7.1
std-3325,male,group B,some college,1,0,54,69,65,75,263,B,65.75,86.8,7.4
std-3326,male,group C,some college,1,0,64,100,59,53,276,B,69.0,66.5,6.2
std-3327,male,group C,bachelor's degree,1,0,46,98,100,85,329,A,82.25,82.5,4.6
std-3328,male,group D,some college,0,0,50,77,87,80,294,B,73.5,83.9,6.5
std-3329,male,group C,some college,1,0,91,73,49,71,284,B,71.0,88.6,6.9
std-3330,male,group B,associate's degree,0,0,28,70,66,60,224,C,56.0,84.8,0.3
std-3331,male,group B,some college,0,0,86,51,75,74,286,B,71.5,84.3,6.9
std-3332,male,group C,associate's degree,0,0,33,66,58,73,230,C,57.5,82.4,4.9
std-3333,male,group D,master's degree,1,0,87,100,75,73,335,A,83.75,86.4,4.4
std-3334,male,group B,high school,0,1,30,72,88,81,271,B,67.75,74.5,7.8
std-3335,male,group C,high school,1,0,81,52,92,47,272,B,68.0,78.2,5.4
std-3336,male,group B,high school,1,0,79,78,76,70,303,B,75.75,83.3,11.7
std-3337,male,group E,associate's degree,1,1,23,100,83,62,268,B,67.0,80.0,9.1
std-3338,male,group B,high school,0,0,79,88,61,84,312,B,78.0,66.9,9.7
std-3339,male,group C,some high school,1,0,37,78,59,53,227,C,56.75,73.3,4.8
std-3340,male,group C,some college,1,1,38,66,82,38,224,C,56.0,77.1,2.9
std-3341,male,group B,some high school,1,1,45,50,67,79,241,C,60.25,75.5,9.6
std-3342,male,group E,some high school,0,0,17,69,62,44,192,D,48.0,71.8,2.6
std-3343,male,group D,some high school,0,1,34,61,83,100,278,B,69.5,85.5,8.0
std-3344,male,group C,associate's degree,1,1,76,80,67,100,323,A,80.75,75.1,7.2
std-3345,male,group D,associate's degree,0,0,56,99,59,58,272,B,68.0,65.9,6.4
std-3346,male,group A,high school,0,0,54,76,92,91,313,B,78.25,80.9,9.8
std-3347,male,group C,associate's degree,1,0,43,84,54,9,190,D,47.5,80.7,6.6
std-3348,male,group C,associate's degree,0,0,41,50,48,66,205,C,51.25,90.2,8.6
std-3349,male,group C,bachelor's degree,0,0,16,77,51,62,206,C,51.5,82.2,8.9
std-3350,male,group C,high school,1,0,64,55,68,60,247,C,61.75,65.3,0.5
std-3351,male,group E,master's degree,1,0,65,84,68,74,291,B,72.75,80.1,3.6
std-3352,male,group D,associate's degree,0,0,29,93,45,100,267,B,66.75,82.5,1.5
std-3353,male,group C,some college,1,1,71,71,38,59,239,C,59.75,79.5,9.5
std-3354,male,group C,high school,0,0,84,37,44,87,252,B,63.0,83.8,4.0
std-3355,male,group C,master's degree,0,0,26,26,58,72,182,D,45.5,64.9,2.8
std-3356,male,group A,some college,1,0,43,99,68,15,225,C,56.25,77.3,4.5
std-3357,male,group C,bachelor's degree,1,0,86,74,76,100,336,A,84.0,89.7,8.6
std-3358,male,group C,bachelor's degree,1,0,40,67,100,75,282,B,70.5,88.9,2.7
std-3359,male,group D,some high school,0,1,100,60,71,70,301,B,75.25,75.7,6.2
std-3360,male,group E,some college,0,0,75,67,100,100,342,A,85.5,83.3,7.8
std-3361,male,group C,associate's degree,1,0,97,76,40,53,266,B,66.5,55.8,9.0
std-3362,male,group B,some college,1,1,43,100,97,34,274,B,68.5,75.2,8.7
std-3363,male,group A,master's degree,1,1,62,53,71,66,252,B,63.0,74.2,6.2
std-3364,male,group D,associate's degree,1,0,25,75,75,66,241,C,60.25,68.9,0.1
std-3365,male,group C,high school,1,0,20,69,52,9,150,D,37.5,72.0,5.7
std-3366,male,group D,bachelor's degree,1,0,79,92,34,42,247,C,61.75,78.0,3.7
std-3367,male,group E,some college,1,1,43,90,57,52,242,C,60.5,57.8,5.1
std-3368,male,group A,associate's degree,0,1,63,81,73,54,271,B,67.75,82.5,4.4
std-3369,male,group C,some high school,0,1,85,85,86,52,308,B,77.0,75.2,5.9
std-3370,male,group B,associate's degree,1,1,21,94,76,75,266,B,66.5,84.5,6.1
std-3371,male,group D,some college,1,0,55,54,60,83,252,B,63.0,67.4,5.1
std-3372,male,group C,some college,0,0,40,58,69,73,240,C,60.0,78.2,2.4
std-3373,male,group D,high school,0,0,60,68,38,9,175,D,43.75,70.0,4.3
std-3374,male,group B,some high school,0,0,77,59,61,100,297,B,74.25,85.4,6.1
std-3375,male,group E,associate's degree,0,0,42,59,67,42,210,C,52.5,76.6,10.3
std-3376,male,group D,high school,1,0,40,85,34,73,232,C,58.0,75.0,1.0
std-3377,male,group C,some college,1,0,39,72,74,57,242,C,60.5,64.3,5.9
std-3378,male,group A,some college,1,0,32,69,70,75,246,C,61.5,65.2,6.0
std-3379,male,group C,high school,1,1,23,99,100,100,322,A,80.5,79.5,7.3
std-3380,male,group B,some high school,1,1,68,79,81,73,301,B,75.25,82.9,9.6
std-3381,male,group C,some college,1,0,56,58,97,59,270,B,67.5,75.0,8.0
std-3382,male,group E,high school,1,0,53,70,43,89,255,B,63.75,84.8,6.0
std-3383,male,group E,associate's degree,0,0,71,75,76,51,273,B,68.25,78.2,9.7
std-3384,male,group B,some college,0,1,68,57,68,73,266,B,66.5,71.4,3.1
std-3385,male,group D,bachelor's degree,1,0,52,100,100,70,322,A,80.5,82.2,5.2
std-3386,male,group C,bachelor's degree,1,0,24,91,47,42,204,C,51.0,77.0,8.3
std-3387,male,group D,some college,0,0,47,56,77,17,197,D,49.25,77.3,6.7
std-3388,male,group C,bachelor's degree,1,0,25,17,55,48,145,Fail,36.25,87.0,4.5
std-3389,male,group D,some college,1,1,76,50,68,48,242,C,60.5,72.1,11.0
std-3390,male,group E,bachelor's degree,0,0,43,57,42,66,208,C,52.0,74.6,0.0
std-3391,male,group E,some college,1,0,44,83,62,10,199,D,49.75,78.4,6.4
std-3392,male,group C,associate's degree,1,0,52,63,41,59,215,C,53.75,75.7,7.5
std-3393,male,group D,associate's degree,0,0,50,70,53,66,239,C,59.75,73.4,3.7
std-3394,male,group C,some high school,1,0,36,82,66,85,269,B,67.25,66.4,12.7
std-3395,male,group E,bachelor's degree,1,1,44,63,71,73,251,B,62.75,74.3,8.7
std-3396,male,group C,high school,0,0,29,57,56,60,202,C,50.5,65.1,0.0
std-3397,male,group A,some high school,0,1,56,98,96,35,285,B,71.25,66.1,9.9
std-3398,male,group E,master's degree,0,0,95,56,57,39,247,C,61.75,71.4,3.8
std-3399,male,group D,bachelor's degree,0,0,38,62,49,52,201,C,50.25,65.3,7.4
std-3400,male,group C,bachelor's degree,0,0,50,64,47,64,225,C,56.25,82.0,6.4
std-3401,male,group D,some college,1,1,47,100,55,99,301,B,75.25,88.4,7.9
std-3402,male,group D,bachelor's degree,1,0,64,56,47,43,210,C,52.5,67.3,8.5
std-3403,male,group E,bachelor's degree,0,1,60,78,41,53,232,C,58.0,74.9,10.1
std-3404,male,group C,master's degree,1,0,49,81,36,53,219,C,54.75,59.5,2.8
std-3405,male,group D,some high school,0,1,53,62,58,81,254,B,63.5,74.7,7.9
std-3406,male,group D,master's degree,0,0,25,70,62,87,244,C,61.0,81.9,6.8
std-3407,male,group C,associate's degree,1,0,37,61,42,51,191,D,47.75,81.3,3.3
std-3408,male,group C,some high school,1,0,55,68,63,37,223,C,55.75,70.1,4.2
std-3409,male,group D,high school,1,1,40,24,40,68,172,D,43.0,81.8,6.4
std-3410,male,group E,bachelor's degree,1,1,37,65,59,38,199,D,49.75,60.9,4.3
std-3411,male,group D,some college,0,0,14,43,39,94,190,D,47.5,62.6,0.0
std-3412,male,group E,bachelor's degree,1,0,26,87,59,62,234,C,58.5,83.8,5.9
std-3413,male,group D,bachelor's degree,1,0,16,64,99,72,251,B,62.75,93.9,0.7
std-3414,male,group E,some college,1,1,69,100,51,90,310,B,77.5,88.2,7.1
std-3415,male,group C,master's degree,1,1,64,80,10,99,253,B,63.25,78.7,3.8
std-3416,male,group E,some high school,0,0,100,88,68,69,325,A,81.25,65.2,3.3
std-3417,male,group B,high school,0,1,36,57,47,73,213,C,53.25,57.5,8.3
std-3418,male,group A,high school,1,1,47,97,65,76,285,B,71.25,82.8,8.4
std-3419,male,group B,associate's degree,0,0,33,61,86,92,272,B,68.0,77.4,5.5
std-3420,male,group B,some high school,0,1,27,84,48,78,237,C,59.25,67.8,4.6
std-3421,male,group C,high school,0,1,62,17,56,68,203,C,50.75,75.5,5.4
std-3422,male,group C,some college,0,1,11,100,70,72,253,B,63.25,80.1,9.2
std-3423,male,group D,some college,1,0,61,100,100,100,361,A,90.25,96.5,8.1
std-3424,male,group D,some high school,1,0,55,76,48,45,224,C,56.0,77.9,7.1
std-3425,male,group C,high school,0,1,65,49,82,85,281,B,70.25,92.4,11.3
std-3426,male,group E,some high school,0,0,28,90,72,30,220,C,55.0,76.4,4.3
std-3427,male,group D,high school,1,1,45,86,76,46,253,B,63.25,78.0,3.6
std-3428,male,group D,high school,0,1,50,59,72,75,256,B,64.0,88.9,6.4
std-3429,male,group B,bachelor's degree,1,0,47,100,97,82,326,A,81.5,76.3,7.2
std-3430,male,group D,some college,1,0,20,89,94,84,287,B,71.75,100.0,4.6
std-3431,male,group C,high school,1,0,67,59,74,43,243,C,60.75,81.6,2.8
std-3432,male,group C,some high school,1,0,67,99,72,18,256,B,64.0,82.7,6.0
std-3433,male,group D,some college,1,1,64,59,79,40,242,C,60.5,82.8,14.0
std-3434,male,group D,high school,0,0,36,53,49,67,205,C,51.25,92.0,3.4
std-3435,male,group C,associate's degree,1,0,64,100,71,87,322,A,80.5,91.9,7.3
std-3436,male,group D,associate's degree,1,0,78,60,80,51,269,B,67.25,65.9,2.8
std-3437,male,group C,associate's degree,1,0,37,72,61,77,247,C,61.75,91.2,8.7
std-3438,male,group D,some college,1,1,86,46,36,31,199,D,49.75,71.5,9.1
std-3439,male,group C,some high school,1,1,28,73,50,46,197,D,49.25,75.4,8.9
std-3440,male,group C,some high school,1,1,40,64,77,96,277,B,69.25,69.5,12.2
std-3441,male,group D,high school,0,0,65,100,56,94,315,B,78.75,88.9,6.1
std-3442,male,group C,high school,1,1,26,68,29,97,220,C,55.0,70.4,6.7
std-3443,male,group D,associate's degree,0,0,19,85,94,65,263,B,65.75,80.8,10.2
std-3444,male,group C,some college,1,1,67,57,72,37,233,C,58.25,74.8,9.3
std-3445,male,group C,master's degree,1,0,41,73,54,87,255,B,63.75,96.5,0.2
std-3446,male,group C,associate's degree,1,1,57,68,63,58,246,C,61.5,96.3,9.2
std-3447,male,group C,some high school,1,0,90,90,61,78,319,B,79.75,84.9,5.8
std-3448,male,group C,associate's degree,0,0,28,37,54,100,219,C,54.75,76.8,7.2
std-3449,male,group E,master's degree,1,1,51,74,49,44,218,C,54.5,72.8,8.4
std-3450,male,group D,master's degree,0,1,56,50,88,59,253,B,63.25,89.0,3.9
std-3451,male,group C,associate's degree,0,0,77,75,73,43,268,B,67.0,77.3,6.7
std-3452,male,group D,some college,1,1,68,97,57,68,290,B,72.5,78.3,9.6
std-3453,male,group D,high school,0,1,100,57,46,59,262,B,65.5,88.6,9.3
std-3454,male,group D,some high school,0,1,26,87,69,91,273,B,68.25,75.8,10.1
std-3455,male,group D,some college,1,0,50,82,29,62,223,C,55.75,76.2,8.8
std-3456,male,group B,associate's degree,1,1,56,96,43,58,253,B,63.25,64.8,9.3
std-3457,male,group A,some high school,0,0,21,74,74,67,236,C,59.0,84.0,5.4
std-3458,male,group B,associate's degree,1,1,58,100,87,87,332,A,83.0,100.0,13.0
std-3459,male,group C,high school,1,0,24,62,69,36,191,D,47.75,80.4,9.9
std-3460,male,group D,high school,1,1,65,85,52,87,289,B,72.25,95.2,11.4
std-3461,male,group D,associate's degree,1,1,63,40,75,28,206,C,51.5,67.5,7.6
std-3462,male,group B,bachelor's degree,0,1,45,86,70,60,261,B,65.25,81.8,9.5
std-3463,male,group E,some high school,1,0,62,83,55,80,280,B,70.0,72.8,7.0
std-3464,male,group D,associate's degree,0,0,62,59,83,52,256,B,64.0,77.2,5.8
std-3465,male,group C,some college,0,1,61,82,58,91,292,B,73.0,89.2,14.6
std-3466,male,group D,high school,1,0,62,84,71,53,270,B,67.5,81.3,4.3
std-3467,male,group C,high school,1,0,65,92,68,92,317,B,79.25,71.6,10.1
std-3468,male,group B,master's degree,0,1,56,100,32,9,197,D,49.25,62.6,6.6
std-3469,male,group D,high school,1,1,38,100,81,42,261,B,65.25,67.3,4.7
std-3470,male,group E,master's degree,1,0,100,51,77,93,321,A,80.25,89.1,6.9
std-3471,male,group D,bachelor's degree,0,0,55,70,66,72,263,B,65.75,98.4,4.6
std-3472,male,group A,some high school,0,1,59,91,75,63,288,B,72.0,94.2,10.5
std-3473,male,group C,some high school,0,0,19,70,54,24,167,D,41.75,54.8,3.9
std-3474,male,group C,some college,1,0,33,53,76,65,227,C,56.75,89.7,2.6
std-3475,male,group E,some high school,1,1,41,62,49,56,208,C,52.0,83.7,10.8
std-3476,male,group D,associate's degree,1,1,23,76,65,82,246,C,61.5,64.5,10.8
std-3477,male,group D,associate's degree,1,0,26,75,44,60,205,C,51.25,72.3,8.6
std-3478,male,group C,some high school,1,0,23,100,39,85,247,C,61.75,88.4,6.2
std-3479,male,group D,some high school,1,1,65,74,43,88,270,B,67.5,85.4,8.5
std-3480,male,group B,associate's degree,0,1,60,60,62,43,225,C,56.25,64.9,9.3
std-3481,male,group E,some college,1,0,73,78,90,51,292,B,73.0,87.7,5.2
std-3482,male,group C,associate's degree,1,1,41,89,73,53,256,B,64.0,60.0,8.6
std-3483,male,group B,some college,1,0,62,51,78,74,265,B,66.25,78.0,5.6
std-3484,male,group D,some college,0,1,16,68,66,70,220,C,55.0,86.5,3.8
std-3485,male,group C,high school,0,0,28,100,48,97,273,B,68.25,80.8,6.5
std-3486,male,group E,some high school,1,0,84,40,69,52,245,C,61.25,73.9,4.4
std-3487,male,group D,bachelor's degree,1,1,43,100,68,61,272,B,68.0,88.6,8.1
std-3488,male,group D,high school,0,0,78,57,81,86,302,B,75.5,91.9,7.8
std-3489,male,group D,associate's degree,0,1,47,63,60,83,253,B,63.25,90.8,11.4
std-3490,male,group D,bachelor's degree,0,0,71,89,100,82,342,A,85.5,94.3,5.7
std-3491,male,group D,high school,1,1,33,61,52,78,224,C,56.0,86.4,6.7
std-3492,male,group E,high school,0,0,30,100,75,56,261,B,65.25,86.3,4.0
std-3493,male,group B,associate's degree,0,0,28,68,56,65,217,C,54.25,78.4,2.8
std-3494,male,group D,bachelor's degree,1,0,76,100,79,80,335,A,83.75,86.6,6.2
std-3495,male,group D,some high school,0,1,62,17,82,73,234,C,58.5,75.3,7.3
std-3496,male,group A,master's degree,0,1,96,92,56,40,284,B,71.0,70.7,10.4
std-3497,male,group E,bachelor's degree,1,0,49,53,50,9,161,D,40.25,62.8,4.3
std-3498,male,group D,associate's degree,1,1,28,100,34,83,245,C,61.25,75.8,5.4
std-3499,male,group E,some high school,1,0,59,48,54,65,226,C,56.5,79.0,8.3
std-3500,male,group B,high school,1,0,60,58,78,48,244,C,61.0,91.2,7.9
std-3501,male,group E,associate's degree,1,1,99,63,64,100,326,A,81.5,84.7,7.7
std-3502,male,group E,some high school,1,1,24,86,78,99,287,B,71.75,90.9,12.1
std-3503,male,group A,high school,1,0,69,82,52,51,254,B,63.5,88.8,6.6
std-3504,male,group D,some college,1,0,54,78,53,100,285,B,71.25,79.6,6.1
std-3505,male,group C,some high school,0,0,22,66,64,27,179,D,44.75,78.3,4.9
std-3506,male,group D,associate's degree,1,1,16,44,68,94,222,C,55.5,74.3,7.4
std-3507,male,group C,some high school,1,0,96,66,49,90,301,B,75.25,94.9,8.2
std-3508,male,group C,some college,1,1,38,79,82,41,240,C,60.0,83.7,8.4
std-3509,male,group C,high school,0,1,47,93,70,74,284,B,71.0,70.9,8.1
std-3510,male,group D,bachelor's degree,0,1,80,84,81,77,322,A,80.5,86.2,4.8
std-3511,male,group C,high school,0,0,23,70,49,40,182,D,45.5,88.0,5.4
std-3512,male,group D,master's degree,0,1,48,82,91,46,267,B,66.75,78.6,7.6
std-3513,male,group D,high school,0,0,25,65,55,79,224,C,56.0,80.7,7.0
std-3514,male,group E,master's degree,0,0,40,76,79,38,233,C,58.25,82.3,6.5
std-3515,male,group B,associate's degree,1,0,28,96,32,69,225,C,56.25,67.4,4.2
std-3516,male,group D,some high school,0,0,37,70,50,75,232,C,58.0,81.9,7.8
std-3517,male,group C,associate's degree,1,0,25,60,59,45,189,D,47.25,61.2,4.7
std-3518,male,group C,associate's degree,0,0,40,59,91,79,269,B,67.25,74.7,6.5
std-3519,male,group D,bachelor's degree,0,1,18,98,100,46,262,B,65.5,89.5,8.1
std-3520,male,group A,some college,0,1,73,90,92,75,330,A,82.5,88.6,14.3
std-3521,male,group C,associate's degree,1,0,88,58,45,60,251,B,62.75,76.1,3.9
std-3522,male,group A,some college,1,0,41,76,100,15,232,C,58.0,81.3,4.4
std-3523,male,group C,high school,0,0,66,99,57,65,287,B,71.75,81.3,3.4
std-3524,male,group C,associate's degree,1,0,22,72,66,26,186,D,46.5,73.6,6.0
std-3525,male,group D,high school,1,1,77,45,82,77,281,B,70.25,87.3,7.4
std-3526,male,group D,some college,1,0,52,85,63,48,248,C,62.0,72.1,4.4
std-3527,male,group D,some high school,1,0,100,77,72,72,321,A,80.25,85.0,6.0
std-3528,male,group D,some college,1,0,38,72,10,88,208,C,52.0,72.5,4.8
std-3529,male,group E,high school,1,0,41,53,81,80,255,B,63.75,64.9,2.6
std-3530,male,group C,some high school,1,1,31,73,46,82,232,C,58.0,69.0,2.1
std-3531,male,group B,high school,1,1,75,64,56,65,260,B,65.0,93.7,9.5
std-3532,male,group D,some college,1,0,100,71,80,49,300,B,75.0,86.4,1.5
std-3533,male,group E,some high school,0,1,87,78,70,68,303,B,75.75,71.3,11.5
std-3534,male,group D,high school,1,1,87,100,57,100,344,A,86.0,72.7,14.3
std-3535,male,group B,associate's degree,0,0,83,100,37,74,294,B,73.5,81.4,6.3
std-3536,male,group B,bachelor's degree,1,0,35,81,73,68,257,B,64.25,93.4,9.1
std-3537,male,group C,associate's degree,1,1,70,78,73,64,285,B,71.25,80.0,8.9
std-3538,male,group E,associate's degree,0,0,29,63,52,28,172,D,43.0,84.1,7.8
std-3539,male,group A,some college,0,0,72,67,81,63,283,B,70.75,84.7,5.3
std-3540,male,group D,some college,1,1,40,89,94,57,280,B,70.0,85.5,2.9
std-3541,male,group D,high school,0,0,47,100,68,71,286,B,71.5,69.7,6.3
std-3542,male,group B,associate's degree,0,0,61,48,46,68,223,C,55.75,85.0,9.3
std-3543,male,group E,some college,0,0,43,89,85,73,290,B,72.5,79.1,7.9
std-3544,male,group D,bachelor's degree,1,0,42,63,78,41,224,C,56.0,84.4,3.7
std-3545,male,group E,some college,1,0,59,63,68,46,236,C,59.0,70.3,6.1
std-3546,male,group B,high school,0,0,53,54,68,93,268,B,67.0,81.9,8.5
std-3547,male,group C,master's degree,0,0,98,71,99,79,347,A,86.75,90.0,7.7
std-3548,male,group B,some high school,1,1,40,42,85,62,229,C,57.25,75.7,14.2
std-3549,male,group D,some high school,0,0,38,49,44,47,178,D,44.5,76.5,2.7
std-3550,male,group B,some college,0,0,35,100,75,88,298,B,74.5,80.4,9.3
std-3551,male,group D,high school,1,0,56,50,91,55,252,B,63.0,73.1,7.6
std-3552,male,group B,high school,1,0,52,62,95,100,309,B,77.25,98.1,5.3
std-3553,male,group A,some college,1,1,33,88,63,79,263,B,65.75,89.3,7.4
std-3554,male,group B,bachelor's degree,0,0,97,78,62,67,304,B,76.0,76.4,9.5
std-3555,male,group A,bachelor's degree,1,1,88,100,72,42,302,B,75.5,88.2,9.7
std-3556,male,group E,high school,0,0,59,33,60,64,216,C,54.0,69.3,5.7
std-3557,male,group C,associate's degree,1,0,51,74,72,100,297,B,74.25,72.0,2.7
std-3558,male,group D,high school,1,0,72,83,97,84,336,A,84.0,95.2,9.3
std-3559,male,group D,some high school,1,0,49,93,100,89,331,A,82.75,70.1,8.3
std-3560,male,group B,associate's degree,1,0,38,46,56,45,185,D,46.25,81.7,4.0
std-3561,male,group D,some college,0,1,46,51,37,54,188,D,47.0,71.4,7.6
std-3562,male,group E,some high school,0,1,62,66,69,63,260,B,65.0,77.7,7.4
std-3563,male,group B,high school,1,1,75,55,67,56,253,B,63.25,82.7,6.7
std-3564,male,group C,associate's degree,0,0,63,91,100,97,351,A,87.75,92.4,7.4
std-3565,male,group C,some college,0,1,73,65,83,68,289,B,72.25,74.6,7.9
std-3566,male,group C,associate's degree,0,1,67,17,54,90,228,C,57.0,83.4,13.1
std-3567,male,group B,some college,1,0,87,75,45,78,285,B,71.25,82.7,8.8
std-3568,male,group C,associate's degree,1,0,34,80,49,44,207,C,51.75,63.9,2.2
std-3569,male,group E,bachelor's degree,0,0,65,55,34,71,225,C,56.25,75.2,10.2
std-3570,male,group D,some college,1,0,58,70,56,89,273,B,68.25,93.1,5.1
std-3571,male,group C,master's degree,1,0,60,17,76,82,235,C,58.75,92.6,5.4
std-3572,male,group D,some college,0,0,99,83,99,62,343,A,85.75,92.9,10.1
std-3573,male,group E,bachelor's degree,1,0,36,78,75,52,241,C,60.25,67.3,0.5
std-3574,male,group B,bachelor's degree,1,1,46,65,63,37,211,C,52.75,80.0,6.6
std-3575,male,group D,some college,0,1,82,89,59,67,297,B,74.25,90.3,7.8
std-3576,male,group D,some college,0,0,43,36,72,35,186,D,46.5,80.0,4.7
std-3577,male,group E,master's degree,1,0,20,74,68,60,222,C,55.5,83.5,5.9
std-3578,male,group A,some college,1,1,88,68,76,88,320,A,80.0,87.8,9.6
std-3579,male,group B,high school,1,0,96,90,55,83,324,A,81.0,84.2,7.1
std-3580,male,group A,bachelor's degree,1,0,47,82,86,85,300,B,75.0,77.4,9.5
std-3581,male,group D,some high school,0,0,71,93,32,52,248,C,62.0,61.5,6.4
std-3582,male,group A,associate's degree,0,1,46,59,25,29,159,D,39.75,74.3,6.1
std-3583,male,group E,high school,0,0,30,54,74,68,226,C,56.5,78.5,5.5
std-3584,male,group A,some college,0,1,15,74,79,73,241,C,60.25,83.1,12.5
std-3585,male,group B,some high school,1,0,41,89,58,47,235,C,58.75,65.5,5.7
std-3586,male,group D,associate's degree,0,1,52,69,68,50,239,C,59.75,83.7,6.6
std-3587,male,group C,bachelor's degree,1,1,78,90,86,89,343,A,85.75,100.0,5.6
std-3588,male,group B,bachelor's degree,1,0,40,58,57,91,246,C,61.5,79.2,2.0
std-3589,male,group A,associate's degree,0,0,72,73,72,46,263,B,65.75,79.3,4.8
std-3590,male,group D,high school,0,1,70,58,66,55,249,C,62.25,81.5,7.9
std-3591,male,group B,high school,1,0,36,69,29,37,171,D,42.75,90.5,2.4
std-3592,male,group D,high school,0,0,86,46,95,70,297,B,74.25,73.5,7.6
std-3593,male,group E,bachelor's degree,1,1,71,62,83,53,269,B,67.25,82.2,7.2
std-3594,male,group C,some high school,0,0,77,91,89,24,281,B,70.25,74.1,4.1
std-3595,male,group D,associate's degree,1,0,27,64,50,68,209,C,52.25,70.5,6.2
std-3596,male,group B,master's degree,1,0,69,76,54,72,271,B,67.75,80.1,9.6
std-3597,male,group D,associate's degree,1,1,55,100,57,87,299,B,74.75,95.0,6.5
std-3598,male,group A,some college,0,0,48,45,55,65,213,C,53.25,91.9,5.4
std-3599,male,group B,high school,1,1,31,36,61,50,178,D,44.5,76.9,1.7
std-3600,male,group D,some college,1,1,50,89,84,73,296,B,74.0,79.2,5.6
std-3601,male,group D,some college,1,1,69,80,66,73,288,B,72.0,100.0,7.6
std-3602,male,group D,some high school,0,0,60,87,79,74,300,B,75.0,79.1,9.7
std-3603,male,group E,some college,1,0,26,89,66,37,218,C,54.5,71.0,2.9
std-3604,male,group E,bachelor's degree,1,1,24,100,82,100,306,B,76.5,67.4,7.4
std-3605,male,group B,associate's degree,0,0,65,23,84,82,254,B,63.5,91.7,5.8
std-3606,male,group B,high school,0,0,49,49,23,75,196,D,49.0,83.0,4.5
std-3607,male,group E,some college,1,1,95,51,73,66,285,B,71.25,100.0,7.0
std-3608,male,group E,some college,1,0,27,74,67,27,195,D,48.75,61.7,9.3
std-3609,male,group B,high school,1,0,83,83,56,59,281,B,70.25,94.5,5.7
std-3610,male,group B,some college,0,1,62,65,42,35,204,C,51.0,75.6,7.3
std-3611,male,group D,some high school,0,1,39,71,65,44,219,C,54.75,83.5,6.4
std-3612,male,group B,high school,0,0,16,71,76,68,231,C,57.75,62.4,6.3
std-3613,male,group D,some high school,1,0,58,81,78,36,253,B,63.25,92.2,8.8
std-3614,male,group E,some high school,0,1,45,77,79,90,291,B,72.75,89.2,13.3
std-3615,male,group D,some college,1,0,69,69,32,95,265,B,66.25,79.7,4.1
std-3616,male,group C,high school,0,1,42,87,63,54,246,C,61.5,84.3,10.8
std-3617,male,group B,some college,1,1,24,99,82,100,305,B,76.25,76.4,10.8
std-3618,male,group E,some college,1,0,26,70,68,77,241,C,60.25,72.8,7.9
std-3619,male,group C,some high school,1,0,61,46,61,48,216,C,54.0,71.8,4.6
std-3620,male,group D,high school,1,0,22,46,61,73,202,C,50.5,58.1,4.0
std-3621,male,group B,some college,1,1,43,36,95,66,240,C,60.0,85.7,10.3
std-3622,male,group D,some college,0,0,47,84,90,42,263,B,65.75,90.6,8.3
std-3623,male,group A,high school,1,1,71,60,51,37,219,C,54.75,69.9,11.3
std-3624,male,group B,bachelor's degree,0,1,38,43,76,83,240,C,60.0,81.1,8.4
std-3625,male,group D,master's degree,1,1,84,82,46,33,245,C,61.25,76.0,7.8
std-3626,male,group B,some high school,1,0,51,83,95,50,279,B,69.75,84.1,0.2
std-3627,male,group E,bachelor's degree,1,1,12,83,44,30,169,D,42.25,66.4,2.2
std-3628,male,group D,high school,1,0,45,75,78,56,254,B,63.5,71.2,4.8
std-3629,male,group B,associate's degree,0,1,46,25,59,56,186,D,46.5,83.0,3.9
std-3630,male,group C,bachelor's degree,1,0,32,42,83,41,198,D,49.5,73.9,6.5
std-3631,male,group C,some college,1,0,68,63,73,100,304,B,76.0,100.0,3.7
std-3632,male,group B,bachelor's degree,0,0,80,71,16,76,243,C,60.75,78.6,4.2
std-3633,male,group C,associate's degree,1,0,34,90,100,50,274,B,68.5,72.4,5.1
std-3634,male,group C,some college,1,1,42,59,88,54,243,C,60.75,89.2,11.0
std-3635,male,group D,master's degree,0,0,24,76,54,13,167,D,41.75,77.6,2.2
std-3636,male,group E,bachelor's degree,0,0,46,90,54,80,270,B,67.5,87.0,7.3
std-3637,male,group E,high school,1,0,61,100,100,46,307,B,76.75,94.2,7.5
std-3638,male,group C,associate's degree,1,0,58,67,93,79,297,B,74.25,76.8,9.0
std-3639,male,group D,high school,1,0,33,49,33,55,170,D,42.5,71.0,5.9
std-3640,male,group C,associate's degree,1,0,73,66,44,63,246,C,61.5,76.9,5.5
std-3641,male,group D,high school,1,1,99,73,69,100,341,A,85.25,74.7,6.1
std-3642,male,group C,some high school,1,0,63,55,67,95,280,B,70.0,78.9,5.8
std-3643,male,group C,bachelor's degree,0,0,48,75,93,79,295,B,73.75,94.5,6.7
std-3644,male,group D,high school,0,1,94,79,41,73,287,B,71.75,84.0,9.7
std-3645,male,group E,bachelor's degree,0,0,57,75,56,29,217,C,54.25,63.9,3.0
std-3646,male,group D,some high school,1,1,79,76,74,45,274,B,68.5,66.8,11.6
std-3647,male,group B,associate's degree,1,0,71,52,78,82,283,B,70.75,96.5,6.5
std-3648,male,group D,some college,0,0,47,93,79,71,290,B,72.5,81.3,4.3
std-3649,male,group E,high school,0,1,79,80,91,81,331,A,82.75,79.7,8.9
std-3650,male,group E,bachelor's degree,0,0,61,74,45,9,189,D,47.25,71.3,9.0
std-3651,male,group B,bachelor's degree,0,0,52,80,67,86,285,B,71.25,68.4,8.1
std-3652,male,group D,some high school,1,1,16,43,66,41,166,D,41.5,84.6,8.8
std-3653,male,group B,high school,1,0,46,69,76,75,266,B,66.5,76.6,3.4
std-3654,male,group A,some college,0,0,28,59,36,48,171,D,42.75,84.6,2.1
std-3655,male,group B,some college,1,1,53,50,89,87,279,B,69.75,81.6,7.1
std-3656,male,group D,some high school,1,0,49,61,81,44,235,C,58.75,90.4,5.8
std-3657,male,group B,some high school,0,0,53,59,47,26,185,D,46.25,75.7,3.7
std-3658,male,group B,associate's degree,1,0,38,32,52,71,193,D,48.25,81.7,3.1
std-3659,male,group B,some college,1,0,93,55,80,42,270,B,67.5,86.9,5.2
std-3660,male,group C,some college,1,0,60,100,67,60,287,B,71.75,87.4,4.5
std-3661,male,group B,some college,0,1,69,87,44,61,261,B,65.25,82.8,8.0
std-3662,male,group A,bachelor's degree,0,0,7,67,57,20,151,D,37.75,68.5,6.1
std-3663,male,group E,some high school,1,0,83,75,73,51,282,B,70.5,98.7,2.6
std-3664,male,group E,master's degree,0,0,85,69,60,52,266,B,66.5,71.9,6.9
std-3665,male,group E,some college,1,1,25,100,80,68,273,B,68.25,80.7,12.1
std-3666,male,group C,bachelor's degree,0,0,70,47,84,32,233,C,58.25,77.5,4.8
std-3667,male,group A,bachelor's degree,1,1,56,100,75,70,301,B,75.25,86.6,8.0
std-3668,male,group E,some college,1,0,36,75,88,84,283,B,70.75,77.6,8.7
std-3669,male,group B,some college,0,0,40,64,49,80,233,C,58.25,80.2,2.8
std-3670,male,group C,master's degree,1,0,59,84,55,83,281,B,70.25,79.8,6.3
std-3671,male,group C,some high school,1,0,16,66,84,70,236,C,59.0,63.4,2.7
std-3672,male,group E,some high school,0,0,55,72,92,46,265,B,66.25,80.1,1.3
std-3673,male,group A,associate's degree,1,0,50,88,100,90,328,A,82.0,75.3,7.1
std-3674,male,group E,associate's degree,0,1,15,78,91,54,238,C,59.5,62.2,4.7
std-3675,male,group D,bachelor's degree,1,0,49,69,69,70,257,B,64.25,80.6,5.8
std-3676,male,group A,associate's degree,1,0,23,75,86,55,239,C,59.75,82.3,8.2
std-3677,male,group E,associate's degree,1,0,56,93,85,30,264,B,66.0,84.7,10.6
std-3678,male,group C,some college,0,0,33,62,54,86,235,C,58.75,82.6,5.5
std-3679,male,group C,high school,1,0,76,85,73,38,272,B,68.0,63.2,8.7
std-3680,male,group B,master's degree,1,0,38,39,74,88,239,C,59.75,65.6,6.4
std-3681,male,group E,some high school,0,0,100,17,42,78,237,C,59.25,95.5,4.4
std-3682,male,group C,high school,1,0,77,56,70,78,281,B,70.25,71.9,1.6
std-3683,male,group D,master's degree,1,0,47,71,73,48,239,C,59.75,83.4,9.5
std-3684,male,group A,bachelor's degree,1,0,76,98,63,51,288,B,72.0,75.7,3.9
std-3685,male,group C,master's degree,1,1,79,52,47,59,237,C,59.25,78.4,11.3
std-3686,male,group B,associate's degree,0,1,30,97,62,56,245,C,61.25,72.7,9.4
std-3687,male,group E,associate's degree,1,1,31,64,41,95,231,C,57.75,82.3,5.3
std-3688,male,group A,high school,0,0,31,72,81,56,240,C,60.0,79.2,6.2
std-3689,male,group D,some college,1,1,60,100,96,64,320,A,80.0,80.5,15.1
std-3690,male,group A,some college,1,1,45,93,58,61,257,B,64.25,69.9,12.2
std-3691,male,group B,some college,1,0,32,83,72,67,254,B,63.5,81.5,4.5
std-3692,male,group C,some college,1,1,44,92,76,34,246,C,61.5,67.5,6.3
std-3693,male,group D,some college,1,0,91,91,43,33,258,B,64.5,83.3,6.1
std-3694,male,group A,some high school,1,1,20,95,89,31,235,C,58.75,100.0,7.4
std-3695,male,group B,high school,0,1,44,17,55,58,174,D,43.5,84.6,9.4
std-3696,male,group D,some college,1,1,61,100,61,87,309,B,77.25,90.1,11.4
std-3697,male,group B,associate's degree,1,1,68,100,81,71,320,A,80.0,83.8,5.6
std-3698,male,group A,associate's degree,1,0,49,64,71,68,252,B,63.0,61.5,6.8
std-3699,male,group E,bachelor's degree,0,1,64,69,61,100,294,B,73.5,70.5,8.7
std-3700,male,group A,some college,0,0,28,75,95,67,265,B,66.25,91.6,6.1
std-3701,male,group C,high school,1,0,41,54,57,51,203,C,50.75,67.8,5.2
std-3702,male,group E,some high school,1,0,0,45,63,50,158,D,39.5,64.9,6.5
std-3703,male,group E,bachelor's degree,1,1,52,98,18,74,242,C,60.5,76.6,10.4
std-3704,male,group E,some college,0,0,49,58,59,41,207,C,51.75,65.7,2.8
std-3705,male,group B,associate's degree,0,0,35,67,19,60,181,D,45.25,62.0,3.9
std-3706,male,group D,some college,1,0,37,64,41,98,240,C,60.0,77.5,4.3
std-3707,male,group C,associate's degree,0,0,14,86,42,85,227,C,56.75,68.9,0.9
std-3708,male,group B,master's degree,1,1,65,70,68,70,273,B,68.25,74.0,8.4
std-3709,male,group B,some high school,0,0,62,78,54,80,274,B,68.5,73.7,10.8
std-3710,male,group C,associate's degree,0,1,83,96,92,69,340,A,85.0,90.9,6.0
std-3711,male,group D,master's degree,1,0,69,76,31,88,264,B,66.0,77.8,5.9
std-3712,male,group E,some high school,1,1,99,63,42,87,291,B,72.75,80.6,9.0
std-3713,male,group C,master's degree,1,1,50,48,73,57,228,C,57.0,82.3,8.4
std-3714,male,group B,some high school,0,0,43,89,85,76,293,B,73.25,81.1,4.3
std-3715,male,group B,high school,1,0,17,90,100,77,284,B,71.0,79.1,2.9
std-3716,male,group B,high school,1,1,74,86,100,56,316,B,79.0,88.5,6.3
std-3717,male,group B,some high school,0,0,74,67,48,99,288,B,72.0,87.9,9.9
std-3718,male,group C,associate's degree,0,0,54,53,57,61,225,C,56.25,75.4,2.6
std-3719,male,group D,some high school,1,0,83,80,96,89,348,A,87.0,87.6,6.7
std-3720,male,group E,some high school,1,0,15,56,70,58,199,D,49.75,67.5,9.7
std-3721,male,group D,associate's degree,0,0,15,100,90,88,293,B,73.25,74.6,4.8
std-3722,male,group B,some high school,1,1,13,84,39,46,182,D,45.5,80.1,7.4
std-3723,male,group E,associate's degree,1,0,26,81,77,73,257,B,64.25,83.4,8.5
std-3724,male,group B,some college,0,1,45,31,65,95,236,C,59.0,81.7,10.4
std-3725,male,group B,high school,0,0,20,81,95,43,239,C,59.75,80.4,2.1
std-3726,male,group C,some college,1,1,55,68,86,83,292,B,73.0,82.7,7.4
std-3727,male,group B,some college,1,0,75,67,68,58,268,B,67.0,86.5,6.8
std-3728,male,group B,some college,0,0,51,67,70,81,269,B,67.25,88.8,10.9
std-3729,male,group E,high school,0,0,71,69,80,95,315,B,78.75,92.4,5.3
std-3730,male,group A,some college,0,1,40,95,92,73,300,B,75.0,82.0,8.1
std-3731,male,group E,master's degree,1,1,37,74,61,66,238,C,59.5,90.3,8.9
std-3732,male,group D,some college,1,0,50,99,80,93,322,A,80.5,86.8,8.9
std-3733,male,group C,associate's degree,0,1,61,85,64,91,301,B,75.25,88.7,11.1
std-3734,male,group B,associate's degree,0,0,12,75,64,19,170,D,42.5,74.7,1.6
std-3735,male,group B,some college,1,1,35,68,51,66,220,C,55.0,78.5,6.1
std-3736,male,group B,high school,1,1,49,88,60,48,245,C,61.25,71.7,8.6
std-3737,male,group D,some college,0,0,64,100,99,73,336,A,84.0,92.2,10.8
std-3738,male,group D,some college,1,0,61,53,76,49,239,C,59.75,100.0,4.8
std-3739,male,group B,high school,1,0,54,55,84,86,279,B,69.75,77.8,6.3
std-3740,male,group B,some college,1,0,22,62,78,93,255,B,63.75,79.8,3.2
std-3741,male,group B,bachelor's degree,1,0,78,69,81,73,301,B,75.25,79.0,11.5
std-3742,male,group B,bachelor's degree,1,1,42,99,78,84,303,B,75.75,78.8,9.8
std-3743,male,group C,bachelor's degree,0,0,80,100,72,89,341,A,85.25,100.0,10.5
std-3744,male,group B,some college,0,1,100,47,82,63,292,B,73.0,76.2,9.2
std-3745,male,group D,associate's degree,0,0,29,17,75,98,219,C,54.75,71.9,5.1
std-3746,male,group E,some college,0,1,10,43,67,47,167,D,41.75,57.6,2.4
std-3747,male,group D,bachelor's degree,0,1,47,52,85,85,269,B,67.25,73.5,3.2
std-3748,male,group B,bachelor's degree,1,0,16,23,58,73,170,D,42.5,56.8,6.9
std-3749,male,group E,some college,1,0,77,60,75,68,280,B,70.0,86.9,6.6
std-3750,male,group C,some college,1,0,48,83,84,98,313,B,78.25,100.0,7.7
std-3751,male,group C,master's degree,0,0,76,79,47,91,293,B,73.25,79.0,3.5
std-3752,male,group D,some college,0,0,71,71,43,39,224,C,56.0,61.6,2.8
std-3753,male,group D,some high school,1,1,66,82,45,54,247,C,61.75,86.6,10.7
std-3754,male,group C,high school,1,0,35,72,56,66,229,C,57.25,70.5,9.5
std-3755,male,group D,some college,1,1,5,52,96,54,207,C,51.75,86.9,5.6
std-3756,male,group C,bachelor's degree,0,1,23,61,90,83,257,B,64.25,76.8,10.0
std-3757,male,group D,some college,1,1,59,68,73,81,281,B,70.25,75.7,9.4
std-3758,male,group E,some high school,1,1,35,82,25,52,194,D,48.5,72.5,6.5
std-3759,male,group B,associate's degree,1,0,83,67,59,100,309,B,77.25,90.5,11.7
std-3760,male,group D,master's degree,0,0,51,86,67,75,279,B,69.75,79.1,5.2
std-3761,male,group B,master's degree,1,1,86,50,49,52,237,C,59.25,73.2,10.9
std-3762,male,group A,some high school,0,1,44,80,97,63,284,B,71.0,79.8,9.9
std-3763,male,group B,some college,1,0,37,85,62,69,253,B,63.25,67.6,5.7
std-3764,male,group A,some college,1,0,81,70,81,59,291,B,72.75,85.7,10.1
std-3765,male,group E,some high school,0,0,74,72,55,36,237,C,59.25,61.6,6.1
std-3766,male,group C,some college,0,0,39,92,36,59,226,C,56.5,72.8,4.8
std-3767,male,group D,some college,1,0,89,69,76,65,299,B,74.75,89.7,10.3
std-3768,male,group B,some college,1,1,43,86,66,80,275,B,68.75,83.6,11.9
std-3769,male,group D,some high school,1,1,10,100,62,60,232,C,58.0,82.6,10.7
std-3770,male,group B,some high school,1,0,8,78,37,61,184,D,46.0,72.7,0.0
std-3771,male,group C,some college,0,0,34,91,49,62,236,C,59.0,88.1,6.4
std-3772,male,group B,associate's degree,1,0,70,57,58,100,285,B,71.25,90.0,7.0
std-3773,male,group C,master's degree,0,0,9,74,55,42,180,D,45.0,77.0,3.9
std-3774,male,group C,some college,1,0,40,88,51,59,238,C,59.5,86.1,6.9
std-3775,male,group D,associate's degree,1,1,51,54,100,64,269,B,67.25,87.1,9.3
std-3776,male,group C,high school,1,1,18,67,58,37,180,D,45.0,69.0,8.2
std-3777,male,group D,high school,1,1,0,61,78,63,202,C,50.5,62.7,6.3
std-3778,male,group E,some high school,1,0,39,100,80,58,277,B,69.25,84.8,10.0
std-3779,male,group A,bachelor's degree,0,1,58,77,100,97,332,A,83.0,90.5,12.0
std-3780,male,group C,some college,0,1,55,84,97,72,308,B,77.0,93.4,10.9
std-3781,male,group E,some college,1,1,77,86,100,83,346,A,86.5,78.3,11.7
std-3782,male,group E,high school,1,1,45,34,38,81,198,D,49.5,66.3,9.8
std-3783,male,group C,some college,1,0,80,87,69,30,266,B,66.5,84.2,8.6
std-3784,male,group C,some high school,0,0,41,62,66,48,217,C,54.25,75.4,4.6
std-3785,male,group E,high school,0,1,34,36,63,100,233,C,58.25,60.4,10.2
std-3786,male,group D,high school,1,0,53,71,59,39,222,C,55.5,79.8,5.4
std-3787,male,group D,bachelor's degree,1,0,37,52,62,64,215,C,53.75,59.2,9.6
std-3788,male,group C,associate's degree,1,0,28,70,89,58,245,C,61.25,69.9,8.3
std-3789,male,group B,master's degree,1,0,68,73,94,66,301,B,75.25,95.2,5.3
std-3790,male,group B,some high school,1,1,67,84,56,78,285,B,71.25,98.1,14.8
std-3791,male,group E,high school,0,0,62,100,51,81,294,B,73.5,71.5,1.4
std-3792,male,group A,some high school,0,0,22,53,62,61,198,D,49.5,71.5,6.0
std-3793,male,group E,associate's degree,0,1,33,42,47,36,158,D,39.5,71.6,4.2
std-3794,male,group C,high school,1,0,99,41,89,81,310,B,77.5,99.8,11.8
std-3795,male,group B,some college,1,1,28,100,64,100,292,B,73.0,77.8,9.8
std-3796,male,group E,some high school,1,0,80,73,47,100,300,B,75.0,78.6,4.8
std-3797,male,group C,associate's degree,1,0,32,58,73,32,195,D,48.75,88.2,3.7
std-3798,male,group C,some high school,1,0,93,82,71,75,321,A,80.25,81.3,5.5
std-3799,male,group B,some college,1,0,52,60,81,55,248,C,62.0,85.1,4.8
std-3800,male,group C,associate's degree,0,0,62,81,63,80,286,B,71.5,68.5,5.7
std-3801,male,group A,some high school,1,1,60,98,65,54,277,B,69.25,79.5,6.9
std-3802,male,group E,some high school,0,0,42,83,92,70,287,B,71.75,66.9,7.2
std-3803,male,group D,associate's degree,0,0,70,95,76,90,331,A,82.75,76.0,8.5
std-3804,male,group B,bachelor's degree,0,0,22,66,42,46,176,D,44.0,80.2,1.4
std-3805,male,group C,some college,1,1,61,94,51,51,257,B,64.25,78.9,4.2
std-3806,male,group B,associate's degree,1,0,34,97,65,100,296,B,74.0,79.7,7.5
std-3807,male,group D,associate's degree,1,1,88,50,66,76,280,B,70.0,74.5,10.2
std-3808,male,group D,master's degree,0,1,19,61,78,51,209,C,52.25,73.4,9.0
std-3809,male,group B,some high school,0,1,20,73,46,44,183,D,45.75,75.9,7.9
std-3810,male,group E,bachelor's degree,1,0,41,98,63,61,263,B,65.75,88.7,9.9
std-3811,male,group B,some college,1,0,54,74,71,72,271,B,67.75,56.9,8.6
std-3812,male,group B,high school,1,1,50,75,74,59,258,B,64.5,72.0,15.0
std-3813,male,group D,master's degree,1,1,63,90,62,88,303,B,75.75,84.6,17.2
std-3814,male,group D,high school,1,1,34,100,67,81,282,B,70.5,80.5,4.5
std-3815,male,group A,some college,1,1,57,43,63,34,197,D,49.25,78.0,1.4
std-3816,male,group E,master's degree,0,0,28,73,67,75,243,C,60.75,80.6,5.5
std-3817,male,group D,some high school,1,0,62,79,35,28,204,C,51.0,72.2,5.8
std-3818,male,group D,associate's degree,1,1,54,100,100,74,328,A,82.0,80.5,9.8
std-3819,male,group D,high school,1,1,28,100,87,90,305,B,76.25,81.1,11.2
std-3820,male,group C,associate's degree,0,1,57,34,52,51,194,D,48.5,84.5,6.2
std-3821,male,group D,some college,0,1,55,52,66,69,242,C,60.5,71.5,6.2
std-3822,male,group E,some high school,1,0,14,71,59,69,213,C,53.25,75.2,3.4
std-3823,male,group D,associate's degree,1,1,79,56,74,77,286,B,71.5,83.4,8.5
std-3824,male,group B,some high school,1,1,66,61,92,36,255,B,63.75,93.2,10.4
std-3825,male,group D,associate's degree,1,0,22,72,66,74,234,C,58.5,74.8,4.1
std-3826,male,group D,some college,1,0,51,100,87,100,338,A,84.5,94.7,7.0
std-3827,male,group E,some college,0,0,54,64,75,63,256,B,64.0,90.4,7.2
std-3828,male,group D,some college,1,0,29,99,61,43,232,C,58.0,76.7,4.7
std-3829,male,group D,high school,1,0,51,89,60,72,272,B,68.0,78.7,9.0
std-3830,male,group D,some high school,1,1,32,82,54,87,255,B,63.75,76.2,6.0
std-3831,male,group E,some high school,0,0,58,52,45,35,190,D,47.5,71.5,1.4
std-3832,male,group D,associate's degree,0,1,20,49,84,44,197,D,49.25,82.1,7.7
std-3833,male,group C,high school,1,0,63,96,59,43,261,B,65.25,81.8,6.9
std-3834,male,group D,high school,0,0,21,53,54,74,202,C,50.5,76.9,2.4
std-3835,male,group D,associate's degree,1,0,19,67,65,41,192,D,48.0,63.9,7.6
std-3836,male,group B,some college,1,1,48,90,40,73,251,B,62.75,70.2,13.0
std-3837,male,group B,some college,0,0,83,79,28,40,230,C,57.5,96.4,3.6
std-3838,male,group E,some college,1,0,8,56,100,64,228,C,57.0,75.4,8.8
std-3839,male,group C,some college,1,1,75,71,58,61,265,B,66.25,73.0,2.6
std-3840,male,group B,high school,1,0,18,75,68,81,242,C,60.5,91.0,8.2
std-3841,male,group D,master's degree,0,0,47,62,43,84,236,C,59.0,80.2,3.2
std-3842,male,group C,master's degree,0,1,24,78,52,51,205,C,51.25,80.3,9.5
std-3843,male,group A,some college,1,0,71,100,68,46,285,B,71.25,80.4,4.1
std-3844,male,group C,associate's degree,1,0,28,89,80,49,246,C,61.5,75.6,5.4
std-3845,male,group B,some college,1,0,71,51,64,66,252,B,63.0,77.4,3.7
std-3846,male,group D,associate's degree,1,0,34,83,98,74,289,B,72.25,69.6,6.0
std-3847,male,group E,associate's degree,0,1,52,45,38,35,170,D,42.5,71.4,10.8
std-3848,male,group D,associate's degree,1,0,24,100,73,77,274,B,68.5,83.4,5.9
std-3849,male,group D,high school,1,1,40,23,71,55,189,D,47.25,90.4,12.0
std-3850,male,group E,associate's degree,0,0,77,47,88,59,271,B,67.75,81.3,5.2
std-3851,male,group B,master's degree,1,1,74,90,44,96,304,B,76.0,62.2,13.2
std-3852,male,group E,associate's degree,1,1,56,67,76,91,290,B,72.5,81.2,5.0
std-3853,male,group D,some high school,1,1,74,86,81,60,301,B,75.25,100.0,8.6
std-3854,male,group C,master's degree,0,0,42,90,63,59,254,B,63.5,86.9,4.4
std-3855,male,group A,associate's degree,1,0,69,89,49,68,275,B,68.75,73.5,10.1
std-3856,male,group A,associate's degree,1,1,97,70,67,97,331,A,82.75,90.8,10.5
std-3857,male,group D,some college,0,0,59,59,98,85,301,B,75.25,76.3,1.6
std-3858,male,group C,some college,1,1,0,52,92,82,226,C,56.5,64.6,4.3
std-3859,male,group D,some college,0,0,42,82,74,43,241,C,60.25,74.9,2.9
std-3860,male,group C,master's degree,0,0,30,51,74,83,238,C,59.5,78.6,7.7
std-3861,male,group B,some college,0,0,52,81,94,75,302,B,75.5,66.2,8.9
std-3862,male,group C,associate's degree,1,1,42,75,67,94,278,B,69.5,70.8,8.1
std-3863,male,group C,bachelor's degree,1,0,100,81,40,56,277,B,69.25,81.1,4.9
std-3864,male,group B,associate's degree,1,0,52,89,93,51,285,B,71.25,78.0,8.3
std-3865,male,group C,high school,1,1,32,80,60,60,232,C,58.0,80.8,4.9
std-3866,male,group C,associate's degree,1,0,81,55,58,44,238,C,59.5,66.9,6.5
std-3867,male,group A,some high school,1,1,53,43,53,56,205,C,51.25,81.5,8.0
std-3868,male,group D,high school,0,0,16,93,58,60,227,C,56.75,66.2,4.4
std-3869,male,group D,high school,0,0,30,92,74,69,265,B,66.25,94.8,7.0
std-3870,male,group E,high school,0,1,97,69,65,52,283,B,70.75,66.1,9.2
std-3871,male,group D,some college,0,0,72,78,64,100,314,B,78.5,74.2,8.4
std-3872,male,group D,associate's degree,0,0,79,69,64,54,266,B,66.5,83.9,2.7
std-3873,male,group C,bachelor's degree,1,0,50,57,52,79,238,C,59.5,92.8,6.9
std-3874,male,group C,associate's degree,1,1,56,97,86,59,298,B,74.5,85.6,11.9
std-3875,male,group D,master's degree,1,0,41,74,59,92,266,B,66.5,85.2,6.8
std-3876,male,group E,high school,0,1,21,79,52,68,220,C,55.0,76.5,8.9
std-3877,male,group B,some college,0,0,28,73,29,77,207,C,51.75,66.0,4.4
std-3878,male,group B,bachelor's degree,1,0,38,39,51,74,202,C,50.5,70.4,6.7
std-3879,male,group B,bachelor's degree,1,0,67,51,55,70,243,C,60.75,67.3,5.6
std-3880,male,group C,master's degree,0,0,53,69,54,65,241,C,60.25,66.5,2.6
std-3881,male,group D,associate's degree,1,0,6,46,64,30,146,Fail,36.5,73.8,5.2
std-3882,male,group B,associate's degree,0,0,76,97,51,79,303,B,75.75,73.1,2.8
std-3883,male,group C,master's degree,1,1,40,90,40,79,249,C,62.25,81.6,8.8
std-3884,male,group C,high school,1,0,81,63,95,43,282,B,70.5,69.7,5.4
std-3885,male,group A,some high school,1,0,78,60,82,83,303,B,75.75,85.8,5.8
std-3886,male,group A,bachelor's degree,1,0,24,100,57,90,271,B,67.75,76.1,6.6
std-3887,male,group E,some college,1,1,65,97,16,62,240,C,60.0,90.6,6.1
std-3888,male,group C,some high school,1,0,84,70,62,64,280,B,70.0,84.2,7.6
std-3889,male,group B,high school,0,1,21,69,47,95,232,C,58.0,88.4,7.9
std-3890,male,group D,bachelor's degree,1,0,75,86,63,77,301,B,75.25,76.2,5.3
std-3891,male,group B,associate's degree,0,0,62,52,58,82,254,B,63.5,79.6,9.1
std-3892,male,group E,associate's degree,0,0,9,78,74,57,218,C,54.5,67.3,5.4
std-3893,male,group C,bachelor's degree,1,1,67,100,30,56,253,B,63.25,75.3,9.8
std-3894,male,group D,high school,0,0,46,70,71,77,264,B,66.0,77.6,9.5
std-3895,male,group B,associate's degree,1,1,29,89,37,47,202,C,50.5,68.3,10.5
std-3896,male,group B,master's degree,0,1,95,85,84,46,310,B,77.5,72.8,11.0
std-3897,male,group C,some college,1,0,63,23,54,52,192,D,48.0,61.3,3.5
std-3898,male,group B,high school,0,0,71,96,90,85,342,A,85.5,65.3,4.3
std-3899,male,group D,high school,0,0,42,24,30,51,147,Fail,36.75,60.8,3.7
std-3900,male,group C,some college,0,1,51,78,69,77,275,B,68.75,86.5,11.5
std-3901,male,group C,master's degree,0,0,35,53,86,63,237,C,59.25,63.3,6.2
std-3902,male,group D,high school,0,1,27,86,83,100,296,B,74.0,70.3,0.6
std-3903,male,group E,some college,1,0,26,100,59,75,260,B,65.0,95.7,8.1
std-3904,male,group B,bachelor's degree,1,1,23,100,95,26,244,C,61.0,72.6,10.3
std-3905,male,group E,associate's degree,0,0,19,100,97,96,312,B,78.0,86.8,6.4
std-3906,male,group D,some high school,1,1,9,66,52,55,182,D,45.5,78.9,9.0
std-3907,male,group B,high school,1,0,85,55,95,34,269,B,67.25,86.3,7.7
std-3908,male,group A,bachelor's degree,1,0,63,76,89,63,291,B,72.75,68.5,4.9
std-3909,male,group E,associate's degree,1,0,21,86,67,65,239,C,59.75,75.8,8.6
std-3910,male,group C,some college,0,0,43,66,59,83,251,B,62.75,64.3,2.5
std-3911,male,group E,associate's degree,0,1,78,86,46,51,261,B,65.25,100.0,8.3
std-3912,male,group D,some college,1,0,83,88,67,50,288,B,72.0,67.6,6.2
std-3913,male,group E,bachelor's degree,0,0,0,59,41,41,141,Fail,35.25,60.3,1.0
std-3914,male,group A,bachelor's degree,1,0,86,77,94,80,337,A,84.25,76.6,8.5
std-3915,male,group D,master's degree,1,1,8,30,65,100,203,C,50.75,61.4,10.3
std-3916,male,group E,some college,1,0,18,71,78,66,233,C,58.25,89.5,8.4
std-3917,male,group E,master's degree,1,0,85,48,71,84,288,B,72.0,100.0,8.4
std-3918,male,group D,bachelor's degree,1,1,45,43,59,55,202,C,50.5,70.5,2.8
std-3919,male,group C,some college,1,1,92,84,89,71,336,A,84.0,74.0,6.8
std-3920,male,group B,some college,0,0,8,66,96,63,233,C,58.25,57.2,5.7
std-3921,male,group E,some college,1,1,17,58,60,38,173,D,43.25,70.2,6.2
std-3922,male,group E,bachelor's degree,1,1,98,56,47,59,260,B,65.0,76.8,7.1
std-3923,male,group B,master's degree,0,0,14,75,73,75,237,C,59.25,71.8,10.1
std-3924,male,group C,high school,1,1,46,22,93,57,218,C,54.5,78.1,7.7
std-3925,male,group C,master's degree,0,0,64,73,96,47,280,B,70.0,84.8,7.7
std-3926,male,group C,bachelor's degree,0,0,70,90,51,61,272,B,68.0,83.5,8.6
std-3927,male,group B,high school,1,1,89,68,38,100,295,B,73.75,79.7,9.4
std-3928,male,group C,associate's degree,1,1,37,49,10,58,154,D,38.5,60.9,12.4
std-3929,male,group C,associate's degree,1,0,66,87,58,83,294,B,73.5,88.4,4.3
std-3930,male,group D,some high school,0,0,66,54,42,62,224,C,56.0,76.7,3.5
std-3931,male,group B,bachelor's degree,1,0,70,73,68,63,274,B,68.5,88.8,3.9
std-3932,male,group C,some college,1,0,24,58,59,66,207,C,51.75,82.3,8.5
std-3933,male,group C,bachelor's degree,1,0,30,83,73,73,259,B,64.75,66.7,7.9
std-3934,male,group B,some college,0,1,100,64,52,70,286,B,71.5,68.8,7.6
std-3935,male,group D,some college,0,0,63,54,56,86,259,B,64.75,72.7,3.7
std-3936,male,group C,high school,0,0,87,55,63,43,248,C,62.0,69.1,9.1
std-3937,male,group C,high school,1,0,37,62,88,51,238,C,59.5,84.6,6.3
std-3938,male,group D,bachelor's degree,1,1,44,75,66,39,224,C,56.0,79.8,11.1
std-3939,male,group D,high school,1,1,32,59,55,82,228,C,57.0,86.9,7.5
std-3940,male,group B,some college,1,1,51,100,79,69,299,B,74.75,86.4,10.6
std-3941,male,group B,associate's degree,0,0,39,85,54,44,222,C,55.5,78.3,5.7
std-3942,male,group B,master's degree,1,1,64,68,78,32,242,C,60.5,88.9,6.4
std-3943,male,group D,high school,1,1,43,91,71,100,305,B,76.25,87.6,9.1
std-3944,male,group D,some high school,1,1,65,76,91,35,267,B,66.75,80.8,5.6
std-3945,male,group D,associate's degree,1,0,55,48,62,82,247,C,61.75,91.9,6.8
std-3946,male,group C,master's degree,1,0,13,42,84,50,189,D,47.25,74.8,6.1
std-3947,male,group A,some college,1,0,33,81,100,26,240,C,60.0,75.2,7.9
std-3948,male,group C,associate's degree,0,0,40,80,52,60,232,C,58.0,69.7,6.9
std-3949,male,group E,master's degree,0,1,52,17,86,73,228,C,57.0,83.3,7.3
std-3950,male,group B,associate's degree,1,0,25,100,48,81,254,B,63.5,90.2,9.6
std-3951,male,group D,master's degree,1,1,49,68,68,64,249,C,62.25,78.2,10.4
std-3952,male,group A,master's degree,0,1,50,32,68,64,214,C,53.5,87.6,10.8
std-3953,male,group C,high school,0,0,59,72,68,99,298,B,74.5,65.0,10.4
std-3954,male,group C,some college,1,1,49,34,52,58,193,D,48.25,73.6,6.5
std-3955,male,group C,some college,1,0,31,57,47,60,195,D,48.75,73.9,5.3
std-3956,male,group E,some college,1,1,91,27,96,49,263,B,65.75,73.3,10.4
std-3957,male,group C,some college,0,0,11,54,90,41,196,D,49.0,95.8,1.5
std-3958,male,group C,associate's degree,1,0,20,70,79,94,263,B,65.75,79.3,3.1
std-3959,male,group E,bachelor's degree,0,1,19,74,86,100,279,B,69.75,77.5,5.6
std-3960,male,group B,bachelor's degree,0,0,22,56,58,59,195,D,48.75,74.5,4.1
std-3961,male,group C,associate's degree,0,1,87,100,100,71,358,A,89.5,69.7,9.9
std-3962,male,group C,high school,0,0,31,54,45,36,166,D,41.5,65.0,0.1
std-3963,male,group B,bachelor's degree,1,0,53,44,67,55,219,C,54.75,85.1,5.3
std-3964,male,group D,high school,1,1,75,89,81,76,321,A,80.25,79.0,9.6
std-3965,male,group C,associate's degree,1,1,40,52,82,46,220,C,55.0,68.8,10.4
std-3966,male,group B,high school,1,0,66,78,66,65,275,B,68.75,92.6,11.3
std-3967,male,group E,some high school,1,0,10,84,76,47,217,C,54.25,88.1,6.0
std-3968,male,group E,associate's degree,0,0,55,83,63,32,233,C,58.25,82.0,3.5
std-3969,male,group D,high school,0,0,0,46,66,43,155,D,38.75,66.8,5.0
std-3970,male,group B,associate's degree,0,0,69,88,67,89,313,B,78.25,81.8,7.2
std-3971,male,group B,bachelor's degree,0,0,44,60,73,84,261,B,65.25,72.5,5.3
std-3972,male,group C,high school,0,0,29,83,74,44,230,C,57.5,68.2,3.0
std-3973,male,group B,some college,1,1,66,80,37,92,275,B,68.75,71.4,7.6
std-3974,male,group D,associate's degree,1,0,92,70,73,69,304,B,76.0,77.7,6.5
std-3975,male,group E,some college,0,0,55,78,78,81,292,B,73.0,72.9,8.7
std-3976,male,group B,some college,1,0,82,97,49,9,237,C,59.25,63.6,6.6
std-3977,male,group D,bachelor's degree,1,0,66,82,78,47,273,B,68.25,82.7,10.8
std-3978,male,group C,associate's degree,0,1,40,100,86,86,312,B,78.0,86.0,11.3
std-3979,male,group B,some college,0,0,63,100,44,51,258,B,64.5,94.7,6.9
std-3980,male,group D,bachelor's degree,0,0,35,100,88,96,319,B,79.75,78.5,6.5
std-3981,male,group A,master's degree,1,0,56,74,65,46,241,C,60.25,80.7,2.8
std-3982,male,group C,master's degree,1,0,52,87,88,21,248,C,62.0,81.4,4.2
std-3983,male,group C,bachelor's degree,1,0,23,81,48,51,203,C,50.75,72.6,2.8
std-3984,male,group E,some high school,1,0,64,61,55,49,229,C,57.25,83.7,0.0
std-3985,male,group E,high school,1,0,24,81,10,90,205,C,51.25,82.0,2.1
std-3986,male,group D,associate's degree,0,0,51,80,55,68,254,B,63.5,82.1,9.8
std-3987,male,group D,bachelor's degree,1,0,49,32,82,45,208,C,52.0,73.0,5.6
std-3988,male,group D,high school,1,0,54,76,36,95,261,B,65.25,76.5,5.0
std-3989,male,group D,master's degree,1,1,71,100,63,36,270,B,67.5,68.1,9.6
std-3990,male,group E,some college,1,0,93,84,91,81,349,A,87.25,79.7,3.1
std-3991,male,group D,high school,0,0,94,77,70,82,323,A,80.75,79.2,8.1
std-3992,male,group E,bachelor's degree,0,0,78,62,100,41,281,B,70.25,71.2,9.6
std-3993,male,group C,master's degree,1,1,49,99,71,73,292,B,73.0,86.2,8.8
std-3994,male,group E,bachelor's degree,1,0,53,60,79,44,236,C,59.0,88.4,0.9
std-3995,male,group D,associate's degree,1,1,68,61,39,65,233,C,58.25,69.2,6.7
std-3996,male,group E,some college,0,0,77,47,56,100,280,B,70.0,83.8,9.6
std-3997,male,group E,some college,1,0,28,71,59,61,219,C,54.75,66.9,5.6
std-3998,male,group D,master's degree,0,0,0,60,72,49,181,D,45.25,70.3,0.5
std-3999,male,group C,master's degree,1,0,33,70,35,66,204,C,51.0,68.8,10.5
std-4000,male,group B,some high school,1,0,38,92,68,88,286,B,71.5,87.2,3.4
std-4001,male,group D,high school,1,0,34,98,71,58,261,B,65.25,73.6,5.3
std-4002,male,group C,high school,0,1,76,60,72,79,287,B,71.75,90.9,6.4
std-4003,male,group B,some college,1,1,84,65,62,21,232,C,58.0,75.1,5.1
std-4004,male,group C,some college,1,1,60,84,68,17,229,C,57.25,71.2,6.5
std-4005,male,group C,some high school,1,0,51,81,68,50,250,B,62.5,67.5,7.2
std-4006,male,group D,some college,1,0,52,47,63,9,171,D,42.75,74.5,7.0
std-4007,male,group C,some college,0,0,5,79,74,70,228,C,57.0,85.0,4.2
std-4008,male,group E,associate's degree,0,1,91,44,48,51,234,C,58.5,79.9,5.2
std-4009,male,group C,some college,0,1,81,76,66,37,260,B,65.0,99.8,9.6
std-4010,male,group B,some college,1,1,31,52,70,64,217,C,54.25,88.9,8.6
std-4011,male,group C,bachelor's degree,1,0,87,74,97,23,281,B,70.25,78.6,7.0
std-4012,male,group B,some high school,1,1,34,89,94,61,278,B,69.5,78.2,9.5
std-4013,male,group C,some college,1,1,76,72,48,65,261,B,65.25,83.9,8.1
std-4014,male,group B,high school,1,0,46,65,51,89,251,B,62.75,71.3,5.9
std-4015,male,group A,bachelor's degree,0,0,93,84,71,69,317,B,79.25,94.8,6.8
std-4016,male,group B,master's degree,1,0,27,57,88,76,248,C,62.0,81.9,8.3
std-4017,male,group C,associate's degree,1,0,10,81,57,72,220,C,55.0,78.6,10.5
std-4018,male,group B,some college,1,0,68,65,27,92,252,B,63.0,85.1,6.1
std-4019,male,group E,some high school,0,0,91,87,66,97,341,A,85.25,100.0,7.8
std-4020,male,group D,some college,0,1,54,79,58,37,228,C,57.0,78.5,8.3
std-4021,male,group D,associate's degree,1,1,56,71,62,49,238,C,59.5,76.8,6.2
std-4022,male,group D,master's degree,0,0,26,17,89,77,209,C,52.25,89.0,6.6
std-4023,male,group B,associate's degree,1,1,96,68,31,43,238,C,59.5,86.5,9.0
std-4024,male,group A,bachelor's degree,1,0,79,96,59,98,332,A,83.0,82.7,6.5
std-4025,male,group C,some high school,1,0,42,55,64,85,246,C,61.5,78.5,7.8
std-4026,male,group B,high school,0,0,31,17,87,76,211,C,52.75,77.3,4.8
std-4027,male,group B,master's degree,0,0,17,72,86,81,256,B,64.0,82.5,3.4
std-4028,male,group C,high school,1,1,94,100,60,63,317,B,79.25,72.1,10.6
std-4029,male,group D,bachelor's degree,0,0,21,64,54,22,161,D,40.25,57.5,4.1
std-4030,male,group E,associate's degree,0,0,34,82,78,100,294,B,73.5,74.4,9.1
std-4031,male,group C,some college,1,1,73,62,52,87,274,B,68.5,72.1,10.8
std-4032,male,group E,some college,0,0,33,58,96,55,242,C,60.5,72.3,5.2
std-4033,male,group B,high school,0,1,41,68,61,57,227,C,56.75,82.6,6.4
std-4034,male,group C,some college,1,1,46,71,81,49,247,C,61.75,77.0,8.1
std-4035,male,group C,high school,1,1,22,75,41,68,206,C,51.5,76.9,8.0
std-4036,male,group D,bachelor's degree,0,0,63,72,100,44,279,B,69.75,70.2,7.5
std-4037,male,group C,some college,0,0,63,66,83,67,279,B,69.75,77.0,7.1
std-4038,male,group A,some college,0,0,46,90,56,86,278,B,69.5,86.4,6.1
std-4039,male,group C,associate's degree,0,0,65,96,71,42,274,B,68.5,86.1,8.7
std-4040,male,group C,some college,1,0,51,72,51,64,238,C,59.5,71.3,3.7
std-4041,male,group D,some college,1,0,35,60,85,72,252,B,63.0,80.4,11.9
std-4042,male,group D,some college,0,1,13,47,50,86,196,D,49.0,94.1,8.8
std-4043,male,group E,some college,1,0,28,71,66,58,223,C,55.75,76.4,2.2
std-4044,male,group D,master's degree,1,0,43,64,49,31,187,D,46.75,67.3,4.6
std-4045,male,group E,bachelor's degree,1,0,100,34,58,80,272,B,68.0,79.0,8.1
std-4046,male,group E,associate's degree,1,1,62,95,89,74,320,A,80.0,85.4,8.9
std-4047,male,group C,some college,1,0,52,81,94,75,302,B,75.5,81.7,3.1
std-4048,male,group C,associate's degree,1,0,31,80,98,72,281,B,70.25,81.1,3.8
std-4049,male,group D,some college,1,1,78,80,73,28,259,B,64.75,66.5,9.7
std-4050,male,group A,associate's degree,1,0,53,76,42,76,247,C,61.75,69.9,1.2
std-4051,male,group C,associate's degree,1,1,49,100,50,68,267,B,66.75,78.8,4.9
std-4052,male,group E,some college,1,0,36,81,45,82,244,C,61.0,76.8,6.9
std-4053,male,group B,associate's degree,1,0,31,41,68,46,186,D,46.5,68.4,3.6
std-4054,male,group B,bachelor's degree,1,1,72,58,81,91,302,B,75.5,81.5,7.6
std-4055,male,group B,master's degree,0,0,66,91,77,95,329,A,82.25,85.9,6.3
std-4056,male,group B,some college,1,0,31,42,50,93,216,C,54.0,84.0,1.2
std-4057,male,group D,associate's degree,1,0,31,87,67,91,276,B,69.0,80.0,7.5
std-4058,male,group A,some high school,1,0,89,74,59,95,317,B,79.25,87.9,5.2
std-4059,male,group D,some high school,0,0,19,89,54,9,171,D,42.75,67.4,2.4
std-4060,male,group B,associate's degree,0,0,79,46,96,50,271,B,67.75,85.7,7.0
std-4061,male,group B,some college,1,0,47,75,53,81,256,B,64.0,82.7,5.2
std-4062,male,group A,associate's degree,1,0,67,58,79,96,300,B,75.0,90.7,5.1
std-4063,male,group A,associate's degree,0,1,8,61,82,66,217,C,54.25,82.5,2.4
std-4064,male,group C,bachelor's degree,1,0,32,99,100,54,285,B,71.25,87.0,7.4
std-4065,male,group B,some high school,1,0,43,97,96,62,298,B,74.5,81.9,7.0
std-4066,male,group C,some college,1,1,41,100,74,80,295,B,73.75,84.7,7.9
std-4067,male,group C,associate's degree,0,1,35,100,68,26,229,C,57.25,86.6,5.1
std-4068,male,group E,some college,0,0,82,35,100,39,256,B,64.0,73.4,5.8
std-4069,male,group D,high school,1,0,61,74,13,62,210,C,52.5,69.8,5.9
std-4070,male,group B,associate's degree,1,0,44,69,97,33,243,C,60.75,79.8,5.7
std-4071,male,group C,some college,1,0,79,84,64,68,295,B,73.75,86.2,10.8
std-4072,male,group D,bachelor's degree,0,0,43,90,51,70,254,B,63.5,71.7,7.5
std-4073,male,group C,high school,0,0,50,48,59,96,253,B,63.25,78.4,5.5
std-4074,male,group A,associate's degree,0,0,93,43,62,78,276,B,69.0,80.1,8.1
std-4075,male,group A,bachelor's degree,1,0,61,77,96,79,313,B,78.25,64.1,7.3
std-4076,male,group E,associate's degree,1,1,42,75,73,55,245,C,61.25,76.4,8.1
std-4077,male,group D,some college,0,0,29,64,59,94,246,C,61.5,77.0,8.8
std-4078,male,group C,some high school,1,0,13,44,46,73,176,D,44.0,71.2,1.7
std-4079,male,group C,high school,0,0,91,69,72,40,272,B,68.0,93.3,6.2
std-4080,male,group C,some high school,0,1,23,98,81,99,301,B,75.25,72.1,12.3
std-4081,male,group D,some college,1,1,26,76,76,45,223,C,55.75,69.1,8.3
std-4082,male,group A,some college,1,0,25,72,73,87,257,B,64.25,55.8,4.9
std-4083,male,group C,some high school,1,0,47,89,85,68,289,B,72.25,77.7,2.3
std-4084,male,group C,associate's degree,0,0,100,60,98,81,339,A,84.75,82.6,2.1
std-4085,male,group B,associate's degree,1,1,39,82,77,89,287,B,71.75,77.2,14.2
std-4086,male,group B,some college,0,0,60,100,64,94,318,B,79.5,94.4,8.0
std-4087,male,group E,some college,1,1,84,100,57,100,341,A,85.25,94.1,8.8
std-4088,male,group C,some high school,1,0,14,76,89,71,250,B,62.5,79.5,6.5
std-4089,male,group D,associate's degree,1,0,65,49,68,82,264,B,66.0,76.6,3.6
std-4090,male,group C,some college,0,0,18,17,83,46,164,D,41.0,80.9,2.8
std-4091,male,group C,some college,0,0,77,53,71,62,263,B,65.75,79.7,3.6
std-4092,male,group C,some college,1,1,62,17,43,27,149,Fail,37.25,63.1,2.2
std-4093,male,group D,high school,0,1,66,67,57,100,290,B,72.5,66.6,3.8
std-4094,male,group B,associate's degree,1,0,12,46,66,9,133,Fail,33.25,65.1,0.0
std-4095,male,group C,bachelor's degree,0,0,72,68,82,51,273,B,68.25,87.5,8.7
std-4096,male,group D,some college,0,1,25,97,82,55,259,B,64.75,100.0,5.9
std-4097,male,group D,some high school,0,1,77,60,69,40,246,C,61.5,79.0,9.4
std-4098,male,group A,high school,1,0,22,80,24,55,181,D,45.25,66.2,6.4
std-4099,male,group B,some college,0,0,19,67,80,59,225,C,56.25,66.0,5.1
std-4100,male,group E,some college,1,1,75,47,59,75,256,B,64.0,84.2,7.5
std-4101,male,group A,bachelor's degree,1,1,81,69,75,80,305,B,76.25,67.4,9.8
std-4102,male,group B,high school,1,1,79,74,75,80,308,B,77.0,88.5,8.5
std-4103,male,group A,high school,1,1,93,94,49,77,313,B,78.25,91.3,12.6
std-4104,male,group A,associate's degree,1,1,29,92,98,58,277,B,69.25,84.9,13.5
std-4105,male,group E,some college,1,1,60,100,81,58,299,B,74.75,80.9,12.9
std-4106,male,group C,some college,1,0,21,83,79,68,251,B,62.75,83.9,0.3
std-4107,male,group B,some college,0,0,45,100,64,63,272,B,68.0,82.1,5.1
std-4108,male,group C,bachelor's degree,0,0,86,84,62,72,304,B,76.0,76.2,6.9
std-4109,male,group D,associate's degree,1,1,63,91,76,95,325,A,81.25,100.0,11.1
std-4110,male,group D,some high school,1,1,28,53,75,51,207,C,51.75,72.1,2.8
std-4111,male,group C,high school,1,0,37,45,71,69,222,C,55.5,83.4,0.6
std-4112,male,group A,some high school,1,0,71,41,97,80,289,B,72.25,60.2,9.8
std-4113,male,group C,associate's degree,1,0,44,83,60,38,225,C,56.25,88.2,3.7
std-4114,male,group B,some college,1,0,47,79,90,54,270,B,67.5,93.7,2.4
std-4115,male,group B,some college,1,1,54,56,57,26,193,D,48.25,74.3,4.0
std-4116,male,group A,some high school,1,0,48,75,58,50,231,C,57.75,82.2,6.2
std-4117,male,group D,some college,0,1,77,78,52,63,270,B,67.5,85.5,6.6
std-4118,male,group D,bachelor's degree,1,1,36,60,79,74,249,C,62.25,72.9,8.7
std-4119,male,group B,some college,1,0,30,79,90,41,240,C,60.0,82.9,3.0
std-4120,male,group B,high school,1,0,58,100,91,70,319,B,79.75,77.2,2.9
std-4121,male,group E,some college,1,1,67,62,56,78,263,B,65.75,74.4,12.0
std-4122,male,group C,some college,0,0,20,100,92,76,288,B,72.0,92.1,7.5
std-4123,male,group C,associate's degree,1,1,38,76,78,73,265,B,66.25,88.8,7.7
std-4124,male,group D,high school,1,1,58,79,23,59,219,C,54.75,69.9,6.1
std-4125,male,group C,associate's degree,0,0,46,46,75,82,249,C,62.25,72.1,9.3
std-4126,male,group C,some high school,1,0,15,65,47,36,163,D,40.75,65.8,5.1
std-4127,male,group C,some high school,1,0,53,100,44,83,280,B,70.0,87.9,9.2
std-4128,male,group E,high school,1,0,67,58,49,58,232,C,58.0,68.3,3.8
std-4129,male,group A,associate's degree,1,0,54,67,54,55,230,C,57.5,80.3,5.3
std-4130,male,group B,some high school,0,0,48,63,11,55,177,D,44.25,79.5,4.9
std-4131,male,group B,some college,1,0,91,93,50,88,322,A,80.5,83.9,6.0
std-4132,male,group B,some college,1,1,65,85,63,61,274,B,68.5,89.9,8.5
std-4133,male,group D,some college,0,1,21,84,32,25,162,D,40.5,68.8,4.6
std-4134,male,group C,high school,1,0,72,84,69,64,289,B,72.25,80.1,7.6
std-4135,male,group D,some high school,1,0,66,78,73,46,263,B,65.75,71.1,2.7
std-4136,male,group E,bachelor's degree,0,1,73,41,74,84,272,B,68.0,89.8,10.1
std-4137,male,group B,bachelor's degree,0,1,58,63,64,69,254,B,63.5,72.2,9.0
std-4138,male,group C,some college,1,0,85,33,72,43,233,C,58.25,80.5,4.7
std-4139,male,group C,high school,1,0,23,86,95,44,248,C,62.0,78.0,6.7
std-4140,male,group C,bachelor's degree,0,0,66,40,61,90,257,B,64.25,69.9,4.9
std-4141,male,group D,some college,0,0,34,67,58,36,195,D,48.75,68.7,2.7
std-4142,male,group E,associate's degree,0,1,22,50,100,61,233,C,58.25,89.8,9.1
std-4143,male,group B,high school,0,0,90,85,52,96,323,A,80.75,86.6,8.8
std-4144,male,group E,some college,1,0,44,83,57,24,208,C,52.0,66.2,3.4
std-4145,male,group D,bachelor's degree,1,0,58,80,35,54,227,C,56.75,79.6,3.6
std-4146,male,group C,high school,0,0,71,86,74,70,301,B,75.25,81.7,6.4
std-4147,male,group D,bachelor's degree,1,0,20,39,62,77,198,D,49.5,100.0,3.0
std-4148,male,group C,bachelor's degree,0,0,27,38,51,71,187,D,46.75,76.1,8.0
std-4149,male,group C,some college,1,1,94,76,58,62,290,B,72.5,78.7,9.9
std-4150,male,group C,some college,1,1,87,80,42,95,304,B,76.0,96.0,9.5
std-4151,male,group C,some high school,0,0,13,76,61,70,220,C,55.0,59.7,2.6
std-4152,male,group C,some college,1,0,61,71,66,83,281,B,70.25,82.2,8.2
std-4153,male,group D,master's degree,1,0,28,22,10,60,120,Fail,30.0,86.0,1.0
std-4154,male,group C,some college,0,1,100,69,69,28,266,B,66.5,79.1,6.9
std-4155,male,group D,bachelor's degree,1,0,86,85,79,62,312,B,78.0,68.3,9.0
std-4156,male,group D,high school,1,0,51,57,57,50,215,C,53.75,72.3,5.8
std-4157,male,group B,some high school,1,0,35,78,67,9,189,D,47.25,86.8,0.0
std-4158,male,group B,some college,1,0,66,85,72,100,323,A,80.75,88.2,7.0
std-4159,male,group D,some college,0,0,82,56,33,41,212,C,53.0,68.1,5.1
std-4160,male,group B,high school,1,1,31,55,73,81,240,C,60.0,71.8,7.1
std-4161,male,group E,some college,1,0,34,80,54,79,247,C,61.75,73.5,6.0
std-4162,male,group B,associate's degree,1,0,31,63,73,100,267,B,66.75,83.4,1.5
std-4163,male,group C,bachelor's degree,1,0,38,100,56,29,223,C,55.75,88.6,0.0
std-4164,male,group C,some college,1,0,45,55,53,60,213,C,53.25,85.2,2.3
std-4165,male,group D,master's degree,0,1,28,100,70,52,250,B,62.5,82.9,8.9
std-4166,male,group C,bachelor's degree,1,0,64,82,65,74,285,B,71.25,69.7,0.0
std-4167,male,group E,associate's degree,1,0,92,53,58,9,212,C,53.0,63.7,2.6
std-4168,male,group A,associate's degree,0,0,11,62,82,79,234,C,58.5,82.3,0.5
std-4169,male,group D,some college,0,0,81,50,78,58,267,B,66.75,68.1,5.4
std-4170,male,group E,some high school,1,0,13,73,72,50,208,C,52.0,73.3,9.6
std-4171,male,group B,some college,0,1,56,100,100,64,320,A,80.0,87.3,9.3
std-4172,male,group B,some high school,1,1,38,66,50,58,212,C,53.0,65.4,7.0
std-4173,male,group D,some college,1,1,58,51,67,98,274,B,68.5,71.5,10.8
std-4174,male,group C,associate's degree,0,0,23,91,55,27,196,D,49.0,73.5,4.4
std-4175,male,group E,high school,0,1,26,17,57,43,143,Fail,35.75,74.5,5.1
std-4176,male,group A,high school,1,0,95,78,83,95,351,A,87.75,96.7,10.4
std-4177,male,group B,some college,0,1,11,62,57,65,195,D,48.75,79.7,8.0
std-4178,male,group B,high school,1,0,87,61,62,100,310,B,77.5,84.4,7.8
std-4179,male,group D,high school,1,0,71,67,10,56,204,C,51.0,68.3,4.2
std-4180,male,group C,some high school,1,0,33,82,71,79,265,B,66.25,70.4,5.1
std-4181,male,group D,some college,0,1,27,99,46,26,198,D,49.5,69.9,9.2
std-4182,male,group B,some high school,0,0,71,59,64,77,271,B,67.75,84.2,5.3
std-4183,male,group D,some high school,1,1,49,66,82,64,261,B,65.25,82.7,11.5
std-4184,male,group B,some college,1,1,69,96,78,53,296,B,74.0,63.7,6.6
std-4185,male,group D,high school,0,0,59,66,63,90,278,B,69.5,74.0,9.9
std-4186,male,group D,some college,1,1,36,71,72,74,253,B,63.25,89.9,9.4
std-4187,male,group E,bachelor's degree,1,0,68,84,58,61,271,B,67.75,81.2,3.7
std-4188,male,group E,some high school,1,0,85,54,58,50,247,C,61.75,65.8,6.9
std-4189,male,group A,high school,0,0,65,87,32,38,222,C,55.5,97.7,3.4
std-4190,male,group D,some college,1,1,98,100,100,69,367,A,91.75,88.2,11.0
std-4191,male,group C,some high school,1,0,74,69,73,11,227,C,56.75,80.3,3.9
std-4192,male,group B,master's degree,1,0,25,69,49,9,152,D,38.0,74.3,3.0
std-4193,male,group C,some college,1,1,26,87,63,67,243,C,60.75,74.9,10.3
std-4194,male,group A,associate's degree,1,0,42,80,49,70,241,C,60.25,71.5,6.7
std-4195,male,group E,some high school,1,1,21,48,58,73,200,C,50.0,93.7,4.2
std-4196,male,group C,some college,1,0,63,95,45,74,277,B,69.25,90.0,3.6
std-4197,male,group D,some college,1,1,54,73,62,53,242,C,60.5,85.5,8.6
std-4198,male,group C,bachelor's degree,0,0,10,87,60,9,166,D,41.5,77.0,4.5
std-4199,male,group D,some high school,0,0,27,77,95,61,260,B,65.0,70.6,4.2
std-4200,male,group E,some high school,0,0,48,40,76,79,243,C,60.75,89.7,9.5
std-4201,male,group E,some college,1,0,62,60,54,88,264,B,66.0,72.3,8.0
std-4202,male,group E,some high school,1,0,31,78,84,90,283,B,70.75,84.1,4.9
std-4203,male,group D,some high school,0,1,44,88,75,57,264,B,66.0,65.2,6.7
std-4204,male,group C,bachelor's degree,1,1,69,89,80,61,299,B,74.75,64.5,8.7
std-4205,male,group D,bachelor's degree,0,0,56,78,85,99,318,B,79.5,87.3,6.4
std-4206,male,group B,high school,0,0,46,65,37,57,205,C,51.25,67.8,7.7
std-4207,male,group A,bachelor's degree,1,1,23,81,68,86,258,B,64.5,61.5,10.8
std-4208,male,group C,some college,0,1,63,54,100,56,273,B,68.25,85.5,8.8
std-4209,male,group D,master's degree,0,0,76,71,82,66,295,B,73.75,100.0,8.4
std-4210,male,group C,some college,1,0,41,60,70,9,180,D,45.0,85.5,6.1
std-4211,male,group D,high school,1,0,67,79,44,63,253,B,63.25,76.7,5.9
std-4212,male,group C,associate's degree,1,0,44,83,100,24,251,B,62.75,78.9,6.7
std-4213,male,group D,associate's degree,1,0,76,84,53,53,266,B,66.5,88.1,7.5
std-4214,male,group B,some high school,0,0,31,57,41,71,200,C,50.0,84.7,5.7
std-4215,male,group C,master's degree,0,0,55,76,86,74,291,B,72.75,79.1,4.7
std-4216,male,group A,high school,1,1,85,68,62,80,295,B,73.75,82.8,7.5
std-4217,male,group E,some high school,1,0,49,70,53,47,219,C,54.75,78.9,4.2
std-4218,male,group C,bachelor's degree,1,0,40,51,61,92,244,C,61.0,83.3,3.7
std-4219,male,group E,bachelor's degree,1,0,91,67,57,69,284,B,71.0,80.4,2.8
std-4220,male,group A,associate's degree,0,1,20,45,60,57,182,D,45.5,72.1,8.2
std-4221,male,group E,some high school,1,0,98,89,67,59,313,B,78.25,96.4,8.0
std-4222,male,group B,some college,0,1,68,99,100,94,361,A,90.25,98.8,7.4
std-4223,male,group D,some college,0,0,15,38,89,67,209,C,52.25,79.7,4.1
std-4224,male,group B,some high school,1,1,100,91,97,70,358,A,89.5,100.0,10.2
std-4225,male,group D,some high school,0,0,55,51,50,13,169,D,42.25,68.6,4.2
std-4226,male,group D,some college,1,0,31,72,48,83,234,C,58.5,92.1,2.6
std-4227,male,group D,high school,1,1,99,66,78,60,303,B,75.75,88.0,6.0
std-4228,male,group A,some college,1,1,18,89,72,27,206,C,51.5,100.0,8.4
std-4229,male,group E,bachelor's degree,1,0,49,92,57,54,252,B,63.0,68.2,1.9
std-4230,male,group A,high school,1,1,38,82,100,72,292,B,73.0,76.0,8.6
std-4231,male,group D,some college,1,0,90,75,97,70,332,A,83.0,89.3,6.8
std-4232,male,group B,high school,0,0,39,69,86,100,294,B,73.5,86.0,6.4
std-4233,male,group B,associate's degree,1,0,89,76,55,79,299,B,74.75,100.0,7.4
std-4234,male,group D,some college,1,0,51,100,65,70,286,B,71.5,75.7,10.5
std-4235,male,group E,some high school,0,0,42,38,88,49,217,C,54.25,84.2,0.9
std-4236,male,group A,bachelor's degree,1,0,64,58,66,28,216,C,54.0,86.4,7.0
std-4237,male,group B,associate's degree,0,0,91,83,21,92,287,B,71.75,88.2,0.2
std-4238,male,group D,associate's degree,1,0,50,43,35,63,191,D,47.75,65.2,7.7
std-4239,male,group E,master's degree,0,0,27,95,76,56,254,B,63.5,91.8,0.6
std-4240,male,group B,associate's degree,1,1,84,98,72,57,311,B,77.75,94.9,15.7
std-4241,male,group C,some college,1,1,53,71,73,79,276,B,69.0,86.3,7.8
std-4242,male,group B,some college,0,1,83,63,100,65,311,B,77.75,85.7,12.8
std-4243,male,group D,bachelor's degree,1,1,59,28,74,39,200,C,50.0,76.7,9.7
std-4244,male,group D,associate's degree,0,0,22,73,87,69,251,B,62.75,78.2,4.6
std-4245,male,group A,high school,0,0,39,59,95,66,259,B,64.75,85.3,5.0
std-4246,male,group C,master's degree,1,0,24,93,89,96,302,B,75.5,83.4,4.8
std-4247,male,group C,some high school,1,1,57,79,52,42,230,C,57.5,69.5,9.6
std-4248,male,group A,master's degree,0,0,41,75,90,78,284,B,71.0,72.2,5.4
std-4249,male,group B,associate's degree,1,0,61,57,71,91,280,B,70.0,74.5,4.3
std-4250,male,group D,some high school,1,1,58,90,51,77,276,B,69.0,82.9,10.1
std-4251,male,group B,master's degree,0,0,33,94,29,74,230,C,57.5,76.9,2.9
std-4252,male,group C,some high school,1,1,71,79,38,78,266,B,66.5,82.0,7.7
std-4253,male,group B,associate's degree,0,1,35,67,50,34,186,D,46.5,78.0,6.9
std-4254,male,group B,high school,1,0,59,62,56,32,209,C,52.25,69.7,3.1
std-4255,male,group D,high school,1,1,14,89,64,73,240,C,60.0,91.1,6.7
std-4256,male,group D,master's degree,0,1,97,45,76,68,286,B,71.5,79.3,12.8
std-4257,male,group C,some high school,1,1,45,87,35,9,176,D,44.0,68.8,5.9
std-4258,male,group B,some high school,1,0,51,46,92,55,244,C,61.0,82.6,4.6
std-4259,male,group C,some high school,1,0,19,51,83,89,242,C,60.5,61.6,5.0
std-4260,male,group D,associate's degree,1,0,24,96,66,51,237,C,59.25,70.6,6.5
std-4261,male,group B,associate's degree,1,0,36,56,72,74,238,C,59.5,86.6,2.8
std-4262,male,group D,high school,0,0,51,100,100,53,304,B,76.0,67.6,8.0
std-4263,male,group C,master's degree,1,1,34,46,47,68,195,D,48.75,84.3,7.5
std-4264,male,group D,high school,0,0,6,68,54,75,203,C,50.75,88.5,0.1
std-4265,male,group C,associate's degree,1,1,10,95,67,82,254,B,63.5,75.8,12.7
std-4266,male,group D,some college,0,0,64,48,58,25,195,D,48.75,76.9,8.0
std-4267,male,group D,high school,0,0,41,52,43,56,192,D,48.0,84.1,2.3
std-4268,male,group D,high school,0,1,39,55,74,55,223,C,55.75,72.3,4.7
std-4269,male,group A,high school,0,0,51,71,82,47,251,B,62.75,86.7,6.2
std-4270,male,group C,master's degree,0,0,53,67,65,63,248,C,62.0,72.6,2.0
std-4271,male,group C,some high school,0,0,62,41,75,54,232,C,58.0,73.0,8.6
std-4272,male,group D,associate's degree,0,1,33,86,99,50,268,B,67.0,73.1,7.4
std-4273,male,group C,some college,1,0,38,90,75,100,303,B,75.75,86.2,11.0
std-4274,male,group D,some college,1,0,41,86,49,39,215,C,53.75,86.3,2.8
std-4275,male,group B,some college,0,1,53,81,99,70,303,B,75.75,81.5,9.1
std-4276,male,group B,bachelor's degree,0,1,40,99,46,85,270,B,67.5,69.0,11.8
std-4277,male,group B,some high school,1,0,26,56,57,71,210,C,52.5,65.7,3.9
std-4278,male,group D,bachelor's degree,0,0,79,86,67,83,315,B,78.75,87.7,7.9
std-4279,male,group A,some high school,1,0,85,61,80,66,292,B,73.0,98.8,9.4
std-4280,male,group B,associate's degree,1,0,94,55,63,43,255,B,63.75,82.7,4.4
std-4281,male,group C,bachelor's degree,1,0,41,71,60,55,227,C,56.75,73.4,2.0
std-4282,male,group A,some college,0,0,23,92,39,56,210,C,52.5,82.4,1.1
std-4283,male,group D,bachelor's degree,1,0,41,44,68,100,253,B,63.25,76.9,7.2
std-4284,male,group D,bachelor's degree,0,0,33,80,86,100,299,B,74.75,79.4,7.8
std-4285,male,group D,high school,1,0,51,62,76,73,262,B,65.5,71.1,8.6
std-4286,male,group A,master's degree,0,0,51,39,50,54,194,D,48.5,86.8,3.6
std-4287,male,group C,high school,0,0,44,64,42,38,188,D,47.0,50.8,0.6
std-4288,male,group B,high school,0,1,60,17,100,59,236,C,59.0,84.8,1.9
std-4289,male,group D,some college,1,0,27,100,48,49,224,C,56.0,72.5,12.2
std-4290,male,group A,associate's degree,1,1,43,83,85,15,226,C,56.5,73.1,8.9
std-4291,male,group B,bachelor's degree,1,0,86,90,76,91,343,A,85.75,100.0,8.2
std-4292,male,group B,bachelor's degree,1,0,67,80,74,94,315,B,78.75,77.7,7.9
std-4293,male,group E,high school,0,1,40,73,94,39,246,C,61.5,72.3,4.5
std-4294,male,group B,bachelor's degree,0,1,41,100,64,58,263,B,65.75,78.7,6.5
std-4295,male,group A,bachelor's degree,1,1,50,29,98,53,230,C,57.5,80.8,12.0
std-4296,male,group A,master's degree,0,0,84,57,100,80,321,A,80.25,80.7,9.0
std-4297,male,group A,master's degree,1,0,61,89,29,54,233,C,58.25,63.2,3.3
std-4298,male,group D,some high school,1,0,77,97,85,95,354,A,88.5,79.6,5.0
std-4299,male,group B,some college,1,1,23,60,66,33,182,D,45.5,84.7,5.3
std-4300,male,group B,bachelor's degree,0,1,31,100,100,100,331,A,82.75,86.2,9.3
std-4301,male,group C,high school,1,0,29,37,46,75,187,D,46.75,77.6,9.3
std-4302,male,group A,some college,1,0,53,94,100,90,337,A,84.25,83.6,7.2
std-4303,male,group D,some college,1,1,51,71,78,100,300,B,75.0,77.0,6.4
std-4304,male,group D,some high school,1,0,47,57,31,80,215,C,53.75,91.0,4.7
std-4305,male,group D,high school,1,0,60,61,59,86,266,B,66.5,78.4,6.7
std-4306,male,group D,some college,0,0,70,95,49,87,301,B,75.25,79.0,3.7
std-4307,male,group D,bachelor's degree,1,1,0,90,92,59,241,C,60.25,87.9,8.9
std-4308,male,group A,associate's degree,0,0,88,75,72,52,287,B,71.75,75.3,9.5
std-4309,male,group D,some college,0,0,38,95,63,78,274,B,68.5,75.4,6.6
std-4310,male,group C,some college,1,0,30,58,86,9,183,D,45.75,73.3,2.1
std-4311,male,group D,master's degree,0,1,76,85,53,39,253,B,63.25,79.0,6.9
std-4312,male,group D,high school,1,1,29,59,57,73,218,C,54.5,78.5,3.2
std-4313,male,group C,some high school,1,0,57,64,79,96,296,B,74.0,100.0,6.4
std-4314,male,group D,bachelor's degree,1,1,33,73,53,46,205,C,51.25,78.1,7.9
std-4315,male,group B,high school,1,1,76,81,89,87,333,A,83.25,64.2,7.9
std-4316,male,group B,bachelor's degree,0,0,20,87,43,43,193,D,48.25,77.0,9.2
std-4317,male,group D,some college,0,1,17,88,97,78,280,B,70.0,81.6,10.8
std-4318,male,group B,high school,1,0,72,62,53,87,274,B,68.5,81.2,1.7
std-4319,male,group D,master's degree,0,0,28,74,58,63,223,C,55.75,78.8,0.6
std-4320,male,group B,some college,0,0,100,56,51,90,297,B,74.25,82.4,4.3
std-4321,male,group B,some college,1,0,48,98,53,42,241,C,60.25,77.6,9.4
std-4322,male,group E,high school,1,0,48,91,29,25,193,D,48.25,79.6,6.5
std-4323,male,group D,associate's degree,0,1,73,92,59,43,267,B,66.75,75.3,12.6
std-4324,male,group C,some college,1,0,98,80,58,42,278,B,69.5,72.6,6.3
std-4325,male,group C,bachelor's degree,1,0,43,78,96,100,317,B,79.25,100.0,6.7
std-4326,male,group C,master's degree,0,0,66,82,66,71,285,B,71.25,75.2,3.4
std-4327,male,group C,high school,1,0,100,50,57,53,260,B,65.0,80.5,6.8
std-4328,male,group C,some college,0,0,65,100,87,97,349,A,87.25,73.5,7.5
std-4329,male,group E,high school,0,0,31,81,72,39,223,C,55.75,77.6,4.4
std-4330,male,group B,associate's degree,1,1,54,100,67,94,315,B,78.75,75.8,13.7
std-4331,male,group D,associate's degree,1,0,21,93,55,36,205,C,51.25,71.1,4.3
std-4332,male,group E,some high school,0,0,22,56,52,84,214,C,53.5,85.2,8.1
std-4333,male,group A,some college,0,0,77,90,91,100,358,A,89.5,92.0,4.2
std-4334,male,group B,associate's degree,1,1,64,97,64,89,314,B,78.5,89.2,16.4
std-4335,male,group E,bachelor's degree,1,0,64,40,79,93,276,B,69.0,65.0,5.3
std-4336,male,group C,high school,1,0,26,36,23,18,103,Fail,25.75,83.2,3.9
std-4337,male,group D,high school,0,1,27,81,61,49,218,C,54.5,65.4,9.6
std-4338,male,group B,high school,1,0,36,37,53,74,200,C,50.0,88.4,3.2
std-4339,male,group D,associate's degree,1,0,21,85,54,83,243,C,60.75,87.4,7.5
std-4340,male,group C,high school,0,0,16,74,80,30,200,C,50.0,79.8,6.6
std-4341,male,group E,some high school,0,0,49,93,72,50,264,B,66.0,72.2,4.2
std-4342,male,group D,master's degree,1,1,63,33,47,48,191,D,47.75,75.3,5.0
std-4343,male,group C,high school,1,0,46,51,72,99,268,B,67.0,76.0,6.2
std-4344,male,group C,high school,0,1,100,84,35,44,263,B,65.75,80.1,8.2
std-4345,male,group E,some high school,1,1,49,77,87,50,263,B,65.75,77.6,11.9
std-4346,male,group E,associate's degree,1,1,40,79,95,67,281,B,70.25,63.0,10.6
std-4347,male,group E,high school,0,0,52,77,74,62,265,B,66.25,90.1,5.8
std-4348,male,group A,high school,0,1,40,65,71,48,224,C,56.0,75.9,9.1
std-4349,male,group D,some college,1,1,97,83,86,50,316,B,79.0,79.9,4.6
std-4350,male,group C,bachelor's degree,0,0,66,23,84,92,265,B,66.25,75.0,4.5
std-4351,male,group C,some college,1,0,43,87,99,71,300,B,75.0,86.1,7.6
std-4352,male,group C,some college,1,0,51,99,38,93,281,B,70.25,73.3,9.2
std-4353,male,group E,high school,1,1,16,100,70,80,266,B,66.5,59.8,9.0
std-4354,male,group B,some high school,0,1,50,68,80,94,292,B,73.0,85.9,12.8
std-4355,male,group C,some college,0,1,24,72,21,45,162,D,40.5,76.2,8.2
std-4356,male,group D,some college,1,0,36,88,43,9,176,D,44.0,70.9,2.7
std-4357,male,group C,master's degree,0,0,44,72,77,76,269,B,67.25,70.0,5.7
std-4358,male,group C,high school,1,1,27,36,86,61,210,C,52.5,76.3,8.2
std-4359,male,group B,associate's degree,1,0,34,100,70,58,262,B,65.5,66.6,4.8
std-4360,male,group A,associate's degree,1,0,21,96,59,56,232,C,58.0,68.0,9.1
std-4361,male,group B,associate's degree,0,0,13,34,49,51,147,Fail,36.75,63.5,0.4
std-4362,male,group D,some college,0,0,39,62,97,44,242,C,60.5,85.7,6.3
std-4363,male,group C,high school,0,1,16,66,67,36,185,D,46.25,70.1,8.5
std-4364,male,group D,bachelor's degree,0,1,64,79,69,87,299,B,74.75,78.8,8.5
std-4365,male,group E,bachelor's degree,1,0,81,51,79,58,269,B,67.25,97.9,4.8
std-4366,male,group C,associate's degree,1,1,96,61,42,38,237,C,59.25,80.9,7.7
std-4367,male,group B,bachelor's degree,1,0,37,43,62,69,211,C,52.75,78.6,6.8
std-4368,male,group B,associate's degree,1,0,75,75,59,87,296,B,74.0,79.3,5.5
std-4369,male,group B,some college,1,0,73,50,80,64,267,B,66.75,74.8,3.4
std-4370,male,group D,high school,1,0,30,76,76,63,245,C,61.25,58.7,8.4
std-4371,male,group B,some college,0,1,72,93,43,93,301,B,75.25,91.7,10.4
std-4372,male,group B,high school,0,1,35,77,37,43,192,D,48.0,78.0,9.3
std-4373,male,group B,some college,1,0,62,42,77,84,265,B,66.25,78.4,7.9
std-4374,male,group D,bachelor's degree,1,1,7,50,60,36,153,D,38.25,69.5,11.3
std-4375,male,group C,high school,1,0,38,89,18,74,219,C,54.75,82.8,7.7
std-4376,male,group D,bachelor's degree,1,0,69,59,66,9,203,C,50.75,60.9,2.7
std-4377,male,group C,high school,1,0,46,100,94,94,334,A,83.5,80.4,8.8
std-4378,male,group E,master's degree,1,0,39,92,80,57,268,B,67.0,70.0,4.7
std-4379,male,group C,some college,0,0,12,74,93,70,249,C,62.25,94.6,4.5
std-4380,male,group C,associate's degree,1,0,64,100,100,80,344,A,86.0,94.4,4.3
std-4381,male,group B,high school,1,1,58,73,76,63,270,B,67.5,60.6,7.9
std-4382,male,group C,master's degree,1,0,24,67,75,40,206,C,51.5,61.5,6.0
std-4383,male,group E,associate's degree,1,0,86,86,89,34,295,B,73.75,81.3,6.5
std-4384,male,group C,bachelor's degree,0,0,34,100,70,90,294,B,73.5,78.2,3.9
std-4385,male,group D,associate's degree,0,1,44,43,95,72,254,B,63.5,67.2,4.4
std-4386,male,group E,some college,1,0,81,36,50,48,215,C,53.75,93.4,10.1
std-4387,male,group D,some college,1,0,42,76,71,38,227,C,56.75,79.7,5.9
std-4388,male,group D,associate's degree,1,1,89,53,75,58,275,B,68.75,85.1,6.7
std-4389,male,group D,master's degree,1,0,27,77,44,64,212,C,53.0,69.4,5.9
std-4390,male,group B,master's degree,1,1,25,57,73,69,224,C,56.0,83.1,13.0
std-4391,male,group A,some college,1,1,42,90,73,100,305,B,76.25,79.9,11.0
std-4392,male,group D,associate's degree,0,0,65,66,84,80,295,B,73.75,80.0,0.0
std-4393,male,group C,some high school,1,1,19,82,73,40,214,C,53.5,81.3,13.9
std-4394,male,group D,master's degree,1,0,33,88,69,73,263,B,65.75,65.2,1.3
std-4395,male,group C,associate's degree,0,0,41,94,76,87,298,B,74.5,97.1,6.3
std-4396,male,group C,some college,1,1,43,53,66,59,221,C,55.25,78.0,4.6
std-4397,male,group C,bachelor's degree,1,0,27,92,75,92,286,B,71.5,93.3,4.7
std-4398,male,group E,some high school,0,0,19,17,62,69,167,D,41.75,62.2,4.4
std-4399,male,group C,associate's degree,0,0,69,60,64,77,270,B,67.5,72.1,0.9
std-4400,male,group E,master's degree,1,0,32,91,58,90,271,B,67.75,70.1,5.9
std-4401,male,group B,some high school,0,0,24,51,38,27,140,Fail,35.0,71.9,5.9
std-4402,male,group B,master's degree,0,1,44,100,82,84,310,B,77.5,84.3,7.5
std-4403,male,group D,high school,0,1,30,68,52,9,159,D,39.75,67.1,2.5
std-4404,male,group C,some college,1,1,59,85,99,98,341,A,85.25,77.2,10.0
std-4405,male,group E,some college,0,1,46,77,59,47,229,C,57.25,65.6,6.8
std-4406,male,group C,bachelor's degree,0,0,80,100,45,93,318,B,79.5,84.0,5.8
std-4407,male,group D,associate's degree,1,0,88,40,42,44,214,C,53.5,71.6,1.8
std-4408,male,group D,some college,1,0,49,28,74,64,215,C,53.75,69.7,6.1
std-4409,male,group E,some high school,1,0,64,80,62,70,276,B,69.0,94.9,7.8
std-4410,male,group C,some college,0,1,49,65,59,100,273,B,68.25,79.9,6.0
std-4411,male,group B,high school,1,1,38,87,66,31,222,C,55.5,87.9,5.2
std-4412,male,group E,some high school,1,0,64,51,86,77,278,B,69.5,76.3,6.7
std-4413,male,group E,master's degree,1,0,74,78,62,10,224,C,56.0,78.8,2.6
std-4414,male,group A,some college,1,0,17,100,65,66,248,C,62.0,78.1,6.1
std-4415,male,group D,some college,1,1,98,38,82,51,269,B,67.25,65.1,12.3
std-4416,male,group B,high school,1,0,79,33,71,71,254,B,63.5,92.0,5.6
std-4417,male,group C,some college,1,1,11,100,54,61,226,C,56.5,75.6,4.5
std-4418,male,group B,high school,0,1,31,96,59,57,243,C,60.75,84.9,9.0
std-4419,male,group D,some high school,1,0,70,82,31,81,264,B,66.0,73.2,5.5
std-4420,male,group D,high school,0,0,53,54,95,82,284,B,71.0,80.1,6.1
std-4421,male,group C,master's degree,1,1,69,48,100,69,286,B,71.5,74.0,10.2
std-4422,male,group B,high school,0,0,48,60,59,92,259,B,64.75,90.6,7.6
std-4423,male,group B,high school,1,1,23,100,75,83,281,B,70.25,84.1,9.0
std-4424,male,group D,high school,0,1,86,100,57,72,315,B,78.75,87.5,9.5
std-4425,male,group D,high school,1,1,19,74,69,63,225,C,56.25,88.9,12.7
std-4426,male,group E,bachelor's degree,1,1,51,83,62,35,231,C,57.75,87.6,10.7
std-4427,male,group C,associate's degree,1,0,62,86,94,35,277,B,69.25,87.9,8.4
std-4428,male,group D,master's degree,0,1,32,67,50,96,245,C,61.25,65.6,8.4
std-4429,male,group A,high school,1,0,64,75,38,69,246,C,61.5,72.2,3.0
std-4430,male,group C,high school,1,0,30,100,47,100,277,B,69.25,72.0,9.1
std-4431,male,group D,some college,0,0,96,65,53,51,265,B,66.25,86.6,6.4
std-4432,male,group C,associate's degree,1,0,75,59,74,58,266,B,66.5,81.6,4.6
std-4433,male,group D,high school,0,1,58,60,99,35,252,B,63.0,66.4,7.6
std-4434,male,group E,some college,0,1,60,44,65,48,217,C,54.25,74.3,5.0
std-4435,male,group C,bachelor's degree,0,0,49,81,64,74,268,B,67.0,66.8,8.7
std-4436,male,group D,high school,1,1,49,96,47,75,267,B,66.75,79.7,10.3
std-4437,male,group B,high school,1,0,34,61,75,75,245,C,61.25,63.5,6.0
std-4438,male,group E,some college,0,1,61,86,73,53,273,B,68.25,85.4,8.6
std-4439,male,group D,some college,1,0,43,89,29,90,251,B,62.75,82.3,4.0
std-4440,male,group C,high school,1,0,41,100,79,64,284,B,71.0,98.8,1.1
std-4441,male,group E,some college,1,0,73,82,54,100,309,B,77.25,91.3,3.5
std-4442,male,group B,high school,1,1,56,76,73,79,284,B,71.0,77.8,7.1
std-4443,male,group B,high school,0,1,88,68,95,31,282,B,70.5,88.8,6.7
std-4444,male,group B,some college,0,0,87,56,63,100,306,B,76.5,70.8,7.7
std-4445,male,group D,high school,1,0,69,91,92,71,323,A,80.75,76.2,9.4
std-4446,male,group C,some high school,1,0,39,61,71,79,250,B,62.5,81.8,5.3
std-4447,male,group D,some college,1,0,65,67,80,69,281,B,70.25,61.9,9.9
std-4448,male,group D,some high school,0,0,25,93,69,85,272,B,68.0,80.3,4.2
std-4449,male,group C,associate's degree,1,0,38,49,77,65,229,C,57.25,67.9,4.8
std-4450,male,group B,some high school,0,1,72,66,80,56,274,B,68.5,81.7,8.6
std-4451,male,group E,bachelor's degree,1,0,59,89,57,58,263,B,65.75,70.2,8.7
std-4452,male,group D,some college,1,0,70,88,36,72,266,B,66.5,83.9,6.3
std-4453,male,group D,some high school,1,1,48,81,60,87,276,B,69.0,81.1,9.1
std-4454,male,group D,some high school,0,0,76,76,72,59,283,B,70.75,94.1,2.3
std-4455,male,group D,some college,0,0,63,93,66,61,283,B,70.75,81.6,4.2
std-4456,male,group D,associate's degree,1,0,44,99,56,72,271,B,67.75,73.6,8.9
std-4457,male,group B,some college,1,0,34,86,65,74,259,B,64.75,77.3,0.7
std-4458,male,group C,high school,1,0,50,50,80,62,242,C,60.5,66.0,8.8
std-4459,male,group A,master's degree,0,0,96,82,45,100,323,A,80.75,88.5,8.6
std-4460,male,group D,high school,1,0,61,93,79,80,313,B,78.25,89.3,5.3
std-4461,male,group E,some college,0,0,33,90,58,100,281,B,70.25,100.0,4.3
std-4462,male,group D,bachelor's degree,0,1,69,98,75,86,328,A,82.0,79.6,14.7
std-4463,male,group A,high school,0,0,26,87,55,68,236,C,59.0,75.2,8.8
std-4464,male,group D,high school,0,0,34,70,30,30,164,D,41.0,66.5,3.3
std-4465,male,group C,high school,0,0,57,87,93,53,290,B,72.5,84.0,6.9
std-4466,male,group D,master's degree,1,0,44,81,46,80,251,B,62.75,82.3,4.1
std-4467,male,group A,master's degree,1,0,32,76,66,46,220,C,55.0,75.8,5.3
std-4468,male,group C,some high school,0,0,82,79,63,44,268,B,67.0,90.0,4.4
std-4469,male,group D,high school,1,1,67,85,33,100,285,B,71.25,76.1,8.8
std-4470,male,group E,some high school,1,0,76,51,77,99,303,B,75.75,92.0,11.4
std-4471,male,group D,associate's degree,0,1,61,79,88,79,307,B,76.75,88.3,9.3
std-4472,male,group B,some college,1,0,28,100,58,70,256,B,64.0,79.2,3.2
std-4473,male,group D,some high school,0,0,16,65,50,9,140,Fail,35.0,66.8,0.0
std-4474,male,group B,some college,1,0,64,68,85,31,248,C,62.0,100.0,5.9
std-4475,male,group D,some college,1,1,51,95,84,66,296,B,74.0,75.2,7.3
std-4476,male,group B,bachelor's degree,1,1,35,84,56,100,275,B,68.75,83.5,9.4
std-4477,male,group D,some college,1,1,37,66,80,56,239,C,59.75,71.1,3.8
std-4478,male,group D,high school,1,1,54,70,97,35,256,B,64.0,95.3,10.0
std-4479,male,group C,associate's degree,0,1,77,51,51,33,212,C,53.0,83.6,4.6
std-4480,male,group D,associate's degree,1,0,45,57,69,57,228,C,57.0,70.9,5.2
std-4481,male,group B,some high school,0,0,52,47,55,43,197,D,49.25,79.0,3.6
std-4482,male,group D,high school,0,1,54,45,64,58,221,C,55.25,78.7,11.8
std-4483,male,group C,associate's degree,1,0,65,100,76,93,334,A,83.5,81.1,8.1
std-4484,male,group D,some college,0,0,65,55,33,72,225,C,56.25,83.5,9.9
std-4485,male,group C,associate's degree,1,1,62,20,70,53,205,C,51.25,78.6,8.5
std-4486,male,group E,high school,1,0,100,77,50,87,314,B,78.5,86.0,10.7
std-4487,male,group E,high school,0,0,61,57,80,46,244,C,61.0,77.9,5.0
std-4488,male,group C,some high school,1,1,96,95,94,50,335,A,83.75,89.7,11.0
std-4489,male,group C,some college,0,1,67,84,67,82,300,B,75.0,85.0,12.4
std-4490,male,group D,bachelor's degree,1,1,57,46,46,38,187,D,46.75,74.1,8.9
std-4491,male,group A,high school,1,0,46,52,56,74,228,C,57.0,71.2,6.5
std-4492,male,group C,high school,1,0,20,27,61,79,187,D,46.75,88.8,3.3
std-4493,male,group B,some college,0,0,53,100,14,79,246,C,61.5,69.0,5.2
std-4494,male,group C,some college,1,0,50,86,40,45,221,C,55.25,80.2,7.8
std-4495,male,group D,some high school,1,0,51,65,61,85,262,B,65.5,76.9,9.3
std-4496,male,group D,high school,1,0,30,65,53,84,232,C,58.0,93.1,3.7
std-4497,male,group B,some college,1,0,70,92,61,61,284,B,71.0,73.5,4.6
std-4498,male,group C,some high school,1,0,37,74,56,91,258,B,64.5,72.8,3.6
std-4499,male,group B,some college,1,1,52,60,54,67,233,C,58.25,68.6,9.8
std-4500,male,group C,some high school,0,0,0,88,58,56,202,C,50.5,77.7,2.2
std-4501,male,group E,high school,0,0,15,71,70,59,215,C,53.75,63.5,6.9
std-4502,female,group B,some college,0,0,76,76,79,69,300,B,75.0,78.6,8.2
std-4503,male,group C,bachelor's degree,0,0,24,95,27,47,193,D,48.25,54.7,2.9
std-4504,male,group B,some college,0,1,76,100,100,57,333,A,83.25,87.8,14.0
std-4505,male,group C,bachelor's degree,1,0,45,100,61,96,302,B,75.5,78.6,3.2
std-4506,male,group A,high school,0,0,53,44,60,47,204,C,51.0,61.6,8.7
std-4507,male,group B,some high school,0,1,40,95,32,12,179,D,44.75,82.7,7.3
std-4508,male,group C,high school,1,1,77,71,36,54,238,C,59.5,66.0,2.7
std-4509,male,group D,high school,1,0,38,100,100,84,322,A,80.5,91.9,11.3
std-4510,male,group A,associate's degree,1,0,98,99,88,92,377,A,94.25,83.0,11.1
std-4511,male,group D,associate's degree,0,0,48,76,33,63,220,C,55.0,90.7,3.9
std-4512,male,group B,some college,1,0,21,100,67,59,247,C,61.75,85.3,3.2
std-4513,male,group E,master's degree,0,0,51,68,54,14,187,D,46.75,64.5,0.2
std-4514,male,group E,high school,1,0,70,75,58,61,264,B,66.0,71.7,12.0
std-4515,male,group E,bachelor's degree,0,1,60,36,49,72,217,C,54.25,81.5,5.1
std-4516,male,group C,some college,0,0,30,61,81,61,233,C,58.25,75.0,2.1
std-4517,male,group E,bachelor's degree,0,0,21,59,46,55,181,D,45.25,71.5,4.7
std-4518,male,group B,high school,1,0,51,59,29,36,175,D,43.75,84.0,0.0
std-4519,male,group A,some college,1,1,45,82,77,58,262,B,65.5,73.0,6.0
std-4520,male,group D,associate's degree,1,0,56,91,94,53,294,B,73.5,83.2,9.2
std-4521,male,group B,high school,0,0,38,79,85,47,249,C,62.25,87.3,6.8
std-4522,male,group E,high school,1,1,46,99,100,65,310,B,77.5,91.0,8.6
std-4523,male,group C,some college,0,0,25,100,79,100,304,B,76.0,81.8,7.0
std-4524,male,group C,associate's degree,0,1,81,53,51,46,231,C,57.75,74.6,6.6
std-4525,male,group D,some high school,0,0,61,91,96,100,348,A,87.0,71.2,7.8
std-4526,male,group C,high school,1,1,70,100,82,51,303,B,75.75,73.7,7.5
std-4527,male,group E,associate's degree,1,1,0,43,100,36,179,D,44.75,75.8,5.0
std-4528,male,group A,bachelor's degree,1,1,76,93,46,99,314,B,78.5,82.8,8.1
std-4529,male,group D,some high school,1,0,50,90,73,38,251,B,62.75,79.5,3.9
std-4530,male,group D,some college,0,0,59,82,96,89,326,A,81.5,94.4,10.1
std-4531,male,group A,some high school,1,0,75,83,57,75,290,B,72.5,71.4,8.5
std-4532,male,group E,some college,1,0,17,70,25,39,151,D,37.75,68.5,1.0
std-4533,male,group E,some college,1,1,74,100,35,98,307,B,76.75,85.2,6.5
std-4534,male,group C,bachelor's degree,1,1,58,41,69,72,240,C,60.0,71.6,7.5
std-4535,male,group D,associate's degree,1,0,87,100,33,74,294,B,73.5,95.3,12.1
std-4536,male,group C,master's degree,0,0,86,71,91,83,331,A,82.75,93.7,5.0
std-4537,male,group C,high school,1,0,59,91,74,52,276,B,69.0,83.5,5.9
std-4538,male,group B,some high school,1,1,48,93,69,55,265,B,66.25,96.2,8.7
std-4539,male,group A,bachelor's degree,1,0,37,77,55,9,178,D,44.5,59.3,3.7
std-4540,male,group E,some high school,1,0,39,92,43,75,249,C,62.25,78.6,4.5
std-4541,male,group C,some high school,1,0,54,17,88,85,244,C,61.0,81.6,8.4
std-4542,male,group B,associate's degree,0,0,40,87,46,69,242,C,60.5,69.9,6.6
std-4543,male,group E,associate's degree,0,1,75,90,91,75,331,A,82.75,88.2,12.2
std-4544,male,group B,high school,0,0,29,53,76,66,224,C,56.0,66.7,6.5
std-4545,male,group B,some college,0,0,77,34,63,76,250,B,62.5,85.0,7.9
std-4546,male,group A,some high school,1,1,22,69,97,29,217,C,54.25,85.6,11.3
std-4547,male,group D,associate's degree,1,0,14,39,87,70,210,C,52.5,77.9,8.0
std-4548,male,group D,associate's degree,1,0,81,70,72,61,284,B,71.0,64.9,12.3
std-4549,male,group E,bachelor's degree,0,0,21,77,46,58,202,C,50.5,66.1,7.6
std-4550,male,group C,some college,1,1,32,62,52,37,183,D,45.75,78.3,4.9
std-4551,male,group B,bachelor's degree,0,0,37,66,56,68,227,C,56.75,77.1,7.2
std-4552,male,group D,associate's degree,0,1,33,96,66,31,226,C,56.5,52.5,9.4
std-4553,male,group D,some high school,0,1,51,65,64,36,216,C,54.0,87.2,12.1
std-4554,male,group D,high school,1,1,63,79,98,33,273,B,68.25,81.9,6.3
std-4555,male,group E,bachelor's degree,0,1,85,50,59,38,232,C,58.0,69.9,9.1
std-4556,male,group C,some college,1,1,92,62,91,69,314,B,78.5,93.0,8.0
std-4557,male,group D,some college,0,1,93,79,77,90,339,A,84.75,80.0,11.5
std-4558,male,group B,bachelor's degree,1,1,47,77,69,100,293,B,73.25,76.1,8.6
std-4559,male,group C,master's degree,0,1,37,37,83,87,244,C,61.0,81.5,9.2
std-4560,male,group C,high school,1,0,66,69,68,41,244,C,61.0,94.3,2.0
std-4561,male,group C,master's degree,1,0,96,73,45,76,290,B,72.5,96.7,8.6
std-4562,male,group B,some college,0,1,72,43,60,68,243,C,60.75,81.4,8.5
std-4563,male,group C,some college,1,0,84,100,70,74,328,A,82.0,89.4,7.9
std-4564,male,group C,some high school,1,0,48,77,55,86,266,B,66.5,87.2,10.9
std-4565,male,group B,some college,1,1,70,82,49,97,298,B,74.5,71.4,8.3
std-4566,male,group B,some high school,0,1,18,79,70,84,251,B,62.75,84.7,9.0
std-4567,male,group C,high school,0,0,71,65,51,87,274,B,68.5,74.2,6.5
std-4568,male,group C,master's degree,1,0,62,56,67,63,248,C,62.0,81.5,6.1
std-4569,male,group E,master's degree,1,0,29,79,94,68,270,B,67.5,78.4,11.7
std-4570,male,group B,associate's degree,1,0,71,43,46,90,250,B,62.5,83.3,5.8
std-4571,male,group B,some college,0,0,44,51,49,40,184,D,46.0,74.4,2.7
std-4572,male,group B,master's degree,0,1,16,87,10,86,199,D,49.75,46.9,11.6
std-4573,male,group C,associate's degree,0,0,27,72,77,51,227,C,56.75,78.5,4.3
std-4574,male,group C,master's degree,0,0,69,82,93,87,331,A,82.75,91.3,3.6
std-4575,male,group A,high school,1,0,86,72,97,59,314,B,78.5,88.1,5.3
std-4576,male,group D,associate's degree,1,0,25,73,61,24,183,D,45.75,72.3,1.0
std-4577,male,group A,some college,1,0,58,67,65,84,274,B,68.5,95.5,1.7
std-4578,male,group D,bachelor's degree,1,0,0,100,73,33,206,C,51.5,77.9,3.7
std-4579,male,group A,associate's degree,1,0,23,90,51,97,261,B,65.25,83.6,5.7
std-4580,male,group A,associate's degree,0,0,47,93,76,76,292,B,73.0,91.7,9.6
std-4581,male,group A,bachelor's degree,0,0,34,54,62,55,205,C,51.25,78.3,6.2
std-4582,male,group B,master's degree,1,1,58,80,32,75,245,C,61.25,70.3,9.5
std-4583,male,group C,associate's degree,0,1,100,35,73,43,251,B,62.75,56.9,5.9
std-4584,male,group D,some college,1,1,65,58,61,95,279,B,69.75,76.9,11.0
std-4585,male,group B,associate's degree,1,1,94,36,69,63,262,B,65.5,86.6,11.9
std-4586,male,group B,some high school,1,0,42,50,48,64,204,C,51.0,71.8,5.6
std-4587,male,group C,some college,1,0,58,66,81,98,303,B,75.75,90.4,8.0
std-4588,male,group E,some high school,0,0,66,52,62,69,249,C,62.25,80.0,2.5
std-4589,male,group B,associate's degree,0,0,80,45,41,50,216,C,54.0,87.6,7.5
std-4590,male,group C,some high school,0,0,19,66,51,39,175,D,43.75,69.9,8.3
std-4591,male,group D,high school,0,0,61,37,70,85,253,B,63.25,83.2,6.5
std-4592,male,group A,bachelor's degree,0,0,41,82,37,39,199,D,49.75,79.1,3.0
std-4593,male,group D,some high school,1,1,78,60,81,23,242,C,60.5,91.6,7.6
std-4594,male,group D,associate's degree,1,0,29,29,61,75,194,D,48.5,58.8,3.3
std-4595,male,group D,some college,1,1,63,82,77,80,302,B,75.5,79.0,8.5
std-4596,male,group D,some college,1,0,88,94,98,42,322,A,80.5,92.4,9.0
std-4597,male,group C,bachelor's degree,0,1,21,52,73,49,195,D,48.75,88.1,7.5
std-4598,male,group D,some high school,0,0,51,67,63,41,222,C,55.5,78.6,7.5
std-4599,male,group D,associate's degree,1,1,38,67,94,40,239,C,59.75,75.2,8.8
std-4600,male,group E,bachelor's degree,1,1,100,59,92,98,349,A,87.25,93.8,8.3
std-4601,male,group C,bachelor's degree,1,1,25,81,49,54,209,C,52.25,83.2,5.9
std-4602,male,group C,bachelor's degree,0,1,83,76,87,62,308,B,77.0,80.3,8.1
std-4603,male,group C,associate's degree,1,0,63,85,64,90,302,B,75.5,86.1,6.4
std-4604,male,group D,bachelor's degree,1,0,34,58,77,55,224,C,56.0,87.3,9.5
std-4605,male,group A,high school,1,0,23,77,64,100,264,B,66.0,97.0,10.9
std-4606,male,group E,high school,0,0,69,77,72,55,273,B,68.25,87.4,8.3
std-4607,male,group C,high school,1,0,39,85,54,71,249,C,62.25,79.1,5.9
std-4608,male,group D,some college,1,0,80,74,100,48,302,B,75.5,82.6,3.5
std-4609,male,group C,some high school,1,0,68,85,67,82,302,B,75.5,88.1,7.4
std-4610,male,group C,bachelor's degree,0,0,73,65,84,71,293,B,73.25,81.3,4.7
std-4611,male,group C,bachelor's degree,1,0,24,87,87,46,244,C,61.0,80.0,9.6
std-4612,male,group C,some college,1,0,31,100,24,75,230,C,57.5,67.6,1.2
std-4613,male,group E,master's degree,1,0,96,61,88,9,254,B,63.5,90.8,6.7
std-4614,male,group E,master's degree,1,1,100,71,68,28,267,B,66.75,69.9,6.4
std-4615,male,group D,associate's degree,0,0,72,100,85,76,333,A,83.25,81.8,7.6
std-4616,male,group C,high school,1,0,30,17,56,30,133,Fail,33.25,70.0,4.6
std-4617,male,group E,some high school,0,0,34,66,62,66,228,C,57.0,94.9,7.7
std-4618,male,group A,high school,0,0,17,69,51,99,236,C,59.0,73.8,5.2
std-4619,male,group D,master's degree,1,1,17,69,86,76,248,C,62.0,72.6,10.0
std-4620,male,group B,some college,0,0,15,100,96,75,286,B,71.5,76.8,4.8
std-4621,male,group B,associate's degree,1,1,26,76,75,59,236,C,59.0,92.6,8.4
std-4622,male,group E,bachelor's degree,1,1,16,60,90,57,223,C,55.75,51.2,10.0
std-4623,male,group D,some college,0,0,13,90,24,52,179,D,44.75,63.9,4.8
std-4624,male,group B,associate's degree,0,1,52,83,76,81,292,B,73.0,100.0,7.8
std-4625,male,group C,associate's degree,1,1,72,94,100,74,340,A,85.0,91.5,9.6
std-4626,male,group C,some college,1,0,11,68,64,57,200,C,50.0,64.7,7.0
std-4627,male,group E,associate's degree,0,0,22,40,54,47,163,D,40.75,71.2,0.9
std-4628,male,group D,some high school,1,0,82,47,45,74,248,C,62.0,79.2,3.2
std-4629,male,group B,some high school,0,0,43,79,62,77,261,B,65.25,87.3,7.4
std-4630,male,group E,some high school,1,0,55,56,94,80,285,B,71.25,98.2,5.4
std-4631,male,group C,master's degree,0,0,59,84,30,35,208,C,52.0,78.8,1.0
std-4632,male,group E,some high school,1,0,76,85,80,57,298,B,74.5,77.9,10.2
std-4633,male,group B,high school,1,1,45,17,39,81,182,D,45.5,80.2,3.8
std-4634,male,group D,some college,0,1,25,59,85,35,204,C,51.0,68.7,6.6
std-4635,male,group D,bachelor's degree,0,0,40,54,32,71,197,D,49.25,65.1,2.8
std-4636,male,group B,high school,0,0,32,78,72,46,228,C,57.0,61.1,4.4
std-4637,male,group C,master's degree,1,0,48,37,66,41,192,D,48.0,59.9,2.1
std-4638,male,group A,master's degree,1,1,79,53,72,100,304,B,76.0,75.2,11.2
std-4639,male,group B,some college,1,1,41,91,76,85,293,B,73.25,71.7,9.4
std-4640,male,group B,some college,0,0,55,90,67,78,290,B,72.5,84.9,9.1
std-4641,male,group A,master's degree,1,1,55,61,71,45,232,C,58.0,66.5,6.2
std-4642,male,group D,bachelor's degree,1,0,31,56,81,42,210,C,52.5,47.2,10.0
std-4643,male,group D,some college,1,0,24,43,83,50,200,C,50.0,65.2,0.0
std-4644,male,group C,some college,1,0,19,58,68,86,231,C,57.75,73.0,1.2
std-4645,male,group C,bachelor's degree,1,0,93,56,64,19,232,C,58.0,71.8,9.6
std-4646,male,group D,associate's degree,0,0,53,87,89,56,285,B,71.25,95.3,7.7
std-4647,male,group E,some college,1,0,25,100,51,82,258,B,64.5,73.9,6.7
std-4648,male,group B,some college,1,0,62,57,59,82,260,B,65.0,87.5,7.0
std-4649,male,group E,some high school,1,0,38,77,51,60,226,C,56.5,76.6,6.5
std-4650,male,group B,high school,0,1,58,69,56,44,227,C,56.75,76.5,8.4
std-4651,male,group B,associate's degree,1,0,24,89,68,34,215,C,53.75,68.4,2.4
std-4652,male,group B,high school,1,0,24,51,75,55,205,C,51.25,74.5,6.6
std-4653,male,group C,associate's degree,1,0,39,88,64,88,279,B,69.75,74.3,8.0
std-4654,male,group C,some high school,1,1,42,36,88,49,215,C,53.75,77.4,10.9
std-4655,male,group C,associate's degree,0,1,49,78,58,72,257,B,64.25,77.2,12.7
std-4656,male,group E,master's degree,0,0,33,99,96,72,300,B,75.0,74.4,7.7
std-4657,male,group E,master's degree,1,1,45,52,43,33,173,D,43.25,81.3,3.3
std-4658,male,group A,associate's degree,0,0,38,48,61,54,201,C,50.25,78.6,8.9
std-4659,male,group B,bachelor's degree,0,0,91,100,84,60,335,A,83.75,81.8,5.1
std-4660,male,group D,high school,1,0,68,54,47,84,253,B,63.25,80.3,6.6
std-4661,male,group B,some high school,0,0,32,58,10,45,145,Fail,36.25,69.3,2.5
std-4662,male,group A,master's degree,0,0,72,96,84,15,267,B,66.75,72.4,5.0
std-4663,male,group B,associate's degree,1,0,75,100,100,92,367,A,91.75,89.1,10.3
std-4664,male,group A,high school,0,0,46,49,90,55,240,C,60.0,72.4,6.0
std-4665,male,group E,some college,0,0,45,62,100,40,247,C,61.75,70.0,6.9
std-4666,male,group D,associate's degree,1,0,37,60,98,38,233,C,58.25,62.8,3.2
std-4667,male,group C,associate's degree,0,0,37,96,73,82,288,B,72.0,78.7,6.1
std-4668,male,group B,associate's degree,1,0,76,60,40,60,236,C,59.0,82.7,3.4
std-4669,male,group D,some high school,0,1,68,59,78,87,292,B,73.0,76.0,8.6
std-4670,male,group C,some college,0,0,56,85,63,79,283,B,70.75,100.0,6.1
std-4671,male,group C,some high school,1,0,47,30,54,83,214,C,53.5,83.8,9.4
std-4672,male,group E,some high school,1,0,100,51,52,43,246,C,61.5,90.2,4.9
std-4673,male,group C,bachelor's degree,1,1,37,27,52,55,171,D,42.75,79.4,1.0
std-4674,male,group B,some high school,0,0,32,62,78,45,217,C,54.25,92.7,8.4
std-4675,male,group E,high school,1,0,0,78,72,51,201,C,50.25,67.6,5.6
std-4676,male,group C,some high school,1,0,37,100,83,35,255,B,63.75,56.1,5.4
std-4677,male,group E,high school,1,1,48,83,74,82,287,B,71.75,77.8,7.9
std-4678,male,group A,some high school,0,1,54,87,58,57,256,B,64.0,84.3,5.9
std-4679,male,group B,high school,1,1,67,100,62,83,312,B,78.0,85.3,14.5
std-4680,male,group E,some high school,1,1,79,100,45,39,263,B,65.75,82.3,8.6
std-4681,male,group C,bachelor's degree,0,0,76,69,66,64,275,B,68.75,92.7,1.9
std-4682,male,group C,master's degree,0,0,62,79,33,67,241,C,60.25,81.5,6.3
std-4683,male,group A,bachelor's degree,0,1,17,95,85,86,283,B,70.75,88.7,11.9
std-4684,male,group E,some high school,1,0,48,56,45,30,179,D,44.75,64.4,4.4
std-4685,male,group A,associate's degree,1,1,30,68,79,57,234,C,58.5,67.6,5.5
std-4686,male,group D,some college,1,0,24,52,76,15,167,D,41.75,86.4,1.2
std-4687,male,group B,associate's degree,1,1,61,90,84,45,280,B,70.0,82.2,6.6
std-4688,male,group C,some college,1,0,46,91,50,100,287,B,71.75,76.2,10.3
std-4689,male,group D,bachelor's degree,1,0,64,64,100,95,323,A,80.75,79.2,7.2
std-4690,male,group C,high school,1,1,65,80,49,91,285,B,71.25,75.8,4.8
std-4691,male,group C,some high school,0,1,13,33,62,43,151,D,37.75,64.2,6.8
std-4692,male,group B,some college,1,0,56,68,89,100,313,B,78.25,72.4,7.5
std-4693,male,group E,associate's degree,1,0,60,100,57,41,258,B,64.5,65.9,4.7
std-4694,male,group D,master's degree,1,0,0,60,54,51,165,D,41.25,70.0,1.1
std-4695,male,group C,some college,1,1,29,48,54,45,176,D,44.0,67.3,3.7
std-4696,male,group D,high school,1,0,38,100,91,57,286,B,71.5,91.7,9.2
std-4697,male,group C,some college,1,0,20,38,40,62,160,D,40.0,74.0,4.1
std-4698,male,group E,some high school,0,0,62,35,30,65,192,D,48.0,76.4,5.5
std-4699,male,group C,high school,0,0,56,30,98,58,242,C,60.5,71.4,6.1
std-4700,male,group B,associate's degree,1,1,86,88,37,60,271,B,67.75,79.4,9.5
std-4701,male,group B,bachelor's degree,1,0,28,58,88,72,246,C,61.5,81.7,4.4
std-4702,male,group D,high school,1,0,56,69,74,76,275,B,68.75,87.3,5.7
std-4703,male,group C,bachelor's degree,1,0,24,75,81,80,260,B,65.0,78.8,8.8
std-4704,male,group C,master's degree,1,0,76,34,44,63,217,C,54.25,85.8,8.4
std-4705,male,group C,bachelor's degree,1,1,89,68,42,28,227,C,56.75,76.9,4.6
std-4706,male,group E,some college,0,1,75,63,49,56,243,C,60.75,85.3,7.5
std-4707,male,group C,master's degree,1,0,30,56,62,70,218,C,54.5,71.7,7.0
std-4708,male,group B,bachelor's degree,1,0,54,32,53,49,188,D,47.0,57.3,8.9
std-4709,male,group D,some high school,1,0,66,63,69,74,272,B,68.0,83.0,10.6
std-4710,male,group A,some high school,1,1,37,76,59,59,231,C,57.75,83.7,5.7
std-4711,male,group A,associate's degree,1,0,30,93,11,46,180,D,45.0,78.2,7.2
std-4712,male,group D,some high school,1,0,80,96,49,100,325,A,81.25,88.8,7.6
std-4713,male,group C,associate's degree,1,0,31,48,61,93,233,C,58.25,74.2,7.9
std-4714,male,group C,high school,0,0,70,90,55,83,298,B,74.5,75.5,8.8
std-4715,male,group E,some college,1,0,46,91,61,33,231,C,57.75,82.2,2.0
std-4716,male,group B,associate's degree,1,0,86,100,75,56,317,B,79.25,88.2,8.6
std-4717,male,group C,some college,0,1,49,49,79,49,226,C,56.5,71.7,10.1
std-4718,male,group D,high school,1,1,61,74,57,41,233,C,58.25,87.4,7.7
std-4719,male,group D,some high school,0,0,100,100,75,66,341,A,85.25,78.4,7.2
std-4720,male,group C,associate's degree,0,0,61,95,58,100,314,B,78.5,78.8,3.2
std-4721,male,group B,some college,1,1,13,46,89,75,223,C,55.75,91.3,9.2
std-4722,male,group C,some high school,1,0,51,84,64,45,244,C,61.0,86.1,6.0
std-4723,male,group D,some high school,1,0,99,50,85,78,312,B,78.0,80.7,4.8
std-4724,male,group D,high school,0,0,51,83,40,49,223,C,55.75,79.1,4.2
std-4725,male,group D,some college,1,0,37,84,65,99,285,B,71.25,83.1,6.9
std-4726,male,group D,associate's degree,0,0,30,74,85,27,216,C,54.0,51.3,3.5
std-4727,male,group D,master's degree,0,0,30,64,98,72,264,B,66.0,71.8,6.0
std-4728,male,group E,associate's degree,1,1,63,92,56,59,270,B,67.5,80.0,4.2
std-4729,male,group C,associate's degree,0,0,28,90,66,82,266,B,66.5,76.9,9.4
std-4730,male,group D,some high school,1,0,70,87,79,68,304,B,76.0,85.5,7.0
std-4731,male,group D,some college,1,1,45,25,91,56,217,C,54.25,86.2,4.6
std-4732,male,group B,associate's degree,1,1,43,37,63,67,210,C,52.5,72.6,1.1
std-4733,male,group C,some college,1,0,80,84,29,52,245,C,61.25,68.8,8.1
std-4734,male,group C,some high school,1,0,29,17,33,48,127,Fail,31.75,71.5,4.1
std-4735,male,group E,high school,1,0,50,51,88,69,258,B,64.5,76.5,6.4
std-4736,male,group D,some college,0,1,50,67,57,45,219,C,54.75,74.8,9.6
std-4737,male,group C,some college,0,0,83,41,65,71,260,B,65.0,77.0,8.0
std-4738,male,group C,associate's degree,1,0,37,61,43,89,230,C,57.5,97.3,5.7
std-4739,male,group A,associate's degree,1,1,52,53,97,79,281,B,70.25,61.2,8.2
std-4740,male,group B,some college,1,1,36,74,54,32,196,D,49.0,70.8,5.8
std-4741,male,group B,some college,1,0,50,59,33,69,211,C,52.75,75.5,5.8
std-4742,male,group B,associate's degree,0,1,69,55,59,71,254,B,63.5,72.1,11.7
std-4743,male,group C,master's degree,1,0,29,67,55,31,182,D,45.5,81.3,3.8
std-4744,male,group A,bachelor's degree,0,1,57,67,94,100,318,B,79.5,91.7,13.4
std-4745,male,group C,some high school,1,0,68,75,82,53,278,B,69.5,80.7,7.2
std-4746,male,group C,master's degree,0,1,35,82,51,68,236,C,59.0,75.2,8.8
std-4747,male,group E,some high school,1,0,84,97,64,100,345,A,86.25,85.6,13.9
std-4748,male,group C,some high school,0,0,52,37,100,69,258,B,64.5,78.5,10.0
std-4749,male,group C,high school,1,0,14,85,72,40,211,C,52.75,74.8,8.9
std-4750,male,group C,high school,0,1,94,70,61,56,281,B,70.25,79.7,6.9
std-4751,male,group B,some high school,0,1,32,63,68,44,207,C,51.75,77.5,12.6
std-4752,male,group C,high school,0,1,53,90,64,60,267,B,66.75,87.0,8.3
std-4753,male,group A,high school,1,1,47,100,57,89,293,B,73.25,71.3,8.6
std-4754,male,group C,associate's degree,1,0,62,91,76,69,298,B,74.5,73.3,1.4
std-4755,male,group B,bachelor's degree,1,0,43,41,83,40,207,C,51.75,59.5,5.5
std-4756,male,group D,some college,0,0,29,56,62,36,183,D,45.75,81.0,1.4
std-4757,male,group D,high school,1,0,60,55,67,14,196,D,49.0,76.6,5.4
std-4758,male,group E,high school,1,0,34,81,35,62,212,C,53.0,80.2,1.8
std-4759,male,group D,some high school,0,1,41,37,32,67,177,D,44.25,59.9,10.9
std-4760,male,group C,high school,1,1,70,47,40,59,216,C,54.0,92.0,8.7
std-4761,male,group B,bachelor's degree,0,0,57,17,67,92,233,C,58.25,71.9,10.9
std-4762,male,group E,some college,1,1,49,90,84,29,252,B,63.0,80.5,5.6
std-4763,male,group E,some college,0,0,45,95,66,89,295,B,73.75,90.2,10.6
std-4764,male,group D,bachelor's degree,1,1,47,51,87,82,267,B,66.75,71.3,4.0
std-4765,male,group B,associate's degree,0,0,15,67,51,61,194,D,48.5,69.2,4.8
std-4766,male,group E,high school,1,1,59,57,59,73,248,C,62.0,80.2,6.5
std-4767,male,group D,some college,1,0,87,94,70,52,303,B,75.75,100.0,5.8
std-4768,male,group B,bachelor's degree,0,0,58,77,74,92,301,B,75.25,85.7,5.6
std-4769,male,group D,associate's degree,0,0,54,91,75,55,275,B,68.75,95.3,4.0
std-4770,male,group D,associate's degree,1,0,22,40,54,65,181,D,45.25,83.9,0.9
std-4771,male,group D,high school,0,1,48,72,100,58,278,B,69.5,84.4,7.7
std-4772,male,group D,associate's degree,0,0,64,99,83,100,346,A,86.5,77.8,8.2
std-4773,male,group D,some college,0,1,38,69,61,83,251,B,62.75,88.4,11.1
std-4774,male,group A,high school,1,0,24,58,55,55,192,D,48.0,60.5,5.0
std-4775,male,group D,bachelor's degree,1,0,31,67,39,68,205,C,51.25,89.5,7.5
std-4776,male,group D,some high school,1,1,49,83,39,40,211,C,52.75,77.4,3.5
std-4777,male,group B,associate's degree,1,1,61,98,99,29,287,B,71.75,58.0,7.9
std-4778,male,group B,associate's degree,1,0,87,88,45,95,315,B,78.75,81.1,9.0
std-4779,male,group C,associate's degree,1,1,61,100,77,92,330,A,82.5,91.3,10.9
std-4780,male,group B,bachelor's degree,0,1,45,88,46,44,223,C,55.75,74.4,5.4
std-4781,male,group D,bachelor's degree,1,0,67,42,78,76,263,B,65.75,86.3,8.3
std-4782,male,group C,bachelor's degree,1,0,37,83,100,59,279,B,69.75,73.5,5.0
std-4783,male,group D,some college,1,0,50,64,90,32,236,C,59.0,65.9,3.4
std-4784,male,group C,associate's degree,0,0,48,22,72,60,202,C,50.5,74.2,5.7
std-4785,male,group C,master's degree,0,1,42,55,72,56,225,C,56.25,77.0,7.6
std-4786,male,group C,some college,1,1,50,83,65,34,232,C,58.0,74.2,6.4
std-4787,male,group E,high school,0,1,27,49,73,87,236,C,59.0,88.7,6.4
std-4788,male,group B,associate's degree,0,0,43,61,99,41,244,C,61.0,70.6,2.8
std-4789,male,group C,associate's degree,1,0,26,89,47,59,221,C,55.25,79.2,4.0
std-4790,male,group A,high school,0,0,18,80,68,45,211,C,52.75,76.2,7.5
std-4791,male,group B,high school,0,0,74,52,61,89,276,B,69.0,66.9,6.9
std-4792,male,group C,bachelor's degree,1,0,48,71,100,51,270,B,67.5,68.6,8.5
std-4793,male,group C,associate's degree,0,1,37,89,70,54,250,B,62.5,78.9,9.4
std-4794,male,group D,some college,1,0,26,93,56,38,213,C,53.25,93.5,3.2
std-4795,male,group B,master's degree,0,1,83,52,68,64,267,B,66.75,85.4,4.4
std-4796,male,group D,bachelor's degree,1,0,13,94,54,53,214,C,53.5,60.3,2.5
std-4797,male,group C,associate's degree,1,0,60,82,54,83,279,B,69.75,53.2,4.7
std-4798,male,group C,associate's degree,0,0,43,84,83,89,299,B,74.75,89.4,4.9
std-4799,male,group D,some high school,1,0,22,72,93,59,246,C,61.5,77.6,8.0
std-4800,male,group D,associate's degree,0,0,38,82,93,86,299,B,74.75,93.1,9.2
std-4801,male,group C,some high school,1,0,51,100,70,74,295,B,73.75,74.6,12.2
std-4802,male,group E,associate's degree,1,0,20,100,38,65,223,C,55.75,79.7,3.1
std-4803,male,group C,associate's degree,0,1,15,71,86,27,199,D,49.75,82.2,10.9
std-4804,male,group C,bachelor's degree,1,1,69,97,64,40,270,B,67.5,76.4,12.6
std-4805,male,group C,associate's degree,0,0,75,50,53,100,278,B,69.5,77.3,5.7
std-4806,male,group D,some high school,1,1,98,71,63,75,307,B,76.75,83.7,10.7
std-4807,male,group C,master's degree,1,1,77,100,80,84,341,A,85.25,91.2,13.4
std-4808,male,group B,some high school,1,0,64,100,100,71,335,A,83.75,85.7,7.5
std-4809,male,group B,bachelor's degree,0,0,68,89,58,79,294,B,73.5,91.2,6.3
std-4810,male,group D,associate's degree,1,0,17,35,55,58,165,D,41.25,67.6,2.1
std-4811,male,group C,some college,0,0,20,61,50,79,210,C,52.5,63.5,0.0
std-4812,male,group C,bachelor's degree,1,0,60,75,78,78,291,B,72.75,100.0,6.8
std-4813,male,group E,master's degree,0,0,19,45,58,47,169,D,42.25,66.6,2.0
std-4814,male,group C,some high school,0,0,32,74,43,50,199,D,49.75,69.4,1.8
std-4815,male,group C,some college,1,0,38,62,68,9,177,D,44.25,72.1,5.0
std-4816,male,group D,bachelor's degree,1,1,53,89,44,76,262,B,65.5,80.4,4.8
std-4817,male,group E,high school,1,0,10,63,38,26,137,Fail,34.25,66.0,5.0
std-4818,male,group B,some college,1,0,21,67,64,52,204,C,51.0,74.8,5.8
std-4819,male,group D,high school,1,0,34,77,72,55,238,C,59.5,77.4,4.4
std-4820,male,group C,some high school,1,1,85,63,63,76,287,B,71.75,83.4,8.9
std-4821,male,group C,some college,1,0,38,62,77,64,241,C,60.25,56.8,2.5
std-4822,male,group B,some college,1,1,35,77,58,80,250,B,62.5,95.7,10.0
std-4823,male,group D,some high school,0,1,62,91,13,44,210,C,52.5,74.1,7.7
std-4824,male,group C,some college,1,1,45,72,82,43,242,C,60.5,83.3,8.6
std-4825,male,group E,associate's degree,1,1,54,89,43,63,249,C,62.25,66.3,9.4
std-4826,male,group D,associate's degree,1,1,57,77,56,78,268,B,67.0,76.0,7.0
std-4827,male,group E,associate's degree,1,0,76,74,62,75,287,B,71.75,75.8,2.7
std-4828,male,group E,high school,0,0,45,57,83,57,242,C,60.5,91.3,7.9
std-4829,male,group B,high school,0,0,82,56,77,74,289,B,72.25,76.7,8.3
std-4830,male,group A,high school,0,0,74,23,41,51,189,D,47.25,80.6,2.9
std-4831,male,group C,associate's degree,0,0,19,93,60,40,212,C,53.0,69.8,5.8
std-4832,male,group C,high school,1,0,24,77,65,100,266,B,66.5,76.0,9.2
std-4833,male,group D,high school,0,0,71,67,100,81,319,B,79.75,82.3,10.1
std-4834,male,group C,some high school,1,1,94,100,56,88,338,A,84.5,97.6,8.8
std-4835,male,group C,associate's degree,0,1,63,95,71,60,289,B,72.25,65.0,5.4
std-4836,male,group E,some high school,1,0,26,64,69,73,232,C,58.0,65.4,1.9
std-4837,male,group B,some college,1,0,0,84,100,49,233,C,58.25,59.8,4.5
std-4838,male,group B,associate's degree,0,0,11,58,54,76,199,D,49.75,64.8,8.1
std-4839,male,group B,some college,0,0,47,41,65,78,231,C,57.75,69.9,3.4
std-4840,male,group C,some college,0,0,49,80,79,46,254,B,63.5,64.6,4.3
std-4841,male,group E,high school,1,0,57,63,45,99,264,B,66.0,73.3,4.4
std-4842,male,group D,associate's degree,0,0,25,76,68,47,216,C,54.0,57.8,3.5
std-4843,male,group D,some high school,1,0,89,59,52,58,258,B,64.5,70.3,5.8
std-4844,male,group D,high school,0,0,53,42,42,67,204,C,51.0,85.8,1.4
std-4845,male,group E,associate's degree,0,1,48,87,73,86,294,B,73.5,86.1,11.9
std-4846,male,group E,some high school,1,0,25,47,61,83,216,C,54.0,77.7,4.5
std-4847,male,group D,some college,1,0,84,60,75,57,276,B,69.0,71.9,12.5
std-4848,male,group A,some college,1,0,52,55,27,63,197,D,49.25,60.6,1.5
std-4849,male,group D,associate's degree,1,1,30,68,85,35,218,C,54.5,65.9,11.4
std-4850,male,group B,bachelor's degree,1,0,32,72,47,38,189,D,47.25,73.3,7.7
std-4851,male,group D,high school,1,1,79,72,85,54,290,B,72.5,89.9,8.1
std-4852,male,group B,master's degree,0,1,85,97,83,66,331,A,82.75,93.6,9.1
std-4853,male,group B,bachelor's degree,1,0,58,93,51,62,264,B,66.0,85.6,3.7
std-4854,male,group C,some high school,0,0,88,74,70,79,311,B,77.75,77.2,4.8
std-4855,male,group C,some college,0,0,35,55,42,62,194,D,48.5,74.4,4.3
std-4856,male,group C,some college,0,0,48,100,67,73,288,B,72.0,79.0,6.6
std-4857,male,group B,some college,1,1,23,100,81,89,293,B,73.25,80.5,5.2
std-4858,male,group C,master's degree,1,1,23,39,51,42,155,D,38.75,89.3,11.6
std-4859,male,group C,high school,0,1,15,73,69,27,184,D,46.0,57.5,5.9
std-4860,male,group E,some high school,1,1,58,38,62,45,203,C,50.75,72.8,7.2
std-4861,male,group C,some high school,1,0,33,75,100,54,262,B,65.5,90.7,4.4
std-4862,male,group E,associate's degree,1,1,76,44,76,58,254,B,63.5,65.9,7.6
std-4863,male,group C,high school,0,0,66,99,80,75,320,A,80.0,78.8,6.4
std-4864,male,group E,some high school,1,0,94,85,91,62,332,A,83.0,80.8,7.6
std-4865,male,group C,some college,1,0,46,91,49,100,286,B,71.5,79.7,6.5
std-4866,male,group C,some college,0,0,69,80,70,96,315,B,78.75,69.8,9.2
std-4867,male,group C,associate's degree,0,0,15,79,54,100,248,C,62.0,84.0,6.2
std-4868,male,group C,some high school,1,1,30,94,79,24,227,C,56.75,82.9,9.4
std-4869,male,group C,some high school,1,1,76,100,73,50,299,B,74.75,87.4,9.3
std-4870,male,group C,some college,1,0,57,96,73,58,284,B,71.0,73.8,7.0
std-4871,male,group E,some high school,1,1,99,77,72,90,338,A,84.5,86.8,9.6
std-4872,male,group C,associate's degree,1,1,61,17,81,47,206,C,51.5,67.0,9.6
std-4873,male,group C,some college,0,0,83,20,80,92,275,B,68.75,77.9,7.0
std-4874,male,group B,high school,1,0,60,49,46,39,194,D,48.5,93.5,3.9
std-4875,male,group D,some college,1,1,44,65,58,42,209,C,52.25,76.2,6.7
std-4876,male,group C,some high school,1,0,69,78,35,61,243,C,60.75,67.5,5.2
std-4877,male,group C,master's degree,1,1,48,65,98,52,263,B,65.75,81.5,8.5
std-4878,male,group E,master's degree,0,1,47,60,73,85,265,B,66.25,67.9,8.4
std-4879,male,group B,some college,0,1,45,89,53,48,235,C,58.75,66.7,6.4
std-4880,male,group C,bachelor's degree,1,0,74,83,78,61,296,B,74.0,73.2,8.7
std-4881,male,group D,some college,1,1,94,66,98,63,321,A,80.25,80.7,11.9
std-4882,male,group C,bachelor's degree,0,0,56,100,83,44,283,B,70.75,89.9,10.9
std-4883,male,group D,master's degree,0,0,33,57,87,51,228,C,57.0,82.2,3.6
std-4884,male,group B,some high school,0,0,49,60,57,94,260,B,65.0,84.3,7.6
std-4885,male,group C,high school,0,0,12,80,96,65,253,B,63.25,69.1,0.9
std-4886,male,group C,high school,1,1,34,88,82,51,255,B,63.75,74.3,10.3
std-4887,male,group D,high school,1,0,74,56,81,65,276,B,69.0,83.4,2.6
std-4888,male,group C,bachelor's degree,1,0,31,65,63,56,215,C,53.75,70.2,2.4
std-4889,male,group C,high school,1,0,50,75,63,66,254,B,63.5,76.6,6.6
std-4890,male,group C,associate's degree,1,0,43,69,29,74,215,C,53.75,79.9,3.3
std-4891,male,group C,some high school,0,0,96,64,53,81,294,B,73.5,79.3,4.8
std-4892,male,group D,high school,0,0,26,74,91,44,235,C,58.75,79.6,4.1
std-4893,male,group B,some college,1,1,61,61,70,57,249,C,62.25,93.0,10.0
std-4894,male,group B,some high school,1,0,16,100,72,89,277,B,69.25,79.5,4.0
std-4895,male,group B,associate's degree,0,0,66,79,78,99,322,A,80.5,95.3,7.2
std-4896,male,group D,associate's degree,0,0,15,49,52,81,197,D,49.25,79.4,3.5
std-4897,male,group A,some high school,0,1,90,60,63,42,255,B,63.75,66.0,10.3
std-4898,male,group D,some college,1,1,29,96,97,87,309,B,77.25,73.7,11.7
std-4899,male,group D,some high school,1,1,41,94,60,13,208,C,52.0,67.8,2.6
std-4900,male,group B,master's degree,0,1,57,100,95,83,335,A,83.75,78.1,12.8
std-4901,male,group C,some high school,1,1,30,84,77,57,248,C,62.0,77.8,6.6
std-4902,male,group C,associate's degree,1,0,86,80,66,58,290,B,72.5,87.6,7.2
std-4903,male,group E,some college,1,1,62,75,100,67,304,B,76.0,94.5,7.1
std-4904,male,group E,some college,0,0,49,50,51,77,227,C,56.75,79.6,6.0
std-4905,male,group B,some college,0,1,52,84,74,53,263,B,65.75,75.8,14.8
std-4906,male,group D,master's degree,0,0,56,49,67,82,254,B,63.5,60.4,6.1
std-4907,male,group D,some college,1,1,55,80,100,36,271,B,67.75,81.2,7.5
std-4908,male,group D,associate's degree,1,0,56,58,88,54,256,B,64.0,79.5,5.2
std-4909,male,group B,some college,0,1,98,43,38,57,236,C,59.0,79.3,4.1
std-4910,male,group B,some high school,0,0,57,56,69,44,226,C,56.5,95.7,8.7
std-4911,male,group D,master's degree,1,0,24,80,62,70,236,C,59.0,88.8,6.1
std-4912,male,group D,master's degree,1,0,40,52,63,30,185,D,46.25,80.5,1.5
std-4913,male,group B,some college,0,1,79,94,63,84,320,A,80.0,75.9,7.3
std-4914,male,group B,some high school,1,0,37,85,73,61,256,B,64.0,74.7,5.8
std-4915,male,group C,bachelor's degree,0,0,53,69,32,78,232,C,58.0,76.4,7.6
std-4916,male,group C,associate's degree,1,0,100,83,70,91,344,A,86.0,79.6,5.0
std-4917,male,group D,some college,1,1,73,88,46,67,274,B,68.5,85.3,11.5
std-4918,male,group B,some college,1,0,36,91,10,53,190,D,47.5,77.0,4.0
std-4919,male,group C,some college,1,0,51,68,98,45,262,B,65.5,70.0,3.6
std-4920,male,group D,bachelor's degree,0,0,37,58,61,55,211,C,52.75,86.3,3.6
std-4921,male,group B,some college,0,1,93,82,94,97,366,A,91.5,89.3,15.3
std-4922,male,group C,some high school,1,0,40,46,53,100,239,C,59.75,62.3,1.9
std-4923,male,group D,associate's degree,1,0,19,43,94,47,203,C,50.75,74.4,2.7
std-4924,male,group C,associate's degree,0,1,29,100,67,70,266,B,66.5,82.6,10.9
std-4925,male,group C,master's degree,0,0,48,95,82,46,271,B,67.75,89.3,6.7
std-4926,male,group E,master's degree,0,1,73,27,97,100,297,B,74.25,79.6,7.3
std-4927,male,group A,associate's degree,0,0,46,69,64,100,279,B,69.75,88.6,8.7
std-4928,male,group A,bachelor's degree,0,1,58,61,74,73,266,B,66.5,81.8,11.1
std-4929,male,group B,associate's degree,1,0,55,73,78,78,284,B,71.0,69.8,7.3
std-4930,male,group D,some high school,1,1,59,84,77,86,306,B,76.5,70.7,7.9
std-4931,male,group C,associate's degree,1,0,21,91,93,83,288,B,72.0,92.0,5.4
std-4932,male,group C,some high school,0,0,94,62,100,16,272,B,68.0,91.4,6.9
std-4933,male,group A,some high school,0,0,21,73,50,80,224,C,56.0,79.5,1.8
std-4934,male,group D,high school,1,1,76,73,34,84,267,B,66.75,93.6,11.9
std-4935,male,group C,some high school,1,0,69,53,69,80,271,B,67.75,90.0,10.4
std-4936,male,group A,high school,1,0,29,80,82,67,258,B,64.5,85.6,5.3
std-4937,male,group A,high school,0,1,45,67,38,37,187,D,46.75,65.4,7.6
std-4938,male,group D,some college,1,0,34,100,98,85,317,B,79.25,99.9,10.2
std-4939,male,group B,some college,1,0,12,100,49,92,253,B,63.25,83.9,10.6
std-4940,male,group B,some high school,0,0,80,67,50,48,245,C,61.25,74.9,9.4
std-4941,male,group B,associate's degree,1,0,78,57,41,84,260,B,65.0,73.6,1.5
std-4942,male,group D,bachelor's degree,1,1,52,71,76,63,262,B,65.5,82.1,7.6
std-4943,male,group B,associate's degree,1,0,29,100,73,84,286,B,71.5,66.7,7.8
std-4944,male,group E,high school,1,0,35,92,52,37,216,C,54.0,82.3,3.6
std-4945,male,group B,high school,0,1,77,100,62,44,283,B,70.75,72.9,13.4
std-4946,male,group C,associate's degree,0,1,49,73,78,73,273,B,68.25,84.0,12.8
std-4947,male,group E,associate's degree,0,0,35,68,60,28,191,D,47.75,69.2,2.2
std-4948,male,group B,associate's degree,1,1,19,79,100,73,271,B,67.75,78.1,8.2
std-4949,male,group D,master's degree,1,1,54,75,41,83,253,B,63.25,72.2,6.3
std-4950,male,group A,bachelor's degree,1,1,28,59,95,45,227,C,56.75,75.4,7.1
std-4951,male,group C,bachelor's degree,1,0,63,64,58,15,200,C,50.0,91.6,3.9
std-4952,male,group D,associate's degree,1,1,100,100,76,65,341,A,85.25,98.8,12.7
std-4953,male,group E,some high school,1,0,10,94,63,68,235,C,58.75,80.7,3.1
std-4954,male,group C,associate's degree,1,0,100,63,49,57,269,B,67.25,80.1,0.0
std-4955,male,group D,master's degree,1,1,92,97,38,51,278,B,69.5,88.7,4.8
std-4956,male,group C,high school,1,1,85,73,78,85,321,A,80.25,94.8,7.3
std-4957,male,group C,some high school,0,0,67,80,82,49,278,B,69.5,73.6,4.7
std-4958,male,group D,bachelor's degree,0,1,72,64,87,71,294,B,73.5,81.7,9.7
std-4959,male,group B,some high school,0,1,90,83,91,100,364,A,91.0,71.8,8.1
std-4960,male,group A,associate's degree,1,0,0,91,64,60,215,C,53.75,86.0,1.8
std-4961,male,group B,some college,1,1,70,41,57,62,230,C,57.5,95.7,5.4
std-4962,male,group B,some high school,0,0,50,41,55,44,190,D,47.5,74.5,1.4
std-4963,male,group E,high school,0,0,42,35,39,60,176,D,44.0,53.5,2.5
std-4964,male,group E,some college,0,0,26,63,31,31,151,D,37.75,76.1,1.8
std-4965,male,group D,some college,1,0,36,84,86,21,227,C,56.75,68.7,6.8
std-4966,male,group D,some college,0,0,28,80,83,59,250,B,62.5,72.8,3.2
std-4967,male,group C,high school,1,0,18,52,65,59,194,D,48.5,79.8,3.4
std-4968,male,group C,some college,0,0,49,87,58,74,268,B,67.0,82.6,4.7
std-4969,male,group D,high school,1,1,62,88,92,43,285,B,71.25,77.3,11.0
std-4970,male,group D,some high school,1,1,49,86,60,64,259,B,64.75,73.7,8.0
std-4971,male,group D,bachelor's degree,1,0,23,83,51,53,210,C,52.5,76.6,7.3
std-4972,male,group A,some college,0,0,98,100,59,78,335,A,83.75,82.1,4.8
std-4973,male,group C,some high school,0,0,32,97,64,62,255,B,63.75,69.2,5.6
std-4974,male,group C,master's degree,1,0,82,51,79,61,273,B,68.25,77.7,4.8
std-4975,male,group C,associate's degree,1,1,52,47,100,56,255,B,63.75,82.2,5.2
std-4976,male,group B,some college,1,0,38,55,67,9,169,D,42.25,70.5,3.6
std-4977,male,group B,some college,1,1,42,79,69,44,234,C,58.5,64.7,12.1
std-4978,male,group D,some high school,1,1,49,46,58,87,240,C,60.0,86.9,5.8
std-4979,male,group C,high school,1,0,16,39,48,66,169,D,42.25,47.4,3.4
std-4980,male,group C,some high school,1,0,42,60,51,96,249,C,62.25,74.7,2.3
std-4981,male,group C,some college,1,0,68,98,77,91,334,A,83.5,80.1,4.0
std-4982,male,group C,high school,1,0,29,64,85,42,220,C,55.0,77.6,3.0
std-4983,male,group B,some high school,0,0,82,52,65,50,249,C,62.25,83.8,4.5
std-4984,male,group D,high school,1,1,64,100,78,17,259,B,64.75,89.7,7.3
std-4985,male,group D,high school,1,0,16,91,36,99,242,C,60.5,71.7,4.9
std-4986,male,group C,some high school,1,0,86,73,93,52,304,B,76.0,88.5,2.8
std-4987,male,group C,some college,1,1,19,55,83,79,236,C,59.0,79.4,6.3
std-4988,male,group C,high school,1,0,54,75,58,53,240,C,60.0,62.5,6.7
std-4989,male,group A,bachelor's degree,1,1,45,57,95,46,243,C,60.75,95.3,4.6
std-4990,male,group E,some high school,1,0,19,54,97,9,179,D,44.75,60.0,3.1
std-4991,male,group C,high school,1,1,48,86,34,45,213,C,53.25,79.5,8.0
std-4992,male,group D,high school,0,1,9,100,92,27,228,C,57.0,80.5,5.7
std-4993,male,group B,associate's degree,1,0,20,58,73,44,195,D,48.75,76.7,5.2
std-4994,male,group C,some college,1,0,59,57,56,85,257,B,64.25,74.9,2.0
std-4995,male,group B,associate's degree,1,1,40,100,94,94,328,A,82.0,92.7,12.2
std-4996,male,group E,master's degree,0,0,33,60,100,70,263,B,65.75,65.8,6.9
std-4997,male,group E,some college,1,0,76,100,56,88,320,A,80.0,84.0,7.4
std-4998,male,group D,bachelor's degree,0,1,53,62,76,43,234,C,58.5,72.4,10.6
std-4999,male,group C,associate's degree,0,0,58,68,29,46,201,C,50.25,68.6,3.7
std-5000,male,group A,high school,0,0,37,80,75,65,257,B,64.25,83.2,4.3
std-5001,female,group A,associate's degree,1,1,70,66,59,51,246,C,61.5,88.1,11.5
std-5002,female,group B,associate's degree,0,1,56,65,85,46,252,B,63.0,75.9,12.8
std-5003,female,group A,some high school,1,1,64,44,70,90,268,B,67.0,87.3,6.8
std-5004,female,group B,some high school,1,0,74,100,84,72,330,A,82.5,85.8,7.3
std-5005,female,group B,bachelor's degree,1,0,65,50,39,93,247,C,61.75,70.5,8.2
std-5006,female,group A,some high school,1,1,80,87,68,88,323,A,80.75,82.5,9.7
std-5007,female,group D,associate's degree,0,0,92,69,74,73,308,B,77.0,80.9,8.5
std-5008,female,group B,master's degree,1,1,66,95,42,80,283,B,70.75,75.2,10.9
std-5009,female,group B,some high school,1,1,77,41,81,60,259,B,64.75,83.4,7.0
std-5010,female,group B,some high school,1,1,51,46,100,63,260,B,65.0,81.7,9.4
std-5011,female,group D,some college,0,0,53,87,100,68,308,B,77.0,69.3,7.0
std-5012,female,group B,some college,0,0,27,100,70,34,231,C,57.75,62.3,2.2
std-5013,female,group D,high school,1,0,57,51,97,83,288,B,72.0,85.7,4.1
std-5014,female,group A,bachelor's degree,1,0,60,70,80,85,295,B,73.75,75.2,5.1
std-5015,female,group D,high school,0,0,56,66,87,74,283,B,70.75,84.2,8.8
std-5016,female,group B,high school,1,1,61,85,100,62,308,B,77.0,90.6,11.9
std-5017,female,group E,some college,1,0,56,61,87,91,295,B,73.75,71.1,8.6
std-5018,female,group D,master's degree,1,0,61,96,56,70,283,B,70.75,68.8,7.5
std-5019,female,group D,high school,1,1,59,69,100,60,288,B,72.0,97.0,10.1
std-5020,female,group E,bachelor's degree,0,1,87,100,40,45,272,B,68.0,83.8,9.4
std-5021,female,group C,some college,1,0,78,84,79,55,296,B,74.0,78.8,7.8
std-5022,female,group C,bachelor's degree,1,1,64,82,80,79,305,B,76.25,74.9,10.6
std-5023,female,group C,high school,0,0,57,59,100,60,276,B,69.0,76.3,2.8
std-5024,female,group B,some college,1,1,37,54,76,51,218,C,54.5,65.4,5.4
std-5025,female,group D,associate's degree,1,0,58,57,97,78,290,B,72.5,90.0,4.0
std-5026,female,group D,associate's degree,1,1,98,55,55,80,288,B,72.0,74.9,11.8
std-5027,female,group C,high school,1,1,74,60,89,79,302,B,75.5,92.9,13.5
std-5028,female,group C,associate's degree,1,1,40,60,99,59,258,B,64.5,75.8,2.9
std-5029,female,group C,high school,1,1,47,53,100,70,270,B,67.5,71.0,12.5
std-5030,female,group E,some college,1,0,64,76,70,87,297,B,74.25,78.8,7.0
std-5031,female,group E,high school,0,0,27,62,96,65,250,B,62.5,55.2,8.2
std-5032,female,group A,some college,1,0,43,50,94,77,264,B,66.0,78.8,7.2
std-5033,female,group C,some high school,1,0,70,71,73,94,308,B,77.0,82.0,10.6
std-5034,female,group D,high school,1,1,63,81,94,56,294,B,73.5,89.8,9.7
std-5035,female,group D,associate's degree,0,0,47,47,53,73,220,C,55.0,59.3,1.5
std-5036,female,group E,high school,1,0,90,63,95,74,322,A,80.5,95.2,7.1
std-5037,female,group C,high school,1,1,92,61,96,89,338,A,84.5,93.4,11.5
std-5038,female,group B,some high school,1,1,100,100,48,68,316,B,79.0,95.5,9.2
std-5039,female,group C,bachelor's degree,0,0,27,54,97,94,272,B,68.0,80.1,7.8
std-5040,female,group D,some college,0,0,76,79,68,64,287,B,71.75,91.0,6.4
std-5041,female,group C,high school,0,0,67,97,91,77,332,A,83.0,72.3,6.1
std-5042,female,group C,associate's degree,0,1,82,70,73,70,295,B,73.75,88.9,6.5
std-5043,female,group B,high school,0,1,87,39,72,70,268,B,67.0,73.3,7.6
std-5044,female,group C,some college,1,0,76,65,91,69,301,B,75.25,68.1,7.4
std-5045,female,group C,associate's degree,1,0,83,59,84,68,294,B,73.5,72.3,1.8
std-5046,female,group C,associate's degree,1,1,79,77,88,64,308,B,77.0,83.6,7.6
std-5047,female,group B,some college,1,1,87,94,99,90,370,A,92.5,81.3,6.0
std-5048,female,group E,some high school,1,0,35,61,88,75,259,B,64.75,82.9,4.3
std-5049,female,group C,associate's degree,1,0,55,71,62,70,258,B,64.5,63.2,8.8
std-5050,female,group D,bachelor's degree,1,1,59,51,83,91,284,B,71.0,62.4,6.0
std-5051,female,group C,associate's degree,1,1,77,54,72,80,283,B,70.75,93.9,10.7
std-5052,female,group E,some high school,1,1,69,90,54,77,290,B,72.5,90.2,16.2
std-5053,female,group C,some college,0,1,39,60,93,60,252,B,63.0,69.5,11.8
std-5054,female,group C,associate's degree,1,0,44,50,100,61,255,B,63.75,79.2,6.1
std-5055,female,group B,some college,1,0,27,100,100,86,313,B,78.25,93.2,9.3
std-5056,female,group C,associate's degree,1,1,47,51,83,62,243,C,60.75,82.0,4.6
std-5057,female,group D,associate's degree,1,0,93,44,100,72,309,B,77.25,85.0,3.1
std-5058,female,group C,some high school,0,0,58,68,86,66,278,B,69.5,91.0,6.4
std-5059,female,group C,associate's degree,1,1,71,66,76,92,305,B,76.25,76.8,10.4
std-5060,female,group C,some high school,1,1,49,79,73,88,289,B,72.25,82.3,11.8
std-5061,female,group C,some college,0,0,96,94,64,55,309,B,77.25,83.5,5.6
std-5062,female,group E,some high school,1,0,41,64,42,73,220,C,55.0,73.8,5.4
std-5063,female,group A,some high school,1,0,51,82,89,34,256,B,64.0,75.8,6.2
std-5064,female,group D,high school,1,0,55,50,75,62,242,C,60.5,78.8,5.1
std-5065,female,group C,some high school,0,1,75,70,100,56,301,B,75.25,83.3,9.2
std-5066,female,group D,some college,0,1,51,98,42,91,282,B,70.5,72.0,6.8
std-5067,female,group C,some college,0,1,67,46,71,79,263,B,65.75,87.1,9.2
std-5068,female,group C,associate's degree,1,0,38,99,95,67,299,B,74.75,74.0,7.3
std-5069,female,group C,associate's degree,1,0,59,73,73,70,275,B,68.75,78.9,5.1
std-5070,female,group E,bachelor's degree,1,0,30,34,100,56,220,C,55.0,73.6,6.6
std-5071,female,group C,some college,1,0,65,89,100,72,326,A,81.5,88.3,10.0
std-5072,female,group C,high school,1,0,96,69,75,74,314,B,78.5,65.0,8.9
std-5073,female,group D,bachelor's degree,1,0,82,23,79,37,221,C,55.25,84.4,2.4
std-5074,female,group B,high school,1,0,79,64,96,94,333,A,83.25,79.6,7.9
std-5075,female,group C,high school,1,1,76,31,89,87,283,B,70.75,92.5,6.7
std-5076,female,group C,high school,0,1,69,75,80,95,319,B,79.75,80.2,10.0
std-5077,female,group D,high school,0,0,67,92,33,78,270,B,67.5,80.0,3.9
std-5078,female,group B,associate's degree,1,0,71,52,70,93,286,B,71.5,99.0,9.7
std-5079,female,group C,some high school,1,0,30,100,99,76,305,B,76.25,80.8,8.9
std-5080,female,group D,bachelor's degree,1,0,50,77,93,46,266,B,66.5,91.3,8.9
std-5081,female,group C,bachelor's degree,0,1,39,91,61,66,257,B,64.25,79.7,10.9
std-5082,female,group C,some high school,0,1,32,71,57,62,222,C,55.5,80.2,6.8
std-5083,female,group C,associate's degree,1,0,39,55,48,75,217,C,54.25,76.7,3.8
std-5084,female,group D,associate's degree,1,0,83,58,97,92,330,A,82.5,93.0,11.9
std-5085,female,group A,master's degree,0,1,65,61,87,61,274,B,68.5,74.6,8.3
std-5086,female,group B,some college,1,0,80,60,82,83,305,B,76.25,74.5,3.6
std-5087,female,group D,high school,0,1,40,65,56,39,200,C,50.0,68.9,9.5
std-5088,female,group D,some college,1,0,27,100,76,70,273,B,68.25,81.6,6.6
std-5089,female,group D,some college,1,0,92,43,37,62,234,C,58.5,75.5,9.0
std-5090,female,group C,some college,0,1,44,77,95,75,291,B,72.75,88.6,9.7
std-5091,female,group C,some college,1,0,49,54,97,95,295,B,73.75,94.2,6.7
std-5092,female,group B,high school,0,0,29,56,80,83,248,C,62.0,69.8,9.4
std-5093,female,group A,associate's degree,1,0,91,57,74,90,312,B,78.0,77.3,3.3
std-5094,female,group A,high school,1,0,68,57,91,85,301,B,75.25,70.1,5.4
std-5095,female,group C,associate's degree,0,1,61,84,100,89,334,A,83.5,100.0,7.9
std-5096,female,group C,some college,0,1,34,54,80,82,250,B,62.5,81.5,2.7
std-5097,female,group D,bachelor's degree,1,0,90,66,42,46,244,C,61.0,82.6,7.7
std-5098,female,group D,some college,1,1,89,53,77,57,276,B,69.0,68.9,7.4
std-5099,female,group C,some college,1,0,66,78,84,35,263,B,65.75,79.8,8.2
std-5100,female,group C,bachelor's degree,1,1,56,62,86,88,292,B,73.0,86.8,10.1
std-5101,female,group B,associate's degree,1,0,36,91,57,74,258,B,64.5,77.2,7.4
std-5102,female,group C,associate's degree,1,0,77,54,57,79,267,B,66.75,89.9,4.9
std-5103,female,group B,some college,1,0,100,82,93,85,360,A,90.0,100.0,6.3
std-5104,female,group A,some college,1,0,43,68,67,60,238,C,59.5,69.3,5.6
std-5105,female,group C,some college,0,0,80,72,80,60,292,B,73.0,73.1,8.9
std-5106,female,group D,high school,0,0,84,46,89,70,289,B,72.25,74.1,6.4
std-5107,female,group E,some high school,0,0,75,74,69,35,253,B,63.25,93.5,4.0
std-5108,female,group B,some college,0,1,82,84,79,76,321,A,80.25,94.0,6.8
std-5109,female,group D,some college,0,1,85,62,51,73,271,B,67.75,79.3,9.2
std-5110,female,group C,associate's degree,1,0,63,61,94,91,309,B,77.25,84.0,5.7
std-5111,female,group D,associate's degree,1,1,48,100,65,76,289,B,72.25,74.7,8.9
std-5112,female,group C,master's degree,0,0,44,63,100,88,295,B,73.75,90.5,6.1
std-5113,female,group C,bachelor's degree,1,0,45,39,76,78,238,C,59.5,74.4,4.3
std-5114,female,group D,some college,0,1,71,67,69,71,278,B,69.5,78.8,9.5
std-5115,female,group D,high school,0,0,72,94,43,67,276,B,69.0,86.4,7.7
std-5116,female,group C,some college,1,0,54,45,67,68,234,C,58.5,75.8,10.2
std-5117,female,group E,associate's degree,1,0,85,50,68,90,293,B,73.25,80.2,8.6
std-5118,female,group E,some high school,1,0,75,80,86,57,298,B,74.5,82.8,10.8
std-5119,female,group E,some college,1,0,79,74,90,67,310,B,77.5,90.9,5.0
std-5120,female,group B,associate's degree,0,0,54,100,99,68,321,A,80.25,99.5,3.3
std-5121,female,group C,some high school,0,0,100,84,52,43,279,B,69.75,86.4,6.3
std-5122,female,group C,some college,0,0,58,48,78,32,216,C,54.0,83.2,7.0
std-5123,female,group D,some college,1,0,70,58,64,70,262,B,65.5,78.0,7.7
std-5124,female,group C,some college,1,0,79,62,81,67,289,B,72.25,75.6,9.6
std-5125,female,group A,some high school,1,1,48,74,41,85,248,C,62.0,84.5,1.8
std-5126,female,group A,some high school,0,0,94,51,65,98,308,B,77.0,85.1,10.2
std-5127,female,group C,master's degree,0,0,47,71,62,89,269,B,67.25,67.5,6.9
std-5128,female,group C,bachelor's degree,1,0,57,100,89,88,334,A,83.5,82.8,3.8
std-5129,female,group D,associate's degree,1,0,82,85,100,65,332,A,83.0,84.8,9.4
std-5130,female,group A,associate's degree,0,0,63,86,70,69,288,B,72.0,77.3,7.0
std-5131,female,group A,some college,0,0,70,48,49,92,259,B,64.75,92.9,6.8
std-5132,female,group C,high school,1,0,45,46,65,66,222,C,55.5,80.8,7.5
std-5133,female,group D,high school,0,0,59,85,97,74,315,B,78.75,96.5,8.3
std-5134,female,group E,associate's degree,1,0,46,76,61,71,254,B,63.5,81.5,2.1
std-5135,female,group D,associate's degree,0,0,66,64,73,70,273,B,68.25,81.4,5.8
std-5136,female,group E,high school,0,0,100,60,100,70,330,A,82.5,77.0,3.5
std-5137,female,group D,some high school,1,0,49,55,63,63,230,C,57.5,77.2,6.8
std-5138,female,group D,high school,1,1,50,97,75,53,275,B,68.75,81.0,12.2
std-5139,female,group C,some college,1,0,86,100,66,81,333,A,83.25,73.3,4.5
std-5140,female,group E,some high school,0,0,55,58,98,94,305,B,76.25,78.5,5.3
std-5141,female,group B,some high school,1,1,53,66,63,56,238,C,59.5,74.9,5.7
std-5142,female,group C,high school,1,0,27,71,61,87,246,C,61.5,82.2,4.4
std-5143,female,group B,some college,0,1,40,63,87,54,244,C,61.0,82.4,9.0
std-5144,female,group D,associate's degree,1,0,89,48,69,54,260,B,65.0,74.4,4.8
std-5145,female,group D,some high school,1,1,65,85,51,67,268,B,67.0,84.5,10.2
std-5146,female,group A,some high school,1,0,37,60,80,75,252,B,63.0,77.3,8.4
std-5147,female,group A,some college,0,0,63,55,92,78,288,B,72.0,56.1,9.3
std-5148,female,group B,high school,1,0,64,51,45,53,213,C,53.25,71.4,2.0
std-5149,female,group C,some college,1,0,57,38,74,77,246,C,61.5,88.2,9.0
std-5150,female,group C,some college,1,0,98,85,84,90,357,A,89.25,72.5,11.8
std-5151,female,group E,associate's degree,0,0,71,55,93,93,312,B,78.0,84.9,11.0
std-5152,female,group C,high school,1,0,69,43,73,49,234,C,58.5,91.7,4.9
std-5153,female,group C,master's degree,1,1,85,82,75,78,320,A,80.0,77.7,7.9
std-5154,female,group C,high school,1,1,32,61,100,76,269,B,67.25,80.4,6.1
std-5155,female,group C,bachelor's degree,1,1,37,81,80,95,293,B,73.25,70.6,6.4
std-5156,female,group D,bachelor's degree,0,0,71,78,48,76,273,B,68.25,95.3,6.2
std-5157,female,group C,associate's degree,1,0,54,42,70,41,207,C,51.75,74.5,6.8
std-5158,female,group A,master's degree,1,1,63,70,88,95,316,B,79.0,84.7,13.0
std-5159,female,group D,some high school,1,0,52,48,100,79,279,B,69.75,93.4,5.1
std-5160,female,group D,associate's degree,1,1,38,95,83,45,261,B,65.25,85.6,8.3
std-5161,female,group C,some college,0,1,78,98,76,47,299,B,74.75,75.0,9.0
std-5162,female,group D,some college,1,1,68,62,61,72,263,B,65.75,74.0,6.9
std-5163,female,group C,high school,1,1,54,88,55,99,296,B,74.0,87.0,11.1
std-5164,female,group C,high school,1,0,70,85,96,69,320,A,80.0,79.0,8.2
std-5165,female,group C,some high school,1,0,27,76,80,95,278,B,69.5,62.0,6.7
std-5166,female,group C,some high school,1,1,61,94,76,50,281,B,70.25,80.9,9.8
std-5167,female,group D,some high school,0,0,80,82,75,45,282,B,70.5,68.1,7.9
std-5168,female,group D,high school,1,1,56,61,65,81,263,B,65.75,94.4,10.0
std-5169,female,group B,bachelor's degree,1,0,79,90,84,93,346,A,86.5,88.3,5.8
std-5170,female,group A,bachelor's degree,0,0,64,69,49,56,238,C,59.5,69.6,7.6
std-5171,female,group E,some high school,0,1,45,70,100,77,292,B,73.0,76.0,9.8
std-5172,female,group D,high school,1,1,37,69,78,76,260,B,65.0,62.6,7.3
std-5173,female,group D,some college,0,0,81,62,85,80,308,B,77.0,73.7,7.6
std-5174,female,group B,high school,1,0,48,76,82,94,300,B,75.0,92.1,7.7
std-5175,female,group D,some high school,1,0,41,56,71,71,239,C,59.75,98.0,8.1
std-5176,female,group C,high school,0,0,68,69,84,87,308,B,77.0,90.1,4.4
std-5177,female,group D,some high school,0,0,74,81,83,86,324,A,81.0,84.1,10.7
std-5178,female,group A,bachelor's degree,0,0,51,77,95,88,311,B,77.75,79.9,7.2
std-5179,female,group E,high school,0,0,50,96,89,29,264,B,66.0,71.3,4.7
std-5180,female,group C,some high school,0,0,65,82,61,86,294,B,73.5,100.0,5.3
std-5181,female,group C,some high school,0,0,35,69,63,88,255,B,63.75,77.5,3.3
std-5182,female,group B,master's degree,0,0,63,98,75,61,297,B,74.25,100.0,2.4
std-5183,female,group D,associate's degree,1,0,88,83,49,100,320,A,80.0,97.1,9.0
std-5184,female,group C,some high school,1,1,78,57,73,76,284,B,71.0,65.9,13.9
std-5185,female,group D,bachelor's degree,0,1,41,49,79,79,248,C,62.0,72.6,4.1
std-5186,female,group C,master's degree,0,0,79,87,71,73,310,B,77.5,77.7,4.7
std-5187,female,group E,high school,1,0,56,63,94,79,292,B,73.0,81.5,8.5
std-5188,female,group B,some college,0,0,71,100,69,41,281,B,70.25,80.8,6.3
std-5189,female,group D,some college,1,0,83,100,85,78,346,A,86.5,100.0,10.0
std-5190,female,group C,master's degree,1,1,27,65,67,63,222,C,55.5,66.8,7.2
std-5191,female,group B,high school,1,0,71,59,88,52,270,B,67.5,82.5,4.7
std-5192,female,group C,associate's degree,1,0,66,71,87,87,311,B,77.75,89.4,6.5
std-5193,female,group B,some college,1,1,71,30,100,45,246,C,61.5,78.4,2.1
std-5194,female,group A,bachelor's degree,1,1,76,100,85,60,321,A,80.25,85.6,7.0
std-5195,female,group A,some high school,1,1,57,65,89,88,299,B,74.75,73.4,11.7
std-5196,female,group B,some college,1,1,73,63,73,80,289,B,72.25,83.0,12.1
std-5197,female,group E,some college,0,0,29,77,71,38,215,C,53.75,80.5,8.3
std-5198,female,group C,some college,1,0,100,23,79,67,269,B,67.25,83.3,7.2
std-5199,female,group A,associate's degree,0,1,55,99,85,62,301,B,75.25,88.1,3.7
std-5200,female,group C,associate's degree,1,0,35,62,81,51,229,C,57.25,89.8,3.6
std-5201,female,group A,some college,0,1,81,46,67,93,287,B,71.75,90.3,12.3
std-5202,female,group C,associate's degree,1,1,55,78,90,68,291,B,72.75,82.8,13.2
std-5203,female,group A,some high school,1,0,66,77,98,79,320,A,80.0,74.0,10.7
std-5204,female,group B,associate's degree,1,1,67,90,95,92,344,A,86.0,81.2,9.8
std-5205,female,group B,some college,1,1,72,39,41,73,225,C,56.25,74.7,4.3
std-5206,female,group E,some college,1,0,57,77,90,91,315,B,78.75,86.4,7.1
std-5207,female,group C,some high school,1,0,90,55,90,36,271,B,67.75,76.2,6.2
std-5208,female,group B,some high school,1,1,35,76,59,68,238,C,59.5,69.4,11.8
std-5209,female,group C,high school,1,0,82,72,65,78,297,B,74.25,72.0,7.3
std-5210,female,group C,some college,1,0,71,62,43,83,259,B,64.75,64.7,5.9
std-5211,female,group B,bachelor's degree,0,0,67,59,87,71,284,B,71.0,79.5,6.6
std-5212,female,group C,bachelor's degree,1,0,87,82,90,78,337,A,84.25,72.7,8.7
std-5213,female,group B,some college,1,1,70,68,69,58,265,B,66.25,71.0,10.1
std-5214,female,group C,some college,1,1,73,32,89,63,257,B,64.25,75.8,6.5
std-5215,female,group D,some high school,1,1,27,23,86,100,236,C,59.0,65.6,5.2
std-5216,female,group B,some college,1,0,34,55,71,87,247,C,61.75,81.9,9.0
std-5217,female,group C,master's degree,1,0,50,67,55,30,202,C,50.5,81.5,0.4
std-5218,female,group D,high school,1,0,77,100,55,66,298,B,74.5,77.8,10.9
std-5219,female,group D,some college,0,1,53,53,86,33,225,C,56.25,72.8,2.8
std-5220,female,group B,some college,1,0,31,89,100,66,286,B,71.5,86.6,5.0
std-5221,female,group D,some high school,1,0,88,24,95,87,294,B,73.5,76.0,9.1
std-5222,female,group A,some high school,1,1,88,52,63,83,286,B,71.5,74.7,9.0
std-5223,female,group D,associate's degree,0,1,69,55,76,76,276,B,69.0,91.7,5.5
std-5224,female,group B,associate's degree,0,1,43,95,90,85,313,B,78.25,91.9,10.7
std-5225,female,group D,high school,0,0,50,56,76,63,245,C,61.25,83.8,5.7
std-5226,female,group C,some high school,1,0,79,66,88,78,311,B,77.75,92.2,6.6
std-5227,female,group D,associate's degree,1,0,28,32,59,98,217,C,54.25,58.3,3.3
std-5228,female,group E,bachelor's degree,0,0,44,61,90,90,285,B,71.25,93.9,6.4
std-5229,female,group C,associate's degree,1,0,77,72,100,87,336,A,84.0,89.4,6.2
std-5230,female,group D,high school,1,1,88,53,81,32,254,B,63.5,88.2,14.3
std-5231,female,group D,some college,1,1,75,86,84,91,336,A,84.0,89.4,9.6
std-5232,female,group A,bachelor's degree,0,1,76,84,84,44,288,B,72.0,82.4,8.1
std-5233,female,group D,master's degree,1,0,81,70,68,70,289,B,72.25,79.5,5.2
std-5234,female,group D,high school,1,0,73,89,98,47,307,B,76.75,86.8,11.4
std-5235,female,group C,high school,1,1,77,80,96,77,330,A,82.5,82.6,5.9
std-5236,female,group A,high school,1,0,31,68,58,84,241,C,60.25,85.8,6.3
std-5237,female,group D,some college,0,0,48,63,72,32,215,C,53.75,61.6,4.2
std-5238,female,group A,associate's degree,0,0,61,64,99,46,270,B,67.5,75.6,2.6
std-5239,female,group E,bachelor's degree,1,0,54,63,79,79,275,B,68.75,99.2,4.2
std-5240,female,group D,associate's degree,1,1,56,80,80,84,300,B,75.0,77.3,10.1
std-5241,female,group D,master's degree,1,0,88,74,85,67,314,B,78.5,81.9,5.0
std-5242,female,group D,bachelor's degree,1,0,100,84,70,84,338,A,84.5,78.1,8.4
std-5243,female,group B,some college,1,0,27,72,93,82,274,B,68.5,83.8,10.5
std-5244,female,group B,some high school,1,0,56,61,83,35,235,C,58.75,70.9,5.7
std-5245,female,group D,high school,1,1,59,64,59,84,266,B,66.5,78.4,4.9
std-5246,female,group B,some college,1,1,81,56,76,73,286,B,71.5,89.4,6.9
std-5247,female,group C,some high school,1,1,90,100,86,80,356,A,89.0,81.3,9.9
std-5248,female,group B,some high school,1,0,75,49,74,80,278,B,69.5,88.2,5.4
std-5249,female,group B,associate's degree,1,0,72,75,66,72,285,B,71.25,89.1,6.9
std-5250,female,group C,some high school,1,1,58,46,84,95,283,B,70.75,91.0,9.7
std-5251,female,group E,some college,0,0,66,48,58,75,247,C,61.75,79.8,9.9
std-5252,female,group D,high school,0,0,86,73,63,53,275,B,68.75,100.0,6.2
std-5253,female,group B,bachelor's degree,1,0,33,52,72,42,199,D,49.75,84.1,1.6
std-5254,female,group B,some high school,1,0,56,72,71,72,271,B,67.75,83.4,9.0
std-5255,female,group D,high school,1,0,33,85,61,76,255,B,63.75,71.3,8.9
std-5256,female,group B,associate's degree,1,1,91,45,68,78,282,B,70.5,80.6,9.5
std-5257,female,group C,some high school,1,0,53,67,82,75,277,B,69.25,93.8,5.7
std-5258,female,group D,some high school,0,0,56,46,75,100,277,B,69.25,96.4,7.8
std-5259,female,group A,bachelor's degree,1,1,87,98,65,84,334,A,83.5,99.0,9.6
std-5260,female,group C,some college,1,1,57,70,94,54,275,B,68.75,87.9,3.6
std-5261,female,group B,some high school,1,0,68,96,65,67,296,B,74.0,71.3,8.1
std-5262,female,group D,high school,1,0,100,37,53,76,266,B,66.5,84.5,8.3
std-5263,female,group C,some high school,1,0,60,75,82,59,276,B,69.0,69.8,9.9
std-5264,female,group C,some college,1,0,71,69,69,49,258,B,64.5,66.1,4.0
std-5265,female,group A,master's degree,0,1,67,74,73,45,259,B,64.75,81.7,8.9
std-5266,female,group C,some high school,0,1,84,63,99,64,310,B,77.5,88.5,10.2
std-5267,female,group D,bachelor's degree,0,0,83,56,72,96,307,B,76.75,91.6,7.2
std-5268,female,group E,some high school,1,1,50,73,95,34,252,B,63.0,83.4,8.5
std-5269,female,group D,some high school,1,1,51,74,91,67,283,B,70.75,86.3,9.0
std-5270,female,group A,some college,1,1,58,100,61,57,276,B,69.0,72.1,9.3
std-5271,female,group C,some high school,1,1,96,89,71,58,314,B,78.5,83.1,11.5
std-5272,female,group D,associate's degree,1,1,78,62,65,67,272,B,68.0,67.0,11.7
std-5273,female,group E,high school,0,0,47,99,83,96,325,A,81.25,67.0,5.5
std-5274,female,group B,some college,1,0,77,79,83,82,321,A,80.25,91.3,6.9
std-5275,female,group A,some high school,1,1,67,50,77,71,265,B,66.25,73.2,7.4
std-5276,female,group D,some college,1,1,76,100,74,63,313,B,78.25,91.8,8.2
std-5277,female,group D,associate's degree,1,0,67,68,42,27,204,C,51.0,84.9,0.5
std-5278,female,group B,some high school,1,0,46,85,63,58,252,B,63.0,73.4,5.8
std-5279,female,group C,some college,1,0,73,77,68,84,302,B,75.5,88.4,8.1
std-5280,female,group B,master's degree,1,0,73,52,65,74,264,B,66.0,74.0,5.6
std-5281,female,group D,some college,1,0,67,74,74,54,269,B,67.25,63.7,6.1
std-5282,female,group E,some high school,1,0,81,88,80,73,322,A,80.5,85.8,8.4
std-5283,female,group D,some college,1,1,69,85,41,64,259,B,64.75,75.3,11.9
std-5284,female,group E,some high school,1,0,76,55,77,69,277,B,69.25,77.1,5.2
std-5285,female,group A,associate's degree,1,1,27,89,98,62,276,B,69.0,98.7,5.8
std-5286,female,group A,associate's degree,1,0,90,76,53,98,317,B,79.25,70.6,7.0
std-5287,female,group C,some high school,0,1,66,73,59,33,231,C,57.75,80.7,12.4
std-5288,female,group D,associate's degree,1,0,77,73,71,67,288,B,72.0,73.0,3.6
std-5289,female,group A,associate's degree,1,1,75,65,76,32,248,C,62.0,86.8,9.7
std-5290,female,group C,associate's degree,1,0,61,69,85,87,302,B,75.5,85.8,9.8
std-5291,female,group D,some college,1,0,91,30,74,56,251,B,62.75,82.3,0.0
std-5292,female,group E,some high school,0,0,57,51,91,57,256,B,64.0,70.8,6.8
std-5293,female,group A,bachelor's degree,0,0,55,98,81,54,288,B,72.0,75.0,8.1
std-5294,female,group C,high school,1,1,98,48,71,75,292,B,73.0,90.6,8.5
std-5295,female,group D,associate's degree,0,0,50,91,81,45,267,B,66.75,96.1,4.4
std-5296,female,group C,some high school,0,0,100,36,92,67,295,B,73.75,86.8,5.2
std-5297,female,group B,master's degree,0,0,55,60,100,55,270,B,67.5,72.4,5.3
std-5298,female,group C,some college,0,1,88,53,35,67,243,C,60.75,81.2,7.2
std-5299,female,group B,some college,0,1,77,32,56,100,265,B,66.25,100.0,7.3
std-5300,female,group B,associate's degree,1,0,47,98,97,74,316,B,79.0,85.2,6.3
std-5301,female,group D,some high school,1,0,92,62,73,44,271,B,67.75,93.7,9.1
std-5302,female,group C,some college,1,0,60,69,43,73,245,C,61.25,71.7,2.5
std-5303,female,group A,some college,0,0,41,70,79,26,216,C,54.0,75.6,0.5
std-5304,female,group D,high school,1,1,63,57,58,34,212,C,53.0,81.2,10.3
std-5305,female,group D,some college,1,1,88,58,61,58,265,B,66.25,83.6,8.0
std-5306,female,group C,associate's degree,1,0,59,80,85,76,300,B,75.0,76.0,5.9
std-5307,female,group B,some high school,0,1,83,75,54,86,298,B,74.5,75.5,9.0
std-5308,female,group A,bachelor's degree,1,1,55,85,72,43,255,B,63.75,88.1,8.8
std-5309,female,group C,associate's degree,1,0,78,45,86,89,298,B,74.5,93.5,5.5
std-5310,female,group B,associate's degree,1,1,55,52,98,84,289,B,72.25,95.6,10.3
std-5311,female,group C,associate's degree,1,0,50,56,75,58,239,C,59.75,94.1,3.0
std-5312,female,group A,master's degree,1,0,96,26,100,69,291,B,72.75,83.4,5.9
std-5313,female,group D,bachelor's degree,1,1,62,56,100,58,276,B,69.0,78.1,3.2
std-5314,female,group B,some college,1,0,57,30,83,68,238,C,59.5,89.9,8.3
std-5315,female,group C,some high school,1,0,34,47,69,88,238,C,59.5,84.2,4.9
std-5316,female,group C,bachelor's degree,1,0,50,84,58,90,282,B,70.5,72.6,8.1
std-5317,female,group C,some high school,1,0,40,84,59,96,279,B,69.75,71.9,7.5
std-5318,female,group E,some college,1,0,63,67,89,72,291,B,72.75,86.6,8.0
std-5319,female,group A,high school,1,0,91,74,60,73,298,B,74.5,81.2,6.8
std-5320,female,group B,high school,0,1,80,100,70,66,316,B,79.0,84.0,10.7
std-5321,female,group E,some high school,1,1,85,37,57,61,240,C,60.0,87.6,5.5
std-5322,female,group C,some high school,0,0,74,58,64,80,276,B,69.0,87.8,3.3
std-5323,female,group C,bachelor's degree,1,0,78,77,77,83,315,B,78.75,96.1,6.9
std-5324,female,group C,associate's degree,0,1,65,43,38,94,240,C,60.0,60.6,6.2
std-5325,female,group C,bachelor's degree,1,0,79,97,96,85,357,A,89.25,89.9,11.7
std-5326,female,group A,some college,0,1,48,66,48,75,237,C,59.25,84.0,8.8
std-5327,female,group E,high school,0,1,56,55,100,54,265,B,66.25,66.3,6.7
std-5328,female,group C,some high school,1,1,63,88,77,87,315,B,78.75,78.3,9.0
std-5329,female,group E,master's degree,1,0,73,65,54,58,250,B,62.5,71.2,6.0
std-5330,female,group C,high school,0,0,57,35,72,77,241,C,60.25,78.2,5.3
std-5331,female,group C,some college,0,0,77,58,88,92,315,B,78.75,98.8,7.9
std-5332,female,group B,some high school,0,1,54,42,68,100,264,B,66.0,98.1,8.7
std-5333,female,group B,bachelor's degree,1,1,65,47,75,94,281,B,70.25,74.0,5.4
std-5334,female,group C,some college,0,1,100,36,93,83,312,B,78.0,88.6,4.2
std-5335,female,group B,some high school,0,0,54,93,28,38,213,C,53.25,80.7,3.8
std-5336,female,group D,master's degree,1,0,65,88,94,46,293,B,73.25,85.8,8.1
std-5337,female,group E,some high school,1,1,44,53,100,57,254,B,63.5,82.7,7.3
std-5338,female,group B,some high school,0,1,53,63,77,60,253,B,63.25,81.8,11.3
std-5339,female,group E,some high school,0,0,43,81,97,46,267,B,66.75,95.4,5.9
std-5340,female,group B,associate's degree,1,0,93,69,48,75,285,B,71.25,91.6,9.9
std-5341,female,group A,high school,0,0,83,70,80,73,306,B,76.5,73.9,9.9
std-5342,female,group C,some college,0,0,93,74,96,55,318,B,79.5,91.6,9.9
std-5343,female,group C,some college,0,0,34,86,73,85,278,B,69.5,89.1,3.3
std-5344,female,group A,associate's degree,1,1,41,100,78,58,277,B,69.25,83.8,8.8
std-5345,female,group E,some high school,0,1,36,62,59,97,254,B,63.5,89.3,11.3
std-5346,female,group C,some high school,1,0,27,65,57,73,222,C,55.5,78.2,5.7
std-5347,female,group C,associate's degree,1,1,53,74,49,75,251,B,62.75,80.7,9.6
std-5348,female,group B,some college,1,0,96,42,87,89,314,B,78.5,85.2,3.7
std-5349,female,group B,some college,1,0,34,59,60,66,219,C,54.75,58.0,9.7
std-5350,female,group D,bachelor's degree,0,0,27,40,94,71,232,C,58.0,76.6,3.2
std-5351,female,group C,high school,1,0,69,94,41,79,283,B,70.75,75.5,1.4
std-5352,female,group C,high school,0,1,41,93,64,49,247,C,61.75,67.9,7.2
std-5353,female,group C,high school,1,1,71,57,80,93,301,B,75.25,95.9,3.2
std-5354,female,group D,associate's degree,1,0,60,41,88,93,282,B,70.5,86.0,3.7
std-5355,female,group E,high school,1,0,27,79,74,80,260,B,65.0,79.3,12.3
std-5356,female,group C,some college,0,0,63,93,64,71,291,B,72.75,77.1,5.7
std-5357,female,group B,some college,0,0,69,95,100,66,330,A,82.5,88.1,4.0
std-5358,female,group D,high school,0,0,69,100,80,60,309,B,77.25,92.6,7.1
std-5359,female,group E,associate's degree,1,0,41,45,100,65,251,B,62.75,71.4,3.4
std-5360,female,group A,high school,1,0,74,58,59,68,259,B,64.75,79.5,8.0
std-5361,female,group C,high school,0,1,54,100,79,54,287,B,71.75,89.7,6.8
std-5362,female,group C,high school,0,0,65,38,51,80,234,C,58.5,60.0,5.9
std-5363,female,group E,associate's degree,0,0,92,87,54,57,290,B,72.5,81.6,3.7
std-5364,female,group B,bachelor's degree,0,0,64,40,94,52,250,B,62.5,74.9,12.1
std-5365,female,group D,some high school,1,1,45,78,95,85,303,B,75.75,82.0,10.7
std-5366,female,group D,some high school,0,1,74,61,86,79,300,B,75.0,78.4,9.0
std-5367,female,group B,associate's degree,1,0,57,38,89,52,236,C,59.0,78.9,4.6
std-5368,female,group C,associate's degree,0,1,68,53,95,40,256,B,64.0,96.6,6.9
std-5369,female,group C,bachelor's degree,0,1,83,74,64,50,271,B,67.75,77.6,6.7
std-5370,female,group D,associate's degree,1,1,82,55,77,47,261,B,65.25,82.3,6.4
std-5371,female,group D,some high school,1,0,94,45,76,39,254,B,63.5,97.1,9.9
std-5372,female,group C,some high school,1,0,63,73,68,67,271,B,67.75,75.6,4.8
std-5373,female,group B,some college,1,1,43,40,81,69,233,C,58.25,93.7,2.4
std-5374,female,group C,some high school,1,0,54,64,94,58,270,B,67.5,80.5,3.2
std-5375,female,group C,some high school,0,0,61,32,81,88,262,B,65.5,95.8,8.3
std-5376,female,group D,high school,1,1,27,73,78,82,260,B,65.0,86.4,7.8
std-5377,female,group A,some high school,1,1,53,72,56,100,281,B,70.25,84.1,8.5
std-5378,female,group C,some high school,1,1,49,93,76,74,292,B,73.0,81.7,12.1
std-5379,female,group B,master's degree,1,0,62,78,82,78,300,B,75.0,77.3,4.9
std-5380,female,group A,some college,1,1,69,68,44,56,237,C,59.25,78.4,9.4
std-5381,female,group C,some college,0,0,72,72,70,65,279,B,69.75,89.3,4.7
std-5382,female,group A,associate's degree,0,0,67,43,91,70,271,B,67.75,80.4,7.6
std-5383,female,group C,high school,1,1,74,84,72,96,326,A,81.5,82.2,9.0
std-5384,female,group E,master's degree,1,0,27,77,71,83,258,B,64.5,77.2,5.2
std-5385,female,group C,high school,1,0,63,89,80,89,321,A,80.25,93.6,9.4
std-5386,female,group E,bachelor's degree,0,0,60,66,87,80,293,B,73.25,93.4,8.5
std-5387,female,group B,bachelor's degree,1,1,92,62,80,62,296,B,74.0,76.6,8.8
std-5388,female,group A,some college,1,1,88,84,80,62,314,B,78.5,78.1,8.5
std-5389,female,group C,some high school,1,0,60,90,65,77,292,B,73.0,85.7,10.6
std-5390,female,group C,some high school,1,0,69,95,72,34,270,B,67.5,94.2,7.6
std-5391,female,group C,high school,0,1,65,46,58,69,238,C,59.5,88.1,6.9
std-5392,female,group D,associate's degree,1,0,76,53,64,62,255,B,63.75,67.9,4.1
std-5393,female,group C,some high school,0,0,92,77,87,42,298,B,74.5,80.4,9.3
std-5394,female,group C,some college,1,0,95,58,84,86,323,A,80.75,76.4,7.7
std-5395,female,group D,high school,1,0,60,55,83,31,229,C,57.25,74.6,4.7
std-5396,female,group D,some college,1,0,65,93,95,63,316,B,79.0,98.7,7.5
std-5397,female,group E,associate's degree,1,0,75,81,61,68,285,B,71.25,68.9,7.3
std-5398,female,group D,bachelor's degree,1,0,95,42,83,57,277,B,69.25,66.4,6.1
std-5399,female,group E,associate's degree,1,0,76,54,61,71,262,B,65.5,72.3,8.9
std-5400,female,group D,some high school,0,1,61,91,100,50,302,B,75.5,85.7,12.5
std-5401,female,group C,high school,1,1,48,53,96,98,295,B,73.75,88.1,10.5
std-5402,female,group D,high school,0,0,96,52,97,42,287,B,71.75,85.8,10.0
std-5403,female,group C,bachelor's degree,0,0,67,75,46,84,272,B,68.0,91.2,6.2
std-5404,female,group C,associate's degree,0,0,89,28,46,41,204,C,51.0,59.1,6.3
std-5405,female,group D,some high school,1,0,47,68,49,89,253,B,63.25,89.7,8.2
std-5406,female,group A,high school,1,0,43,64,37,31,175,D,43.75,69.8,6.4
std-5407,female,group B,associate's degree,1,0,52,57,100,69,278,B,69.5,87.7,8.6
std-5408,female,group C,bachelor's degree,1,0,64,72,70,59,265,B,66.25,68.1,7.6
std-5409,female,group B,some high school,1,0,80,57,77,98,312,B,78.0,84.0,12.0
std-5410,female,group B,some high school,1,1,47,64,94,87,292,B,73.0,84.4,7.8
std-5411,female,group A,associate's degree,1,0,82,43,78,53,256,B,64.0,89.7,5.4
std-5412,female,group C,master's degree,1,1,54,87,39,58,238,C,59.5,63.5,7.3
std-5413,female,group C,some college,1,0,58,57,65,98,278,B,69.5,81.4,5.4
std-5414,female,group B,master's degree,0,0,27,76,68,29,200,C,50.0,64.9,0.0
std-5415,female,group D,associate's degree,0,0,63,92,60,71,286,B,71.5,86.3,9.9
std-5416,female,group E,some high school,1,1,97,58,45,30,230,C,57.5,84.1,5.1
std-5417,female,group D,some high school,1,1,57,48,63,89,257,B,64.25,90.9,8.7
std-5418,female,group D,some college,1,0,79,57,92,88,316,B,79.0,79.4,3.7
std-5419,female,group A,high school,1,1,40,68,72,72,252,B,63.0,87.3,9.8
std-5420,female,group E,associate's degree,1,1,45,77,72,64,258,B,64.5,91.7,6.4
std-5421,female,group C,bachelor's degree,1,1,49,77,91,74,291,B,72.75,67.4,6.3
std-5422,female,group D,associate's degree,1,0,65,86,72,73,296,B,74.0,88.1,7.2
std-5423,female,group D,some college,1,1,52,46,82,80,260,B,65.0,88.2,6.6
std-5424,female,group C,some college,0,0,76,84,66,45,271,B,67.75,78.2,4.7
std-5425,female,group D,associate's degree,1,1,32,86,70,35,223,C,55.75,65.6,7.9
std-5426,female,group D,associate's degree,0,0,65,56,90,54,265,B,66.25,88.5,8.0
std-5427,female,group D,associate's degree,1,1,60,70,85,64,279,B,69.75,70.4,6.8
std-5428,female,group E,some college,0,1,65,56,70,78,269,B,67.25,78.7,6.1
std-5429,female,group C,bachelor's degree,1,0,60,61,100,95,316,B,79.0,83.9,7.3
std-5430,female,group D,associate's degree,1,0,100,42,59,78,279,B,69.75,87.6,7.7
std-5431,female,group C,high school,0,0,57,92,75,91,315,B,78.75,78.5,10.8
std-5432,female,group D,some high school,0,1,41,80,97,77,295,B,73.75,76.3,6.5
std-5433,female,group B,bachelor's degree,1,0,97,45,83,89,314,B,78.5,85.0,6.4
std-5434,female,group D,some high school,1,1,76,57,74,100,307,B,76.75,92.6,12.4
std-5435,female,group A,high school,1,1,58,88,83,84,313,B,78.25,100.0,14.6
std-5436,female,group E,bachelor's degree,1,0,30,96,93,57,276,B,69.0,67.4,3.8
std-5437,female,group B,associate's degree,1,1,44,56,97,95,292,B,73.0,85.1,7.3
std-5438,female,group E,high school,0,0,100,79,83,56,318,B,79.5,74.6,8.2
std-5439,female,group D,associate's degree,1,1,70,55,91,88,304,B,76.0,92.4,8.0
std-5440,female,group B,high school,0,0,100,55,92,33,280,B,70.0,72.8,4.5
std-5441,female,group A,some high school,0,1,58,67,81,81,287,B,71.75,75.8,9.6
std-5442,female,group C,bachelor's degree,1,1,84,84,87,73,328,A,82.0,79.9,13.9
std-5443,female,group E,high school,1,1,81,72,41,56,250,B,62.5,78.1,4.9
std-5444,female,group D,associate's degree,1,1,59,62,70,52,243,C,60.75,81.1,11.7
std-5445,female,group C,bachelor's degree,1,0,75,67,66,90,298,B,74.5,87.1,5.3
std-5446,female,group C,some high school,1,0,59,86,58,84,287,B,71.75,81.8,7.4
std-5447,female,group D,master's degree,1,1,46,73,96,64,279,B,69.75,69.2,12.8
std-5448,female,group D,some high school,1,1,77,38,87,69,271,B,67.75,87.1,9.5
std-5449,female,group A,associate's degree,0,0,94,50,28,76,248,C,62.0,78.1,4.9
std-5450,female,group D,some high school,0,0,64,97,58,87,306,B,76.5,93.9,8.8
std-5451,female,group E,high school,1,0,74,80,74,68,296,B,74.0,76.2,6.3
std-5452,female,group D,associate's degree,1,0,61,76,72,63,272,B,68.0,66.2,7.5
std-5453,female,group A,master's degree,0,1,54,87,86,74,301,B,75.25,82.7,8.8
std-5454,female,group B,associate's degree,1,0,87,93,64,62,306,B,76.5,95.1,9.1
std-5455,female,group D,some high school,1,1,59,70,59,51,239,C,59.75,79.3,4.4
std-5456,female,group A,some high school,1,1,34,72,63,77,246,C,61.5,76.7,5.5
std-5457,female,group D,high school,0,0,72,48,99,70,289,B,72.25,74.2,3.1
std-5458,female,group E,bachelor's degree,0,1,67,88,91,83,329,A,82.25,100.0,9.9
std-5459,female,group C,some high school,0,1,80,37,82,76,275,B,68.75,71.6,4.9
std-5460,female,group C,associate's degree,1,1,93,43,71,92,299,B,74.75,76.3,7.6
std-5461,female,group B,some high school,1,0,49,35,91,54,229,C,57.25,82.2,2.4
std-5462,female,group D,associate's degree,1,0,63,71,41,70,245,C,61.25,61.7,9.2
std-5463,female,group C,associate's degree,0,0,43,72,94,62,271,B,67.75,92.0,3.7
std-5464,female,group E,some college,1,0,61,70,79,93,303,B,75.75,88.8,3.7
std-5465,female,group E,some college,1,0,59,81,88,82,310,B,77.5,91.8,7.7
std-5466,female,group B,some college,1,0,87,93,60,37,277,B,69.25,86.0,10.5
std-5467,female,group D,associate's degree,0,0,48,45,45,49,187,D,46.75,72.1,3.9
std-5468,female,group D,some college,1,0,61,71,75,31,238,C,59.5,68.2,5.3
std-5469,female,group A,some college,0,0,95,47,46,82,270,B,67.5,79.2,9.4
std-5470,female,group A,high school,1,0,71,26,94,42,233,C,58.25,68.6,7.4
std-5471,female,group D,some college,1,1,52,85,70,39,246,C,61.5,82.8,9.1
std-5472,female,group D,high school,1,1,53,41,73,64,231,C,57.75,84.5,6.2
std-5473,female,group B,bachelor's degree,1,0,52,72,76,69,269,B,67.25,93.6,7.2
std-5474,female,group E,some high school,1,1,51,89,85,68,293,B,73.25,85.7,5.8
std-5475,female,group A,some high school,1,1,62,86,90,59,297,B,74.25,91.0,7.7
std-5476,female,group B,some high school,0,1,74,66,89,59,288,B,72.0,79.2,12.6
std-5477,female,group A,high school,1,0,55,85,70,45,255,B,63.75,74.9,9.0
std-5478,female,group D,associate's degree,1,0,49,76,75,88,288,B,72.0,86.2,7.6
std-5479,female,group C,some high school,1,0,33,79,81,59,252,B,63.0,75.5,0.9
std-5480,female,group E,master's degree,1,1,84,67,78,59,288,B,72.0,84.3,6.0
std-5481,female,group A,some college,0,0,32,73,74,93,272,B,68.0,71.0,4.5
std-5482,female,group C,high school,1,1,89,80,75,90,334,A,83.5,77.8,9.7
std-5483,female,group D,master's degree,1,0,70,98,69,72,309,B,77.25,89.4,3.9
std-5484,female,group C,some college,0,1,49,54,100,77,280,B,70.0,89.2,8.2
std-5485,female,group B,some college,0,1,67,78,81,25,251,B,62.75,70.0,12.6
std-5486,female,group C,high school,1,1,51,65,34,70,220,C,55.0,82.3,8.4
std-5487,female,group A,some high school,1,1,71,63,57,45,236,C,59.0,72.8,8.4
std-5488,female,group E,some high school,1,1,61,55,98,65,279,B,69.75,81.3,6.3
std-5489,female,group A,bachelor's degree,1,0,81,79,77,65,302,B,75.5,95.8,2.8
std-5490,female,group B,some college,1,1,72,74,91,39,276,B,69.0,88.2,5.7
std-5491,female,group D,some college,1,0,44,41,70,79,234,C,58.5,84.6,1.1
std-5492,female,group A,some high school,0,0,72,66,62,58,258,B,64.5,96.6,6.0
std-5493,female,group C,master's degree,0,1,44,83,56,72,255,B,63.75,72.9,9.2
std-5494,female,group C,bachelor's degree,1,0,60,100,80,85,325,A,81.25,76.1,5.0
std-5495,female,group D,some college,1,1,67,50,96,68,281,B,70.25,74.8,9.3
std-5496,female,group C,bachelor's degree,0,0,27,100,74,88,289,B,72.25,79.7,10.2
std-5497,female,group C,high school,1,1,64,51,82,60,257,B,64.25,58.2,13.2
std-5498,female,group C,some high school,1,0,60,61,65,94,280,B,70.0,79.4,8.3
std-5499,female,group C,high school,1,0,90,88,82,54,314,B,78.5,79.2,6.7
std-5500,female,group C,high school,0,0,71,76,67,94,308,B,77.0,90.6,8.9
std-5501,female,group E,some college,1,1,76,48,100,55,279,B,69.75,84.3,12.2
std-5502,female,group C,some high school,1,1,60,64,78,78,280,B,70.0,75.9,3.8
std-5503,female,group C,high school,1,1,84,84,97,82,347,A,86.75,92.1,14.1
std-5504,female,group B,high school,1,0,83,75,56,41,255,B,63.75,85.7,4.4
std-5505,female,group D,master's degree,1,0,95,47,88,100,330,A,82.5,78.5,6.2
std-5506,female,group C,some college,0,0,94,56,82,39,271,B,67.75,76.1,5.3
std-5507,female,group B,some college,1,0,78,85,86,42,291,B,72.75,62.1,7.4
std-5508,female,group C,high school,0,0,50,68,69,69,256,B,64.0,69.5,3.0
std-5509,female,group E,some high school,1,1,35,52,85,81,253,B,63.25,72.3,7.5
std-5510,female,group C,some college,0,0,55,100,30,60,245,C,61.25,79.0,6.8
std-5511,female,group C,some high school,1,1,64,69,57,79,269,B,67.25,71.8,9.1
std-5512,female,group E,some college,0,0,40,99,100,84,323,A,80.75,80.2,8.3
std-5513,female,group D,some high school,1,0,82,65,90,71,308,B,77.0,72.5,6.2
std-5514,female,group E,high school,1,1,53,68,100,63,284,B,71.0,83.1,10.7
std-5515,female,group B,some high school,0,0,96,61,85,68,310,B,77.5,87.6,9.7
std-5516,female,group C,some college,0,0,66,90,81,87,324,A,81.0,88.5,9.9
std-5517,female,group B,some college,1,0,75,30,55,90,250,B,62.5,78.9,6.7
std-5518,female,group C,high school,1,0,82,90,69,65,306,B,76.5,69.5,9.3
std-5519,female,group C,some high school,0,1,74,69,80,75,298,B,74.5,77.2,11.5
std-5520,female,group D,bachelor's degree,1,0,75,66,93,74,308,B,77.0,79.9,13.7
std-5521,female,group D,some high school,1,1,62,83,89,52,286,B,71.5,78.1,12.0
std-5522,female,group B,associate's degree,1,1,75,37,100,62,274,B,68.5,81.4,8.5
std-5523,female,group E,some college,0,0,72,42,79,83,276,B,69.0,93.8,4.0
std-5524,female,group D,high school,1,1,70,23,100,98,291,B,72.75,89.5,8.5
std-5525,female,group C,some high school,1,1,64,69,69,78,280,B,70.0,72.4,8.0
std-5526,female,group C,master's degree,0,1,70,72,59,81,282,B,70.5,87.5,10.2
std-5527,female,group E,some high school,0,0,68,66,57,80,271,B,67.75,86.3,4.4
std-5528,female,group D,bachelor's degree,1,1,57,70,54,66,247,C,61.75,71.3,11.1
std-5529,female,group C,some college,1,0,53,23,100,70,246,C,61.5,86.1,2.1
std-5530,female,group C,some college,1,0,66,61,55,79,261,B,65.25,78.2,1.8
std-5531,female,group B,associate's degree,0,0,78,58,83,43,262,B,65.5,67.1,5.6
std-5532,female,group A,some high school,1,1,36,78,100,99,313,B,78.25,88.1,7.5
std-5533,female,group C,some college,1,1,75,97,93,90,355,A,88.75,89.4,7.5
std-5534,female,group C,some college,1,1,56,82,90,52,280,B,70.0,79.2,7.3
std-5535,female,group C,master's degree,1,0,44,33,66,36,179,D,44.75,72.6,2.1
std-5536,female,group E,high school,1,0,92,63,76,75,306,B,76.5,76.9,7.0
std-5537,female,group C,some high school,1,0,27,97,99,84,307,B,76.75,89.0,5.4
std-5538,female,group E,some college,1,0,77,65,73,81,296,B,74.0,82.2,5.4
std-5539,female,group B,some high school,1,0,65,79,94,83,321,A,80.25,86.1,7.3
std-5540,female,group A,associate's degree,1,0,82,69,40,78,269,B,67.25,83.6,8.6
std-5541,female,group A,some high school,1,1,50,53,92,87,282,B,70.5,71.0,12.6
std-5542,female,group D,associate's degree,1,0,28,45,100,78,251,B,62.75,70.8,6.0
std-5543,female,group E,high school,0,0,67,100,42,69,278,B,69.5,61.2,6.9
std-5544,female,group D,associate's degree,0,1,41,51,82,76,250,B,62.5,83.9,7.7
std-5545,female,group E,high school,1,0,53,95,80,81,309,B,77.25,72.7,8.2
std-5546,female,group D,high school,1,1,69,79,88,68,304,B,76.0,84.4,10.4
std-5547,female,group C,bachelor's degree,1,1,38,87,66,75,266,B,66.5,83.4,11.8
std-5548,female,group C,some high school,0,1,63,49,73,61,246,C,61.5,83.9,3.3
std-5549,female,group A,high school,1,1,58,80,82,76,296,B,74.0,71.7,8.7
std-5550,female,group B,some high school,1,0,52,52,49,84,237,C,59.25,77.1,6.2
std-5551,female,group D,high school,1,0,77,97,81,74,329,A,82.25,100.0,7.5
std-5552,female,group C,high school,1,1,69,64,100,84,317,B,79.25,99.7,7.4
std-5553,female,group C,master's degree,0,0,75,90,38,68,271,B,67.75,89.4,2.9
std-5554,female,group C,high school,1,1,35,58,64,53,210,C,52.5,78.5,9.2
std-5555,female,group D,some high school,0,0,42,72,88,74,276,B,69.0,71.9,4.4
std-5556,female,group E,high school,1,0,76,56,78,66,276,B,69.0,87.4,1.9
std-5557,female,group D,associate's degree,1,1,47,59,87,90,283,B,70.75,80.1,11.1
std-5558,female,group C,some college,0,1,63,40,98,81,282,B,70.5,86.5,10.1
std-5559,female,group B,associate's degree,1,0,68,44,82,70,264,B,66.0,74.2,5.7
std-5560,female,group B,master's degree,1,1,59,66,84,91,300,B,75.0,81.4,7.0
std-5561,female,group C,high school,0,0,31,62,67,44,204,C,51.0,76.5,4.3
std-5562,female,group D,associate's degree,1,0,65,82,97,66,310,B,77.5,86.0,10.1
std-5563,female,group D,associate's degree,1,1,52,36,59,73,220,C,55.0,80.7,3.4
std-5564,female,group E,some high school,0,0,87,70,84,73,314,B,78.5,78.9,3.3
std-5565,female,group A,high school,0,0,44,76,81,37,238,C,59.5,65.7,3.8
std-5566,female,group E,bachelor's degree,1,0,49,50,100,61,260,B,65.0,94.2,5.8
std-5567,female,group C,some high school,1,0,46,100,80,81,307,B,76.75,100.0,5.8
std-5568,female,group B,some college,1,0,71,62,69,48,250,B,62.5,82.8,7.3
std-5569,female,group E,some college,1,0,84,78,99,77,338,A,84.5,74.1,10.5
std-5570,female,group D,some high school,0,0,94,56,33,34,217,C,54.25,69.1,5.6
std-5571,female,group D,high school,1,1,35,51,100,90,276,B,69.0,85.5,10.2
std-5572,female,group C,associate's degree,1,0,60,96,76,85,317,B,79.25,96.4,7.9
std-5573,female,group D,some high school,0,0,78,63,76,62,279,B,69.75,70.3,6.4
std-5574,female,group D,master's degree,1,1,58,69,77,70,274,B,68.5,79.6,5.5
std-5575,female,group B,some high school,0,1,72,34,71,92,269,B,67.25,82.1,6.0
std-5576,female,group C,associate's degree,0,1,59,68,96,84,307,B,76.75,91.3,6.1
std-5577,female,group D,some college,1,1,89,71,100,64,324,A,81.0,81.8,9.5
std-5578,female,group C,master's degree,1,0,47,84,100,81,312,B,78.0,69.8,7.7
std-5579,female,group E,high school,1,0,74,82,70,85,311,B,77.75,89.4,3.5
std-5580,female,group D,associate's degree,0,1,95,55,74,28,252,B,63.0,89.1,8.4
std-5581,female,group C,master's degree,1,0,84,71,56,97,308,B,77.0,82.8,4.8
std-5582,female,group C,some high school,1,1,85,94,89,50,318,B,79.5,88.1,7.1
std-5583,female,group D,high school,1,0,28,77,87,65,257,B,64.25,75.1,4.3
std-5584,female,group E,high school,1,0,71,60,82,74,287,B,71.75,74.2,3.7
std-5585,female,group C,some college,1,1,74,74,82,35,265,B,66.25,89.3,10.0
std-5586,female,group D,some high school,0,0,96,40,100,57,293,B,73.25,85.8,6.2
std-5587,female,group D,some high school,1,1,64,51,73,58,246,C,61.5,82.9,10.1
std-5588,female,group C,high school,0,0,100,72,72,84,328,A,82.0,98.7,6.4
std-5589,female,group B,some high school,1,0,72,79,93,48,292,B,73.0,72.8,5.6
std-5590,female,group B,associate's degree,1,1,75,52,83,47,257,B,64.25,74.4,13.0
std-5591,female,group D,some high school,1,1,63,72,79,94,308,B,77.0,85.0,5.5
std-5592,female,group E,high school,1,1,91,60,79,61,291,B,72.75,77.1,12.3
std-5593,female,group D,high school,0,0,76,48,60,57,241,C,60.25,85.1,9.6
std-5594,female,group B,some high school,1,0,42,60,98,95,295,B,73.75,80.8,8.6
std-5595,female,group D,high school,1,0,88,63,78,65,294,B,73.5,73.5,5.9
std-5596,female,group A,some college,1,0,64,46,63,61,234,C,58.5,78.0,8.8
std-5597,female,group A,master's degree,1,1,62,67,100,100,329,A,82.25,86.8,9.2
std-5598,female,group A,some high school,1,0,83,34,30,50,197,D,49.25,82.8,2.6
std-5599,female,group C,bachelor's degree,0,0,54,54,75,66,249,C,62.25,82.2,4.7
std-5600,female,group C,some college,1,0,50,100,70,77,297,B,74.25,86.8,5.3
std-5601,female,group D,some high school,1,0,68,74,92,75,309,B,77.25,86.5,4.7
std-5602,female,group A,some high school,1,1,73,71,90,61,295,B,73.75,80.8,12.0
std-5603,female,group A,high school,1,0,83,41,83,67,274,B,68.5,74.3,4.3
std-5604,female,group B,some high school,1,1,78,32,100,99,309,B,77.25,86.3,9.5
std-5605,female,group D,associate's degree,0,0,99,41,80,56,276,B,69.0,77.9,2.7
std-5606,female,group E,high school,1,1,82,67,67,59,275,B,68.75,96.1,8.8
std-5607,female,group B,master's degree,1,1,76,65,68,74,283,B,70.75,93.6,6.0
std-5608,female,group C,master's degree,1,0,60,66,93,60,279,B,69.75,86.9,3.4
std-5609,female,group B,some college,1,0,85,72,97,69,323,A,80.75,88.2,7.1
std-5610,female,group C,high school,1,1,46,73,100,61,280,B,70.0,80.5,11.5
std-5611,female,group B,master's degree,1,0,70,51,48,80,249,C,62.25,67.3,6.7
std-5612,female,group A,bachelor's degree,0,1,94,74,88,82,338,A,84.5,84.1,11.5
std-5613,female,group C,bachelor's degree,0,1,66,94,95,77,332,A,83.0,86.5,9.8
std-5614,female,group D,some college,0,0,37,45,85,96,263,B,65.75,81.9,5.1
std-5615,female,group E,associate's degree,1,0,74,77,66,56,273,B,68.25,84.9,8.2
std-5616,female,group C,some college,1,0,87,94,91,94,366,A,91.5,96.7,7.0
std-5617,female,group B,associate's degree,1,0,59,65,96,85,305,B,76.25,77.1,9.0
std-5618,female,group D,some college,0,1,33,92,75,85,285,B,71.25,75.5,12.1
std-5619,female,group B,some high school,1,0,55,49,74,35,213,C,53.25,88.8,2.7
std-5620,female,group C,some high school,1,0,31,90,87,90,298,B,74.5,89.7,5.0
std-5621,female,group B,some college,1,0,53,79,59,67,258,B,64.5,75.9,4.5
std-5622,female,group E,bachelor's degree,1,1,63,67,88,81,299,B,74.75,81.9,5.6
std-5623,female,group D,bachelor's degree,1,1,75,88,79,62,304,B,76.0,82.3,8.3
std-5624,female,group E,associate's degree,1,0,78,51,67,78,274,B,68.5,81.0,9.5
std-5625,female,group A,some high school,1,0,57,51,51,66,225,C,56.25,81.0,2.4
std-5626,female,group B,high school,1,0,58,54,85,52,249,C,62.25,100.0,8.9
std-5627,female,group B,high school,1,1,95,85,77,73,330,A,82.5,87.1,9.0
std-5628,female,group C,some high school,1,1,61,92,48,49,250,B,62.5,84.7,13.4
std-5629,female,group B,associate's degree,1,0,82,78,97,79,336,A,84.0,70.7,6.0
std-5630,female,group B,some high school,1,0,53,84,67,90,294,B,73.5,78.1,6.3
std-5631,female,group C,high school,1,0,49,63,67,58,237,C,59.25,88.8,3.1
std-5632,female,group A,high school,1,0,70,93,75,60,298,B,74.5,86.4,5.1
std-5633,female,group C,associate's degree,1,1,35,50,100,96,281,B,70.25,41.8,12.2
std-5634,female,group D,bachelor's degree,1,1,58,56,88,50,252,B,63.0,85.0,9.4
std-5635,female,group D,some high school,1,0,48,45,74,46,213,C,53.25,93.0,7.3
std-5636,female,group C,bachelor's degree,1,1,75,85,81,98,339,A,84.75,68.2,7.0
std-5637,female,group B,some college,1,1,74,78,93,90,335,A,83.75,99.5,11.8
std-5638,female,group D,bachelor's degree,1,1,50,37,93,82,262,B,65.5,54.8,6.0
std-5639,female,group A,some college,1,0,38,55,62,70,225,C,56.25,85.2,1.7
std-5640,female,group D,some college,0,0,86,44,58,62,250,B,62.5,78.7,6.2
std-5641,female,group B,bachelor's degree,1,1,78,41,56,87,262,B,65.5,58.6,9.0
std-5642,female,group C,some college,1,1,93,79,61,62,295,B,73.75,86.5,9.3
std-5643,female,group B,associate's degree,0,0,61,88,87,71,307,B,76.75,93.9,8.8
std-5644,female,group B,some high school,0,0,63,96,87,46,292,B,73.0,85.5,8.8
std-5645,female,group D,high school,1,1,48,63,57,54,222,C,55.5,81.7,11.2
std-5646,female,group D,some college,1,0,90,94,50,80,314,B,78.5,80.4,4.2
std-5647,female,group A,some high school,1,1,71,84,73,75,303,B,75.75,66.4,13.2
std-5648,female,group C,associate's degree,0,0,81,50,100,63,294,B,73.5,88.6,11.4
std-5649,female,group C,some college,0,0,84,66,84,81,315,B,78.75,99.9,6.3
std-5650,female,group D,associate's degree,1,1,50,74,64,52,240,C,60.0,88.1,3.7
std-5651,female,group B,some college,1,0,57,45,47,74,223,C,55.75,58.7,1.6
std-5652,female,group B,some college,0,0,79,44,69,100,292,B,73.0,68.6,5.5
std-5653,female,group E,some high school,1,0,92,72,76,52,292,B,73.0,74.6,11.7
std-5654,female,group D,some high school,1,0,100,56,86,48,290,B,72.5,67.8,6.6
std-5655,female,group E,bachelor's degree,0,0,72,78,42,58,250,B,62.5,79.2,4.1
std-5656,female,group D,bachelor's degree,1,0,48,71,81,63,263,B,65.75,83.4,4.2
std-5657,female,group C,some college,1,0,87,58,67,79,291,B,72.75,69.3,3.3
std-5658,female,group D,some college,1,0,62,80,56,67,265,B,66.25,87.0,8.2
std-5659,female,group D,high school,0,0,45,78,96,37,256,B,64.0,84.7,5.6
std-5660,female,group C,some high school,0,0,27,79,71,42,219,C,54.75,71.3,10.2
std-5661,female,group D,high school,1,0,63,71,100,51,285,B,71.25,80.1,8.0
std-5662,female,group C,high school,1,0,75,79,77,84,315,B,78.75,66.6,9.3
std-5663,female,group C,some college,0,1,62,43,95,95,295,B,73.75,79.5,8.6
std-5664,female,group B,associate's degree,1,0,66,89,67,67,289,B,72.25,82.1,3.8
std-5665,female,group C,high school,1,1,27,43,78,100,248,C,62.0,80.1,5.9
std-5666,female,group C,some college,0,0,32,79,40,53,204,C,51.0,78.4,1.1
std-5667,female,group D,some college,0,1,72,62,53,57,244,C,61.0,80.5,10.3
std-5668,female,group B,associate's degree,1,1,65,89,52,72,278,B,69.5,78.7,7.9
std-5669,female,group D,some college,1,0,28,58,79,78,243,C,60.75,80.8,7.9
std-5670,female,group A,associate's degree,0,0,70,65,78,36,249,C,62.25,87.7,6.0
std-5671,female,group A,master's degree,0,0,30,81,82,56,249,C,62.25,77.8,4.9
std-5672,female,group C,associate's degree,1,0,89,41,61,90,281,B,70.25,84.2,3.5
std-5673,female,group E,high school,1,1,77,66,58,83,284,B,71.0,79.9,9.7
std-5674,female,group E,some college,0,0,78,77,82,45,282,B,70.5,75.6,5.9
std-5675,female,group D,high school,1,0,51,81,67,69,268,B,67.0,85.0,8.3
std-5676,female,group D,some high school,0,1,27,77,74,61,239,C,59.75,72.9,6.1
std-5677,female,group C,high school,1,1,80,44,73,79,276,B,69.0,84.4,10.3
std-5678,female,group E,master's degree,1,0,66,46,52,91,255,B,63.75,79.4,9.9
std-5679,female,group D,associate's degree,1,0,60,53,100,75,288,B,72.0,79.2,7.2
std-5680,female,group C,some college,1,0,79,60,83,100,322,A,80.5,81.8,9.3
std-5681,female,group D,bachelor's degree,0,0,62,72,58,44,236,C,59.0,73.0,6.7
std-5682,female,group E,associate's degree,1,0,70,80,100,61,311,B,77.75,69.0,11.8
std-5683,female,group C,bachelor's degree,0,1,27,100,100,51,278,B,69.5,84.5,9.7
std-5684,female,group E,some high school,1,0,78,23,63,74,238,C,59.5,79.9,7.1
std-5685,female,group C,high school,0,0,76,58,53,73,260,B,65.0,87.3,5.8
std-5686,female,group A,high school,1,0,50,40,74,100,264,B,66.0,75.2,4.0
std-5687,female,group D,some college,1,1,63,86,87,69,305,B,76.25,100.0,6.4
std-5688,female,group E,some high school,0,0,59,74,61,100,294,B,73.5,79.0,9.9
std-5689,female,group C,some high school,1,0,95,68,69,45,277,B,69.25,73.1,3.8
std-5690,female,group A,high school,1,0,56,60,89,87,292,B,73.0,73.3,8.5
std-5691,female,group C,some college,1,1,37,57,98,67,259,B,64.75,63.9,9.4
std-5692,female,group B,high school,1,0,46,76,90,98,310,B,77.5,97.5,9.4
std-5693,female,group C,master's degree,0,1,74,84,84,79,321,A,80.25,97.0,8.5
std-5694,female,group C,some high school,0,1,65,70,100,89,324,A,81.0,90.3,7.9
std-5695,female,group D,bachelor's degree,1,1,77,78,88,83,326,A,81.5,77.0,10.9
std-5696,female,group C,some college,0,1,56,90,100,61,307,B,76.75,99.8,8.8
std-5697,female,group E,bachelor's degree,0,0,48,59,57,83,247,C,61.75,75.4,2.5
std-5698,female,group C,bachelor's degree,0,0,63,64,81,80,288,B,72.0,79.5,11.4
std-5699,female,group B,some college,1,0,75,67,78,77,297,B,74.25,95.6,4.8
std-5700,female,group B,high school,1,0,72,43,62,38,215,C,53.75,81.8,2.3
std-5701,female,group D,some college,1,0,77,86,49,74,286,B,71.5,100.0,5.9
std-5702,female,group C,associate's degree,0,1,50,89,91,79,309,B,77.25,85.9,12.7
std-5703,female,group C,some college,1,1,57,46,98,70,271,B,67.75,76.9,3.2
std-5704,female,group C,some high school,1,1,51,60,79,82,272,B,68.0,75.1,11.6
std-5705,female,group A,master's degree,1,0,68,50,65,63,246,C,61.5,61.8,3.3
std-5706,female,group E,high school,1,1,76,45,82,87,290,B,72.5,79.6,9.8
std-5707,female,group A,associate's degree,1,0,62,95,91,55,303,B,75.75,93.5,5.2
std-5708,female,group E,high school,1,0,92,62,83,68,305,B,76.25,88.7,11.9
std-5709,female,group E,some high school,1,0,81,81,62,98,322,A,80.5,84.9,7.7
std-5710,female,group E,bachelor's degree,0,0,74,63,54,77,268,B,67.0,71.3,4.3
std-5711,female,group C,bachelor's degree,1,0,69,90,68,91,318,B,79.5,86.4,6.5
std-5712,female,group E,some college,0,0,49,75,51,100,275,B,68.75,90.0,6.5
std-5713,female,group C,associate's degree,1,1,27,97,83,66,273,B,68.25,84.6,9.1
std-5714,female,group E,some high school,1,1,62,80,70,60,272,B,68.0,82.1,9.8
std-5715,female,group B,some college,1,1,70,54,84,58,266,B,66.5,72.9,8.5
std-5716,female,group C,associate's degree,1,1,53,67,65,53,238,C,59.5,85.6,4.4
std-5717,female,group B,bachelor's degree,1,0,85,39,61,72,257,B,64.25,51.2,5.0
std-5718,female,group A,high school,1,0,27,86,94,61,268,B,67.0,83.7,7.6
std-5719,female,group D,bachelor's degree,0,1,27,46,80,82,235,C,58.75,100.0,6.1
std-5720,female,group D,associate's degree,0,1,47,78,99,66,290,B,72.5,68.5,10.8
std-5721,female,group C,bachelor's degree,1,0,62,42,77,94,275,B,68.75,78.7,6.3
std-5722,female,group D,some college,1,1,45,83,58,93,279,B,69.75,81.1,8.3
std-5723,female,group B,bachelor's degree,0,1,68,68,97,49,282,B,70.5,77.3,11.9
std-5724,female,group C,bachelor's degree,1,0,46,90,70,72,278,B,69.5,90.4,2.0
std-5725,female,group C,high school,1,1,59,33,58,73,223,C,55.75,80.8,5.8
std-5726,female,group D,bachelor's degree,0,0,50,37,75,56,218,C,54.5,77.5,8.0
std-5727,female,group C,some college,1,1,74,26,78,85,263,B,65.75,87.0,13.0
std-5728,female,group E,some college,0,0,62,95,60,92,309,B,77.25,83.8,12.8
std-5729,female,group A,high school,0,1,64,100,67,50,281,B,70.25,100.0,9.0
std-5730,female,group A,master's degree,1,0,70,72,96,96,334,A,83.5,87.1,8.8
std-5731,female,group A,associate's degree,0,1,59,58,71,87,275,B,68.75,82.6,10.8
std-5732,female,group D,some college,1,0,69,99,90,65,323,A,80.75,69.4,10.6
std-5733,female,group C,some high school,1,0,76,48,56,71,251,B,62.75,74.0,6.5
std-5734,female,group D,associate's degree,0,0,75,38,29,53,195,D,48.75,84.6,6.7
std-5735,female,group C,some college,1,1,62,75,45,55,237,C,59.25,65.7,9.0
std-5736,female,group A,some high school,1,1,85,89,86,66,326,A,81.5,65.6,11.3
std-5737,female,group C,high school,1,0,67,70,85,83,305,B,76.25,83.6,4.7
std-5738,female,group C,associate's degree,1,0,76,41,76,58,251,B,62.75,91.2,4.9
std-5739,female,group B,some high school,0,0,44,76,75,41,236,C,59.0,78.0,4.0
std-5740,female,group C,some college,1,1,45,52,70,71,238,C,59.5,74.8,4.9
std-5741,female,group D,some college,1,1,32,59,87,59,237,C,59.25,61.0,3.7
std-5742,female,group D,associate's degree,1,0,82,81,61,41,265,B,66.25,84.1,4.9
std-5743,female,group C,high school,1,0,61,91,85,52,289,B,72.25,88.0,5.9
std-5744,female,group C,some high school,0,0,27,34,60,64,185,D,46.25,57.4,4.4
std-5745,female,group C,some college,1,0,31,57,96,89,273,B,68.25,90.9,7.6
std-5746,female,group E,some high school,1,1,54,65,76,86,281,B,70.25,88.2,9.4
std-5747,female,group C,master's degree,1,1,100,77,71,71,319,B,79.75,94.7,9.1
std-5748,female,group C,bachelor's degree,1,1,87,45,33,57,222,C,55.5,81.7,5.2
std-5749,female,group B,associate's degree,1,0,78,63,52,39,232,C,58.0,83.2,7.4
std-5750,female,group C,high school,1,1,37,53,100,83,273,B,68.25,85.4,8.4
std-5751,female,group B,high school,1,0,52,56,87,84,279,B,69.75,89.0,5.3
std-5752,female,group E,associate's degree,1,1,58,78,96,51,283,B,70.75,65.1,8.5
std-5753,female,group C,some high school,0,1,49,26,63,57,195,D,48.75,60.7,5.0
std-5754,female,group E,some high school,1,1,58,74,89,63,284,B,71.0,75.0,7.6
std-5755,female,group E,some college,1,0,76,98,96,85,355,A,88.75,86.3,6.7
std-5756,female,group B,some college,0,0,35,92,42,77,246,C,61.5,81.9,4.8
std-5757,female,group C,some high school,1,1,64,68,80,82,294,B,73.5,85.3,10.8
std-5758,female,group B,high school,1,0,70,67,75,98,310,B,77.5,93.8,8.1
std-5759,female,group B,some high school,0,0,64,85,81,59,289,B,72.25,92.3,10.4
std-5760,female,group D,some college,0,0,84,87,86,72,329,A,82.25,77.5,10.5
std-5761,female,group E,some college,0,0,69,49,77,95,290,B,72.5,84.2,11.5
std-5762,female,group E,high school,1,1,84,93,68,45,290,B,72.5,74.5,10.5
std-5763,female,group C,some college,1,1,33,49,96,73,251,B,62.75,77.2,9.5
std-5764,female,group B,high school,1,1,60,50,53,75,238,C,59.5,80.7,6.6
std-5765,female,group B,some high school,1,0,59,80,87,64,290,B,72.5,51.4,8.7
std-5766,female,group D,some college,0,0,50,70,93,54,267,B,66.75,100.0,4.4
std-5767,female,group B,bachelor's degree,0,1,79,66,47,57,249,C,62.25,83.8,4.5
std-5768,female,group C,some college,1,0,75,33,82,23,213,C,53.25,70.4,8.6
std-5769,female,group C,some college,1,1,55,67,100,70,292,B,73.0,99.6,6.0
std-5771,female,group A,some high school,0,0,43,92,85,30,250,B,62.5,75.7,6.7
std-5772,female,group B,high school,1,0,99,62,100,54,315,B,78.75,85.3,5.0
std-5773,female,group E,associate's degree,1,1,52,98,73,58,281,B,70.25,77.0,11.7
std-5774,female,group D,bachelor's degree,0,1,38,82,72,72,264,B,66.0,94.8,11.6
std-5775,female,group E,associate's degree,0,1,64,82,72,65,283,B,70.75,80.6,10.3
std-5776,female,group C,master's degree,1,0,54,52,89,84,279,B,69.75,82.5,9.5
std-5777,female,group E,associate's degree,1,0,71,85,93,85,334,A,83.5,96.6,7.7
std-5778,female,group B,high school,0,1,68,42,55,50,215,C,53.75,81.1,12.9
std-5779,female,group D,high school,0,1,60,79,68,61,268,B,67.0,79.8,10.4
std-5780,female,group D,some high school,1,0,40,69,81,77,267,B,66.75,90.2,3.8
std-5781,female,group D,high school,1,1,76,46,100,71,293,B,73.25,100.0,9.3
std-5782,female,group E,some high school,0,1,86,85,85,70,326,A,81.5,87.9,9.6
std-5783,female,group B,associate's degree,1,0,63,88,48,68,267,B,66.75,81.2,5.4
std-5784,female,group D,high school,1,0,53,32,88,75,248,C,62.0,80.1,1.5
std-5785,female,group C,associate's degree,0,0,72,81,78,81,312,B,78.0,95.7,8.1
std-5786,female,group E,high school,0,0,45,77,77,93,292,B,73.0,76.9,3.2
std-5787,female,group D,associate's degree,1,0,72,52,85,83,292,B,73.0,79.7,0.3
std-5788,female,group D,associate's degree,0,0,69,50,100,99,318,B,79.5,70.6,6.4
std-5789,female,group B,bachelor's degree,0,0,58,71,77,67,273,B,68.25,70.0,4.3
std-5790,female,group E,some high school,0,0,64,36,95,66,261,B,65.25,75.0,3.8
std-5791,female,group C,high school,1,1,27,86,94,56,263,B,65.75,79.4,0.7
std-5792,female,group B,some high school,1,1,63,92,82,64,301,B,75.25,98.9,7.2
std-5793,female,group E,high school,0,1,35,80,68,55,238,C,59.5,82.6,7.4
std-5794,female,group E,associate's degree,0,0,83,65,100,79,327,A,81.75,76.9,5.9
std-5795,female,group A,bachelor's degree,0,0,66,74,59,58,257,B,64.25,72.8,6.8
std-5796,female,group D,some college,1,0,50,83,59,38,230,C,57.5,89.5,8.7
std-5797,female,group A,associate's degree,0,0,61,88,92,65,306,B,76.5,93.6,8.3
std-5798,female,group D,high school,1,0,63,43,64,46,216,C,54.0,76.2,7.4
std-5799,female,group B,bachelor's degree,0,0,33,55,100,53,241,C,60.25,74.1,8.2
std-5800,female,group B,bachelor's degree,1,1,71,100,38,59,268,B,67.0,90.4,6.0
std-5801,female,group E,high school,0,1,78,47,88,85,298,B,74.5,73.8,10.4
std-5802,female,group A,associate's degree,1,1,89,64,90,82,325,A,81.25,88.5,12.4
std-5803,female,group D,associate's degree,1,0,78,100,58,87,323,A,80.75,100.0,6.3
std-5804,female,group D,high school,1,0,42,29,35,78,184,D,46.0,75.2,2.1
std-5805,female,group B,some college,0,0,60,65,72,41,238,C,59.5,70.8,6.7
std-5806,female,group B,some high school,1,1,31,62,61,62,216,C,54.0,79.7,3.6
std-5807,female,group B,high school,1,1,78,43,68,84,273,B,68.25,76.5,6.0
std-5808,female,group E,some high school,1,1,69,52,83,44,248,C,62.0,66.1,6.4
std-5809,female,group D,high school,1,1,89,81,45,61,276,B,69.0,87.2,9.9
std-5810,female,group C,associate's degree,1,0,93,42,71,90,296,B,74.0,92.6,7.3
std-5811,female,group E,some college,1,1,27,61,75,87,250,B,62.5,76.0,10.7
std-5812,female,group C,high school,1,0,47,72,60,62,241,C,60.25,74.6,3.1
std-5813,female,group B,some college,1,0,27,62,100,47,236,C,59.0,69.0,2.9
std-5814,female,group D,bachelor's degree,1,0,71,35,79,54,239,C,59.75,76.5,6.7
std-5815,female,group C,associate's degree,1,0,87,84,82,37,290,B,72.5,77.0,4.6
std-5816,female,group D,high school,1,0,39,82,67,36,224,C,56.0,67.5,3.5
std-5817,female,group C,some high school,1,1,28,51,65,90,234,C,58.5,94.5,3.1
std-5818,female,group D,high school,0,0,49,65,43,86,243,C,60.75,82.4,6.2
std-5819,female,group C,bachelor's degree,1,1,57,60,72,67,256,B,64.0,84.4,12.1
std-5820,female,group E,some high school,1,0,89,64,89,46,288,B,72.0,89.9,4.0
std-5821,female,group D,associate's degree,0,0,59,61,52,65,237,C,59.25,84.6,7.9
std-5822,female,group D,some college,1,0,81,86,66,46,279,B,69.75,77.5,6.2
std-5823,female,group D,some college,1,1,78,54,38,49,219,C,54.75,78.7,3.0
std-5824,female,group D,some high school,1,1,70,93,71,81,315,B,78.75,81.7,7.5
std-5825,female,group C,bachelor's degree,1,0,94,62,73,65,294,B,73.5,86.4,4.3
std-5826,female,group D,high school,1,0,63,54,92,59,268,B,67.0,83.3,5.3
std-5827,female,group D,some college,1,0,27,100,73,70,270,B,67.5,77.0,7.2
std-5828,female,group D,bachelor's degree,0,1,90,51,100,70,311,B,77.75,71.9,14.2
std-5829,female,group C,bachelor's degree,0,1,87,59,92,67,305,B,76.25,84.6,5.9
std-5830,female,group C,bachelor's degree,1,1,48,88,61,72,269,B,67.25,78.5,7.4
std-5831,female,group B,bachelor's degree,1,0,87,64,56,76,283,B,70.75,64.5,4.2
std-5832,female,group C,high school,1,0,51,45,53,68,217,C,54.25,80.6,1.7
std-5833,female,group B,some college,0,1,47,65,66,56,234,C,58.5,86.1,8.0
std-5834,female,group D,high school,1,0,47,62,75,48,232,C,58.0,100.0,5.2
std-5835,female,group B,bachelor's degree,1,0,95,84,88,50,317,B,79.25,80.8,2.7
std-5836,female,group B,associate's degree,1,1,67,100,69,91,327,A,81.75,80.3,10.0
std-5837,female,group D,some college,1,0,61,61,72,71,265,B,66.25,70.0,3.0
std-5838,female,group B,some college,0,1,80,79,66,71,296,B,74.0,84.5,9.3
std-5839,female,group B,some high school,1,0,81,58,69,100,308,B,77.0,85.4,10.2
std-5840,female,group A,high school,0,1,27,99,32,77,235,C,58.75,70.2,9.0
std-5841,female,group A,associate's degree,0,1,64,61,71,52,248,C,62.0,77.0,8.5
std-5842,female,group D,some high school,1,0,63,78,85,87,313,B,78.25,66.2,5.8
std-5843,female,group E,associate's degree,1,0,40,52,83,31,206,C,51.5,83.5,4.8
std-5844,female,group B,bachelor's degree,0,1,37,76,52,94,259,B,64.75,72.6,9.8
std-5845,female,group C,associate's degree,0,1,27,63,86,50,226,C,56.5,76.5,8.7
std-5846,female,group C,bachelor's degree,0,0,43,50,90,65,248,C,62.0,65.8,5.4
std-5847,female,group C,bachelor's degree,1,0,56,88,67,78,289,B,72.25,76.8,7.1
std-5848,female,group C,some high school,1,0,76,74,100,69,319,B,79.75,82.0,4.0
std-5849,female,group D,some college,0,0,66,56,100,75,297,B,74.25,82.6,4.9
std-5850,female,group C,some high school,0,0,57,68,79,81,285,B,71.25,86.0,8.2
std-5851,female,group B,high school,1,1,60,56,64,53,233,C,58.25,90.3,9.9
std-5852,female,group C,bachelor's degree,1,0,72,72,100,50,294,B,73.5,89.0,6.9
std-5853,female,group C,some college,1,0,71,86,93,43,293,B,73.25,91.0,10.4
std-5854,female,group C,high school,1,0,45,75,100,99,319,B,79.75,97.5,8.6
std-5855,female,group C,bachelor's degree,0,0,34,81,56,46,217,C,54.25,81.2,4.3
std-5856,female,group C,some college,0,1,30,68,100,59,257,B,64.25,79.0,5.3
std-5857,female,group D,high school,0,0,60,68,72,60,260,B,65.0,88.7,9.5
std-5858,female,group A,some high school,1,1,49,43,74,73,239,C,59.75,87.5,9.8
std-5859,female,group C,some high school,0,1,43,73,100,79,295,B,73.75,88.3,13.7
std-5860,female,group D,bachelor's degree,1,1,61,55,57,82,255,B,63.75,66.1,13.7
std-5861,female,group C,master's degree,0,1,58,100,84,52,294,B,73.5,74.8,6.0
std-5862,female,group E,some high school,1,1,63,51,80,100,294,B,73.5,79.9,6.0
std-5863,female,group B,master's degree,1,0,70,68,84,68,290,B,72.5,89.1,0.0
std-5864,female,group E,some college,0,0,31,77,100,86,294,B,73.5,82.2,9.0
std-5865,female,group D,associate's degree,0,0,75,58,100,58,291,B,72.75,92.4,8.3
std-5866,female,group C,high school,0,0,40,57,70,72,239,C,59.75,89.7,5.6
std-5867,female,group A,associate's degree,1,1,35,48,96,46,225,C,56.25,87.5,4.5
std-5868,female,group C,some high school,1,0,79,63,86,66,294,B,73.5,93.3,6.5
std-5869,female,group B,high school,1,1,100,80,53,71,304,B,76.0,73.9,9.9
std-5870,female,group A,master's degree,0,1,52,88,52,36,228,C,57.0,81.3,9.6
std-5871,female,group E,bachelor's degree,1,0,53,80,68,55,256,B,64.0,73.8,6.5
std-5872,female,group C,some college,0,1,96,26,82,69,273,B,68.25,65.8,10.4
std-5873,female,group C,some high school,1,1,59,64,62,83,268,B,67.0,77.7,8.3
std-5874,female,group B,associate's degree,0,0,67,72,95,55,289,B,72.25,93.9,9.5
std-5875,female,group C,high school,1,1,65,100,70,65,300,B,75.0,87.1,10.9
std-5876,female,group C,bachelor's degree,1,0,68,69,98,61,296,B,74.0,100.0,3.8
std-5877,female,group D,some high school,0,1,45,57,100,40,242,C,60.5,79.7,11.4
std-5878,female,group E,high school,0,0,57,61,98,60,276,B,69.0,100.0,9.3
std-5879,female,group C,bachelor's degree,0,1,59,83,100,84,326,A,81.5,86.7,11.1
std-5880,female,group A,master's degree,1,0,52,95,76,83,306,B,76.5,83.6,7.7
std-5881,female,group C,some high school,1,1,81,96,100,60,337,A,84.25,74.5,14.4
std-5882,female,group A,master's degree,1,1,43,52,70,97,262,B,65.5,89.8,4.4
std-5883,female,group D,bachelor's degree,0,1,44,60,100,96,300,B,75.0,78.4,12.4
std-5884,female,group A,some college,0,1,63,66,93,91,313,B,78.25,78.2,8.4
std-5885,female,group D,high school,0,0,64,98,65,79,306,B,76.5,94.9,9.7
std-5886,female,group C,high school,0,0,70,100,82,57,309,B,77.25,94.1,7.3
std-5887,female,group C,associate's degree,0,0,76,100,44,94,314,B,78.5,94.3,4.1
std-5888,female,group C,bachelor's degree,1,0,70,100,67,52,289,B,72.25,78.7,5.3
std-5889,female,group B,bachelor's degree,0,0,63,60,89,69,281,B,70.25,80.9,8.9
std-5890,female,group B,associate's degree,1,0,51,85,61,77,274,B,68.5,80.2,5.7
std-5891,female,group C,high school,1,0,45,55,86,74,260,B,65.0,86.6,4.3
std-5892,female,group D,associate's degree,1,1,28,100,61,100,289,B,72.25,96.0,7.5
std-5893,female,group A,some high school,0,0,36,49,66,84,235,C,58.75,80.9,6.9
std-5894,female,group C,some high school,1,1,56,98,83,82,319,B,79.75,100.0,14.2
std-5895,female,group D,associate's degree,1,1,54,35,65,71,225,C,56.25,84.8,2.2
std-5896,female,group E,some college,1,1,83,94,97,69,343,A,85.75,84.4,17.4
std-5897,female,group C,some high school,1,1,59,64,75,75,273,B,68.25,88.1,9.2
std-5898,female,group D,high school,0,1,37,89,100,50,276,B,69.0,96.3,10.2
std-5899,female,group C,some high school,1,1,30,99,49,57,235,C,58.75,95.5,6.7
std-5900,female,group A,some college,0,0,100,82,99,61,342,A,85.5,97.1,7.8
std-5901,female,group C,some high school,1,0,100,81,55,65,301,B,75.25,83.2,7.3
std-5902,female,group C,some high school,1,0,90,88,59,67,304,B,76.0,81.3,4.3
std-5903,female,group C,high school,1,1,86,81,73,48,288,B,72.0,87.1,7.0
std-5904,female,group D,associate's degree,1,1,88,78,70,50,286,B,71.5,96.8,12.0
std-5905,female,group E,bachelor's degree,1,0,88,53,86,83,310,B,77.5,87.6,3.2
std-5906,female,group B,master's degree,0,0,64,91,90,46,291,B,72.75,86.3,7.7
std-5907,female,group D,some college,1,1,78,59,80,66,283,B,70.75,82.0,8.0
std-5908,female,group E,some college,1,1,77,82,76,73,308,B,77.0,80.6,7.1
std-5909,female,group A,high school,0,0,39,92,85,66,282,B,70.5,80.0,11.3
std-5910,female,group B,some high school,1,1,76,76,100,63,315,B,78.75,85.4,7.3
std-5911,female,group C,master's degree,0,1,61,57,88,87,293,B,73.25,97.8,6.3
std-5912,female,group A,some high school,0,1,32,58,86,89,265,B,66.25,77.9,8.0
std-5913,female,group C,associate's degree,1,1,45,52,100,68,265,B,66.25,80.5,6.6
std-5914,female,group D,some college,0,0,78,77,57,69,281,B,70.25,73.6,6.4
std-5915,female,group E,some college,1,1,75,47,62,77,261,B,65.25,86.1,8.8
std-5916,female,group C,high school,1,0,98,60,98,100,356,A,89.0,99.8,8.7
std-5917,female,group E,associate's degree,0,0,97,72,68,79,316,B,79.0,98.9,6.9
std-5918,female,group B,high school,0,1,73,98,61,63,295,B,73.75,84.3,7.5
std-5919,female,group B,associate's degree,1,0,59,85,69,39,252,B,63.0,84.1,7.3
std-5920,female,group A,high school,0,0,83,65,45,87,280,B,70.0,79.9,6.1
std-5921,female,group B,some high school,1,0,27,71,100,50,248,C,62.0,83.4,4.4
std-5922,female,group D,bachelor's degree,1,0,96,78,84,45,303,B,75.75,86.0,10.6
std-5923,female,group E,bachelor's degree,1,0,55,93,77,73,298,B,74.5,83.3,6.5
std-5924,female,group D,some college,1,0,66,62,76,61,265,B,66.25,81.3,8.7
std-5925,female,group E,some college,1,0,46,86,47,71,250,B,62.5,82.8,8.7
std-5926,female,group A,high school,1,0,82,37,58,92,269,B,67.25,77.7,9.3
std-5927,female,group D,associate's degree,0,0,60,23,44,85,212,C,53.0,73.5,6.5
std-5928,female,group D,associate's degree,0,0,27,89,77,49,242,C,60.5,93.5,5.5
std-5929,female,group E,bachelor's degree,1,0,65,67,82,74,288,B,72.0,100.0,6.4
std-5930,female,group E,some high school,1,1,79,62,77,77,295,B,73.75,71.7,8.6
std-5931,female,group D,high school,1,0,50,76,68,86,280,B,70.0,69.9,0.9
std-5932,female,group E,bachelor's degree,1,0,64,92,91,92,339,A,84.75,77.5,9.6
std-5933,female,group D,some high school,0,0,92,39,73,62,266,B,66.5,79.2,6.6
std-5934,female,group E,high school,1,1,76,56,71,55,258,B,64.5,87.5,10.4
std-5935,female,group C,high school,0,0,83,47,62,63,255,B,63.75,84.5,5.5
std-5936,female,group A,some college,0,1,47,68,71,51,237,C,59.25,79.3,9.5
std-5937,female,group C,some college,1,0,37,65,67,62,231,C,57.75,82.0,1.8
std-5938,female,group B,bachelor's degree,1,1,53,52,62,59,226,C,56.5,70.6,4.7
std-5939,female,group D,associate's degree,0,0,92,68,100,41,301,B,75.25,80.8,0.7
std-5940,female,group C,some college,1,0,63,31,65,79,238,C,59.5,77.6,5.0
std-5941,female,group C,associate's degree,1,1,31,79,78,66,254,B,63.5,64.9,6.3
std-5942,female,group C,some high school,1,1,80,67,89,76,312,B,78.0,73.5,7.4
std-5943,female,group E,some college,0,1,59,82,60,68,269,B,67.25,70.3,9.4
std-5944,female,group A,some high school,1,0,67,67,54,59,247,C,61.75,85.4,4.5
std-5945,female,group B,high school,0,0,74,61,95,76,306,B,76.5,85.6,3.4
std-5946,female,group D,bachelor's degree,0,1,82,70,66,40,258,B,64.5,84.9,14.7
std-5947,female,group D,bachelor's degree,0,1,69,89,96,70,324,A,81.0,68.3,9.8
std-5948,female,group D,bachelor's degree,0,0,58,62,69,65,254,B,63.5,65.8,3.0
std-5949,female,group D,some college,1,0,27,48,52,76,203,C,50.75,80.9,2.9
std-5950,female,group D,bachelor's degree,1,1,66,64,61,66,257,B,64.25,54.3,7.9
std-5951,female,group B,some college,1,0,92,78,60,63,293,B,73.25,93.4,6.2
std-5952,female,group E,high school,1,0,38,100,85,93,316,B,79.0,67.8,10.5
std-5953,female,group D,associate's degree,1,0,57,80,99,69,305,B,76.25,90.9,6.8
std-5954,female,group C,some high school,1,1,49,61,76,66,252,B,63.0,70.9,12.8
std-5955,female,group B,some college,1,1,27,54,54,52,187,D,46.75,83.0,5.6
std-5956,female,group C,high school,1,0,56,59,97,96,308,B,77.0,100.0,8.1
std-5957,female,group C,some high school,1,1,55,64,85,28,232,C,58.0,56.8,10.3
std-5958,female,group D,master's degree,1,0,65,66,66,51,248,C,62.0,84.9,8.6
std-5959,female,group B,high school,1,0,27,87,97,59,270,B,67.5,64.2,9.4
std-5960,female,group B,bachelor's degree,1,0,57,94,99,46,296,B,74.0,86.4,6.1
std-5961,female,group D,some college,1,0,76,100,63,63,302,B,75.5,81.2,6.9
std-5962,female,group E,some college,0,0,36,73,83,55,247,C,61.75,79.7,0.0
std-5963,female,group E,some high school,0,0,59,65,78,55,257,B,64.25,71.2,5.3
std-5964,female,group B,bachelor's degree,1,0,84,72,87,54,297,B,74.25,89.7,9.5
std-5965,female,group B,bachelor's degree,1,0,44,25,37,41,147,Fail,36.75,57.2,5.5
std-5966,female,group E,some high school,1,1,38,53,62,38,191,D,47.75,85.1,6.5
std-5967,female,group B,some college,0,1,67,66,94,57,284,B,71.0,77.9,13.2
std-5968,female,group A,some high school,0,0,31,64,43,48,186,D,46.5,60.9,3.2
std-5969,female,group C,some high school,0,0,64,59,94,50,267,B,66.75,94.5,4.3
std-5970,female,group E,some college,1,1,80,78,83,81,322,A,80.5,84.1,8.7
std-5971,female,group B,associate's degree,1,1,57,33,83,61,234,C,58.5,94.6,5.0
std-5972,female,group A,associate's degree,1,0,72,68,73,65,278,B,69.5,92.1,7.9
std-5973,female,group C,bachelor's degree,1,0,27,86,77,43,233,C,58.25,70.2,6.0
std-5974,female,group E,high school,1,1,31,84,46,43,204,C,51.0,74.2,8.6
std-5975,female,group A,some high school,1,0,67,66,80,72,285,B,71.25,82.8,5.4
std-5976,female,group E,bachelor's degree,1,0,66,70,98,54,288,B,72.0,95.7,6.4
std-5977,female,group A,high school,1,1,45,75,86,61,267,B,66.75,84.1,3.1
std-5978,female,group E,some high school,1,1,44,82,86,79,291,B,72.75,83.8,10.1
std-5979,female,group C,some college,1,0,51,52,100,60,263,B,65.75,78.1,6.2
std-5980,female,group E,bachelor's degree,1,0,27,45,89,97,258,B,64.5,79.0,3.1
std-5981,female,group B,high school,0,0,63,51,100,76,290,B,72.5,93.8,6.3
std-5982,female,group D,some college,0,1,67,89,100,64,320,A,80.0,84.6,9.2
std-5983,female,group A,some college,1,0,56,100,84,99,339,A,84.75,82.6,12.2
std-5984,female,group B,bachelor's degree,1,0,84,65,97,70,316,B,79.0,79.2,4.6
std-5985,female,group A,some college,0,1,27,87,75,78,267,B,66.75,75.2,9.4
std-5986,female,group C,associate's degree,1,0,61,99,73,47,280,B,70.0,68.6,3.6
std-5987,female,group C,high school,1,1,61,80,83,100,324,A,81.0,78.1,8.5
std-5988,female,group D,some high school,1,0,68,63,56,77,264,B,66.0,93.4,6.7
std-5989,female,group C,high school,1,1,50,68,67,44,229,C,57.25,75.2,7.1
std-5990,female,group E,associate's degree,0,0,53,100,82,73,308,B,77.0,89.9,7.0
std-5991,female,group D,associate's degree,1,0,85,67,85,73,310,B,77.5,61.4,7.9
std-5992,female,group E,associate's degree,1,0,83,53,68,72,276,B,69.0,86.0,5.0
std-5993,female,group B,high school,0,0,79,99,94,82,354,A,88.5,85.9,10.3
std-5994,female,group C,some college,1,1,42,75,76,57,250,B,62.5,74.4,7.4
std-5995,female,group C,some college,1,0,78,65,97,70,310,B,77.5,85.4,6.8
std-5996,female,group C,bachelor's degree,1,0,60,95,85,82,322,A,80.5,80.3,8.3
std-5997,female,group D,associate's degree,0,0,58,67,58,31,214,C,53.5,56.7,5.4
std-5998,female,group E,some college,1,0,64,67,77,62,270,B,67.5,88.7,7.7
std-5999,female,group D,some high school,1,0,53,63,70,68,254,B,63.5,81.3,6.5
std-6000,female,group C,associate's degree,0,0,71,83,59,55,268,B,67.0,77.4,7.2
std-6001,female,group C,master's degree,1,0,67,57,87,60,271,B,67.75,71.8,5.3
std-6002,female,group C,associate's degree,0,0,40,65,73,78,256,B,64.0,66.0,3.1
std-6003,female,group B,bachelor's degree,1,1,67,100,73,59,299,B,74.75,84.8,5.7
std-6004,female,group B,bachelor's degree,1,1,83,68,81,76,308,B,77.0,98.1,5.3
std-6005,female,group C,some high school,1,0,85,63,82,99,329,A,82.25,87.1,11.9
std-6006,female,group A,bachelor's degree,1,0,67,23,91,100,281,B,70.25,68.9,0.9
std-6007,female,group C,high school,1,0,85,60,74,72,291,B,72.75,84.2,9.6
std-6008,female,group B,high school,0,1,87,86,68,49,290,B,72.5,81.6,7.0
std-6009,female,group D,some high school,0,0,64,51,82,72,269,B,67.25,88.1,9.1
std-6010,female,group E,high school,1,1,56,99,92,83,330,A,82.5,90.9,4.5
std-6011,female,group D,some high school,1,0,83,50,82,77,292,B,73.0,55.4,6.1
std-6012,female,group B,some college,1,0,35,61,96,61,253,B,63.25,83.9,9.4
std-6013,female,group C,high school,0,1,98,44,58,82,282,B,70.5,72.4,10.7
std-6014,female,group C,high school,0,0,74,57,97,55,283,B,70.75,68.7,5.6
std-6015,female,group A,some college,0,0,76,100,94,70,340,A,85.0,84.5,2.9
std-6016,female,group D,some high school,1,0,66,92,67,92,317,B,79.25,88.0,3.9
std-6017,female,group C,some college,1,0,71,86,57,60,274,B,68.5,66.0,9.7
std-6018,female,group D,bachelor's degree,1,0,100,62,84,63,309,B,77.25,90.0,6.2
std-6019,female,group B,some high school,1,0,72,78,56,98,304,B,76.0,90.1,6.7
std-6020,female,group C,some high school,1,0,68,49,100,65,282,B,70.5,81.8,7.1
std-6021,female,group B,high school,1,0,29,79,80,66,254,B,63.5,71.3,2.5
std-6022,female,group C,high school,1,1,58,31,81,58,228,C,57.0,68.1,8.6
std-6023,female,group B,master's degree,1,1,86,58,38,36,218,C,54.5,85.4,6.3
std-6024,female,group C,some high school,0,0,84,64,90,66,304,B,76.0,69.6,7.7
std-6025,female,group C,some college,1,1,27,66,85,74,252,B,63.0,88.5,6.8
std-6026,female,group D,associate's degree,0,0,70,67,88,79,304,B,76.0,81.8,3.0
std-6027,female,group C,some high school,1,0,92,55,46,53,246,C,61.5,77.6,4.5
std-6028,female,group A,associate's degree,1,0,38,60,75,52,225,C,56.25,61.3,6.7
std-6029,female,group C,high school,1,1,68,90,59,77,294,B,73.5,81.1,10.2
std-6030,female,group D,associate's degree,1,0,34,94,76,56,260,B,65.0,85.1,6.0
std-6031,female,group A,high school,0,0,67,80,88,28,263,B,65.75,67.8,8.2
std-6032,female,group B,some college,1,0,55,40,96,94,285,B,71.25,86.2,6.0
std-6033,female,group D,high school,0,0,59,51,77,61,248,C,62.0,79.4,5.7
std-6034,female,group D,associate's degree,1,0,64,32,43,67,206,C,51.5,69.3,3.4
std-6035,female,group E,associate's degree,0,1,67,64,84,33,248,C,62.0,86.3,10.5
std-6036,female,group A,some high school,1,1,47,41,97,44,229,C,57.25,57.2,8.4
std-6037,female,group C,bachelor's degree,0,0,68,32,56,89,245,C,61.25,81.5,4.1
std-6038,female,group D,high school,1,1,52,98,90,81,321,A,80.25,99.2,6.1
std-6039,female,group B,some college,1,0,33,48,84,76,241,C,60.25,91.0,8.2
std-6040,female,group B,high school,1,1,94,69,66,57,286,B,71.5,85.3,7.1
std-6041,female,group D,some college,1,0,95,41,61,33,230,C,57.5,74.4,5.4
std-6042,female,group D,high school,1,1,85,37,100,74,296,B,74.0,76.9,15.1
std-6043,female,group E,some college,1,1,73,60,74,68,275,B,68.75,78.1,10.7
std-6044,female,group A,high school,0,0,91,91,83,93,358,A,89.5,92.6,12.2
std-6045,female,group D,some high school,1,0,87,84,73,69,313,B,78.25,76.7,5.8
std-6046,female,group B,some high school,0,0,68,34,70,45,217,C,54.25,82.9,7.5
std-6047,female,group C,some high school,1,0,49,89,77,93,308,B,77.0,100.0,7.1
std-6048,female,group C,associate's degree,1,0,99,57,90,90,336,A,84.0,85.3,8.6
std-6049,female,group C,high school,1,0,60,74,73,54,261,B,65.25,67.6,11.0
std-6050,female,group E,some high school,0,1,52,60,86,60,258,B,64.5,67.3,7.6
std-6051,female,group C,some college,1,0,61,69,57,69,256,B,64.0,86.3,5.8
std-6052,female,group D,associate's degree,0,0,86,74,67,73,300,B,75.0,82.4,4.6
std-6053,female,group B,high school,0,1,76,38,56,100,270,B,67.5,88.3,10.8
std-6054,female,group C,bachelor's degree,1,1,73,42,81,60,256,B,64.0,74.5,6.9
std-6055,female,group C,some college,0,1,60,64,100,91,315,B,78.75,91.6,12.2
std-6056,female,group C,high school,1,0,40,78,61,48,227,C,56.75,75.5,1.0
std-6057,female,group C,associate's degree,1,0,90,82,59,72,303,B,75.75,76.6,8.3
std-6058,female,group E,some high school,0,1,84,79,84,67,314,B,78.5,80.5,8.1
std-6059,female,group E,associate's degree,0,1,47,81,100,50,278,B,69.5,70.3,10.6
std-6060,female,group D,some high school,1,1,85,72,96,38,291,B,72.75,100.0,9.1
std-6061,female,group E,bachelor's degree,0,0,99,69,66,46,280,B,70.0,80.4,5.0
std-6062,female,group B,some college,1,1,27,73,81,89,270,B,67.5,86.2,7.7
std-6063,female,group D,master's degree,1,1,60,81,100,83,324,A,81.0,80.1,7.8
std-6064,female,group A,some college,0,1,85,100,58,53,296,B,74.0,73.1,11.3
std-6065,female,group C,associate's degree,0,1,91,81,89,93,354,A,88.5,85.3,8.0
std-6066,female,group C,associate's degree,1,1,27,56,56,74,213,C,53.25,85.6,6.6
std-6067,female,group C,bachelor's degree,1,0,41,56,57,33,187,D,46.75,68.9,5.0
std-6068,female,group E,some college,1,0,82,37,77,87,283,B,70.75,73.7,10.5
std-6069,female,group C,some college,1,1,78,45,79,68,270,B,67.5,81.8,8.6
std-6070,female,group E,associate's degree,1,0,61,71,82,95,309,B,77.25,88.2,6.4
std-6071,female,group E,some college,0,0,68,96,65,62,291,B,72.75,97.0,7.3
std-6072,female,group B,high school,1,0,62,57,56,88,263,B,65.75,83.0,0.8
std-6073,female,group A,some college,1,1,84,81,77,92,334,A,83.5,91.5,7.1
std-6074,female,group B,master's degree,1,1,52,81,96,65,294,B,73.5,88.9,8.3
std-6075,female,group E,some high school,1,0,74,63,68,75,280,B,70.0,70.9,4.6
std-6076,female,group D,high school,0,1,65,85,76,54,280,B,70.0,72.6,4.9
std-6077,female,group B,some high school,0,0,63,72,100,74,309,B,77.25,73.9,9.2
std-6078,female,group C,some high school,0,0,94,73,69,80,316,B,79.0,72.2,7.9
std-6079,female,group C,some college,0,1,71,51,96,74,292,B,73.0,89.4,9.5
std-6080,female,group B,bachelor's degree,1,1,55,100,59,61,275,B,68.75,83.5,7.0
std-6081,female,group D,high school,1,0,72,48,100,68,288,B,72.0,82.6,6.7
std-6082,female,group D,associate's degree,1,1,47,81,100,52,280,B,70.0,57.9,10.1
std-6083,female,group D,associate's degree,0,1,36,54,81,68,239,C,59.75,96.4,7.2
std-6084,female,group C,high school,1,1,73,87,83,74,317,B,79.25,76.3,10.8
std-6085,female,group E,some high school,0,0,48,71,95,70,284,B,71.0,100.0,4.5
std-6086,female,group E,some college,1,0,57,38,91,64,250,B,62.5,65.7,5.9
std-6087,female,group D,associate's degree,1,1,69,58,79,93,299,B,74.75,75.5,12.2
std-6088,female,group D,associate's degree,1,1,65,72,86,33,256,B,64.0,59.4,11.4
std-6089,female,group E,some high school,1,0,49,88,60,93,290,B,72.5,85.3,9.9
std-6090,female,group C,some high school,1,1,53,77,78,64,272,B,68.0,70.7,9.4
std-6091,female,group C,some college,1,0,75,85,77,83,320,A,80.0,74.9,7.4
std-6092,female,group C,associate's degree,1,0,68,52,77,45,242,C,60.5,65.8,4.3
std-6093,female,group D,some college,0,1,61,60,66,61,248,C,62.0,85.6,3.6
std-6094,female,group D,high school,0,1,91,80,100,45,316,B,79.0,90.6,6.3
std-6095,female,group A,associate's degree,1,0,41,49,67,86,243,C,60.75,94.5,5.1
std-6096,female,group D,high school,1,0,90,44,53,54,241,C,60.25,71.9,5.2
std-6097,female,group D,associate's degree,0,0,30,48,71,70,219,C,54.75,78.2,8.4
std-6098,female,group C,bachelor's degree,0,0,63,73,77,83,296,B,74.0,71.0,10.0
std-6099,female,group D,associate's degree,0,0,55,83,96,94,328,A,82.0,82.2,5.8
std-6100,female,group D,some college,0,1,77,74,61,50,262,B,65.5,75.1,10.5
std-6101,female,group D,some high school,0,0,67,29,100,81,277,B,69.25,85.2,5.1
std-6102,female,group C,high school,0,0,54,56,52,73,235,C,58.75,86.7,7.0
std-6103,female,group B,bachelor's degree,1,1,100,100,94,71,365,A,91.25,97.2,12.9
std-6104,female,group A,associate's degree,1,0,67,83,74,79,303,B,75.75,75.6,10.0
std-6105,female,group D,master's degree,1,0,53,64,97,41,255,B,63.75,88.2,4.5
std-6106,female,group D,some college,1,1,30,55,74,84,243,C,60.75,77.8,10.5
std-6107,female,group A,some high school,1,1,59,55,83,55,252,B,63.0,76.0,3.5
std-6108,female,group B,some college,0,0,35,86,74,64,259,B,64.75,73.1,9.1
std-6109,female,group E,some high school,1,0,84,71,70,85,310,B,77.5,78.7,7.0
std-6110,female,group E,some college,1,1,58,47,85,96,286,B,71.5,97.4,9.0
std-6111,female,group A,bachelor's degree,1,0,43,88,84,51,266,B,66.5,82.9,0.9
std-6112,female,group D,master's degree,1,0,38,78,89,57,262,B,65.5,81.3,5.0
std-6113,female,group B,associate's degree,1,1,67,76,65,71,279,B,69.75,78.8,12.2
std-6114,female,group B,some college,0,0,45,77,71,58,251,B,62.75,100.0,4.6
std-6115,female,group E,high school,1,0,27,95,48,79,249,C,62.25,90.4,7.4
std-6116,female,group A,some college,1,1,43,99,79,68,289,B,72.25,75.5,9.2
std-6117,female,group B,high school,0,1,89,100,98,65,352,A,88.0,84.8,13.2
std-6118,female,group C,associate's degree,1,0,67,82,89,59,297,B,74.25,80.7,7.2
std-6119,female,group D,some high school,0,0,84,74,80,62,300,B,75.0,84.2,4.5
std-6120,female,group D,some college,1,0,47,52,73,80,252,B,63.0,72.6,5.8
std-6121,female,group D,some college,0,1,82,87,66,56,291,B,72.75,86.1,13.1
std-6122,female,group C,some high school,1,1,27,41,61,43,172,D,43.0,85.4,7.6
std-6123,female,group B,some college,1,1,49,100,62,73,284,B,71.0,69.8,8.7
std-6124,female,group A,associate's degree,0,1,33,64,86,81,264,B,66.0,69.8,14.1
std-6125,female,group B,high school,1,0,90,89,50,82,311,B,77.75,79.5,10.0
std-6126,female,group C,master's degree,1,0,44,55,73,88,260,B,65.0,75.7,7.9
std-6127,female,group A,some high school,1,0,90,71,58,79,298,B,74.5,100.0,7.6
std-6128,female,group D,master's degree,1,1,80,80,96,82,338,A,84.5,95.1,12.1
std-6129,female,group C,associate's degree,1,0,61,42,60,53,216,C,54.0,84.5,6.8
std-6130,female,group C,some high school,0,0,34,100,78,37,249,C,62.25,76.3,0.2
std-6131,female,group A,some high school,0,0,82,46,88,43,259,B,64.75,76.9,6.9
std-6132,female,group E,some high school,0,0,74,32,88,55,249,C,62.25,65.6,5.2
std-6133,female,group C,high school,1,0,90,61,52,80,283,B,70.75,88.5,5.2
std-6134,female,group C,bachelor's degree,1,1,51,91,63,61,266,B,66.5,84.5,8.0
std-6135,female,group B,associate's degree,1,0,57,41,100,52,250,B,62.5,90.4,1.8
std-6136,female,group D,some high school,1,0,100,50,88,85,323,A,80.75,82.9,2.9
std-6137,female,group C,master's degree,0,1,48,68,81,97,294,B,73.5,81.1,12.3
std-6138,female,group A,some high school,0,1,64,56,82,72,274,B,68.5,82.3,9.9
std-6139,female,group D,some college,0,1,84,93,92,87,356,A,89.0,95.6,4.6
std-6140,female,group A,some college,1,0,45,73,79,82,279,B,69.75,67.9,4.9
std-6141,female,group B,some college,1,0,40,74,60,43,217,C,54.25,82.7,7.1
std-6142,female,group B,high school,0,0,62,94,78,59,293,B,73.25,82.2,6.0
std-6143,female,group C,some college,1,1,58,91,91,79,319,B,79.75,75.0,12.9
std-6144,female,group B,associate's degree,0,0,40,94,82,69,285,B,71.25,62.9,9.1
std-6145,female,group E,associate's degree,0,1,63,62,87,73,285,B,71.25,80.4,5.6
std-6146,female,group D,bachelor's degree,0,1,89,95,48,82,314,B,78.5,97.1,9.3
std-6147,female,group D,some high school,0,1,58,59,76,68,261,B,65.25,94.8,7.3
std-6148,female,group A,some high school,0,0,79,62,85,80,306,B,76.5,86.6,3.5
std-6149,female,group D,some college,1,0,54,56,79,55,244,C,61.0,95.9,1.9
std-6150,female,group B,some high school,1,0,27,57,82,56,222,C,55.5,76.1,3.0
std-6151,female,group D,some high school,1,1,88,83,100,65,336,A,84.0,94.5,8.6
std-6152,female,group C,bachelor's degree,1,0,56,64,88,53,261,B,65.25,75.6,6.6
std-6153,female,group E,some high school,1,0,84,77,89,81,331,A,82.75,80.8,10.2
std-6154,female,group B,high school,0,0,66,92,90,74,322,A,80.5,78.6,8.6
std-6155,female,group D,high school,1,0,38,44,73,62,217,C,54.25,57.5,6.7
std-6156,female,group C,some high school,0,1,80,99,50,100,329,A,82.25,96.9,9.4
std-6157,female,group E,associate's degree,0,0,100,70,94,50,314,B,78.5,78.3,8.7
std-6158,female,group A,high school,0,0,91,68,99,66,324,A,81.0,77.7,7.0
std-6159,female,group C,some high school,0,1,49,95,95,94,333,A,83.25,75.0,9.0
std-6160,female,group E,some college,0,1,90,38,67,60,255,B,63.75,77.4,13.0
std-6161,female,group A,bachelor's degree,0,1,49,86,81,63,279,B,69.75,97.0,3.0
std-6162,female,group A,associate's degree,1,0,75,38,86,58,257,B,64.25,98.2,1.1
std-6163,female,group E,high school,0,0,54,87,85,62,288,B,72.0,67.0,7.5
std-6164,female,group E,some high school,1,1,40,72,58,75,245,C,61.25,75.2,7.4
std-6165,female,group E,high school,0,0,64,92,70,44,270,B,67.5,71.1,2.5
std-6166,female,group A,some college,1,0,76,62,99,66,303,B,75.75,92.1,4.3
std-6167,female,group D,some college,1,0,86,91,63,63,303,B,75.75,85.7,4.6
std-6168,female,group C,some high school,0,0,77,77,40,66,260,B,65.0,73.9,8.1
std-6169,female,group C,bachelor's degree,0,1,55,66,85,83,289,B,72.25,82.7,12.1
std-6170,female,group A,bachelor's degree,1,1,53,54,82,61,250,B,62.5,74.5,12.2
std-6171,female,group A,some college,1,0,61,45,100,49,255,B,63.75,93.7,1.8
std-6172,female,group B,high school,0,1,64,77,49,56,246,C,61.5,83.4,4.6
std-6173,female,group C,high school,0,0,65,70,65,100,300,B,75.0,88.9,3.2
std-6174,female,group C,some college,1,1,58,62,74,100,294,B,73.5,58.4,12.4
std-6175,female,group C,high school,1,0,66,76,97,66,305,B,76.25,82.7,8.0
std-6176,female,group C,some high school,0,0,74,96,99,64,333,A,83.25,100.0,7.8
std-6177,female,group C,some college,1,1,58,66,100,100,324,A,81.0,96.8,10.5
std-6178,female,group C,high school,1,1,55,75,77,58,265,B,66.25,63.4,8.4
std-6179,female,group E,bachelor's degree,1,1,77,76,86,57,296,B,74.0,79.8,6.4
std-6180,female,group B,some college,1,0,84,93,58,77,312,B,78.0,73.1,8.4
std-6181,female,group C,some high school,0,0,54,79,82,80,295,B,73.75,97.9,6.2
std-6182,female,group E,some high school,1,1,67,80,57,46,250,B,62.5,81.0,5.2
std-6183,female,group C,bachelor's degree,1,0,51,88,66,99,304,B,76.0,76.3,8.4
std-6184,female,group C,some college,1,0,63,94,100,63,320,A,80.0,84.9,6.2
std-6185,female,group B,some college,1,1,41,63,93,76,273,B,68.25,57.2,9.3
std-6186,female,group D,associate's degree,1,0,60,71,80,71,282,B,70.5,71.7,6.1
std-6187,female,group B,some high school,1,1,88,52,91,59,290,B,72.5,82.4,11.3
std-6188,female,group A,some high school,0,1,68,92,31,88,279,B,69.75,88.8,9.4
std-6189,female,group D,high school,0,0,67,65,60,52,244,C,61.0,60.8,3.3
std-6190,female,group E,high school,0,1,40,55,63,45,203,C,50.75,71.5,7.8
std-6191,female,group C,high school,1,1,70,79,15,61,225,C,56.25,85.8,8.4
std-6192,female,group E,some college,1,1,57,88,54,84,283,B,70.75,68.4,10.2
std-6193,female,group E,high school,1,0,62,49,62,83,256,B,64.0,81.3,8.4
std-6194,female,group E,master's degree,1,0,35,50,79,79,243,C,60.75,78.8,3.9
std-6195,female,group A,high school,0,1,96,58,66,45,265,B,66.25,95.4,10.2
std-6196,female,group A,some high school,1,0,49,84,84,82,299,B,74.75,80.8,2.5
std-6197,female,group D,bachelor's degree,0,0,60,81,58,67,266,B,66.5,78.6,5.7
std-6198,female,group D,bachelor's degree,1,1,77,88,59,87,311,B,77.75,91.5,8.9
std-6199,female,group B,high school,1,0,72,62,81,92,307,B,76.75,71.6,10.6
std-6200,female,group E,bachelor's degree,1,0,85,74,100,74,333,A,83.25,83.7,7.2
std-6201,female,group D,some college,0,0,67,91,72,100,330,A,82.5,81.3,9.1
std-6202,female,group A,some high school,1,0,81,70,59,48,258,B,64.5,78.2,1.4
std-6203,female,group B,associate's degree,1,0,90,56,89,59,294,B,73.5,90.1,5.8
std-6204,female,group C,bachelor's degree,0,1,73,75,88,99,335,A,83.75,90.8,8.0
std-6205,female,group A,associate's degree,0,0,56,67,66,70,259,B,64.75,72.8,12.1
std-6206,female,group C,some college,1,0,87,70,55,88,300,B,75.0,84.1,5.2
std-6207,female,group E,some high school,1,1,70,85,61,84,300,B,75.0,96.3,9.5
std-6208,female,group C,some high school,0,1,71,76,62,48,257,B,64.25,71.9,8.6
std-6209,female,group A,associate's degree,1,0,80,88,91,61,320,A,80.0,85.9,3.3
std-6210,female,group A,high school,0,0,91,76,57,87,311,B,77.75,82.1,5.8
std-6211,female,group D,associate's degree,1,0,53,87,75,75,290,B,72.5,81.5,7.6
std-6212,female,group A,associate's degree,1,0,48,47,32,59,186,D,46.5,58.8,4.4
std-6213,female,group D,some high school,1,0,29,44,79,71,223,C,55.75,89.2,0.0
std-6214,female,group C,high school,0,0,81,74,81,75,311,B,77.75,76.9,5.7
std-6215,female,group E,some high school,0,0,47,92,67,53,259,B,64.75,88.8,8.4
std-6216,female,group B,bachelor's degree,1,1,84,96,37,34,251,B,62.75,73.3,9.6
std-6217,female,group D,high school,1,1,83,47,79,92,301,B,75.25,77.4,12.4
std-6218,female,group E,high school,1,0,31,72,90,89,282,B,70.5,92.3,3.9
std-6219,female,group E,high school,1,0,77,74,71,94,316,B,79.0,93.2,10.4
std-6220,female,group E,some college,0,0,53,57,70,64,244,C,61.0,80.2,5.4
std-6221,female,group B,some high school,1,1,50,77,64,50,241,C,60.25,84.9,11.9
std-6222,female,group A,bachelor's degree,1,0,64,63,32,58,217,C,54.25,73.5,4.9
std-6223,female,group C,some college,1,1,63,45,77,56,241,C,60.25,78.0,2.8
std-6224,female,group A,associate's degree,0,1,27,81,87,97,292,B,73.0,76.3,11.3
std-6225,female,group D,high school,0,0,65,42,61,66,234,C,58.5,85.6,4.2
std-6226,female,group D,associate's degree,1,0,50,67,82,68,267,B,66.75,73.9,5.1
std-6227,female,group A,some high school,0,0,51,37,68,100,256,B,64.0,92.6,2.2
std-6228,female,group B,associate's degree,1,1,66,94,92,81,333,A,83.25,82.8,14.2
std-6229,female,group C,high school,1,1,81,67,57,74,279,B,69.75,81.4,7.5
std-6230,female,group D,some college,0,0,75,80,60,58,273,B,68.25,87.5,10.1
std-6231,female,group E,some college,1,0,68,63,92,54,277,B,69.25,81.2,5.2
std-6232,female,group D,bachelor's degree,1,1,56,60,84,75,275,B,68.75,78.2,6.4
std-6233,female,group C,some high school,1,0,48,67,96,77,288,B,72.0,81.7,9.8
std-6234,female,group A,some college,1,0,54,53,62,80,249,C,62.25,86.7,5.4
std-6235,female,group A,associate's degree,1,0,83,58,71,76,288,B,72.0,76.0,6.4
std-6236,female,group C,associate's degree,1,0,49,45,28,30,152,D,38.0,69.5,0.1
std-6237,female,group C,associate's degree,1,1,37,30,79,74,220,C,55.0,76.4,6.3
std-6238,female,group C,high school,1,1,51,74,63,65,253,B,63.25,86.8,9.3
std-6239,female,group C,associate's degree,1,0,81,72,70,62,285,B,71.25,80.8,3.2
std-6240,female,group C,high school,1,0,63,43,45,53,204,C,51.0,91.2,3.2
std-6241,female,group A,master's degree,1,0,73,55,65,59,252,B,63.0,77.5,4.6
std-6242,female,group C,associate's degree,1,0,48,82,87,92,309,B,77.25,81.5,7.2
std-6243,female,group D,bachelor's degree,1,0,40,65,79,58,242,C,60.5,76.6,9.2
std-6244,female,group E,high school,0,0,57,100,77,68,302,B,75.5,71.2,6.1
std-6245,female,group C,some college,0,1,50,81,73,70,274,B,68.5,71.4,7.0
std-6246,female,group C,some college,1,0,92,85,93,64,334,A,83.5,81.0,14.5
std-6247,female,group C,bachelor's degree,1,0,32,74,67,59,232,C,58.0,87.5,4.1
std-6248,female,group C,some college,1,0,84,87,99,68,338,A,84.5,85.8,7.3
std-6249,female,group C,associate's degree,1,0,57,82,83,70,292,B,73.0,77.9,5.7
std-6250,female,group D,bachelor's degree,1,1,30,49,77,31,187,D,46.75,84.6,6.0
std-6251,female,group E,associate's degree,1,0,65,64,100,63,292,B,73.0,96.2,6.8
std-6252,female,group A,some college,1,0,29,99,77,59,264,B,66.0,91.2,8.3
std-6253,female,group E,some college,1,1,85,59,89,99,332,A,83.0,77.9,11.1
std-6254,female,group D,high school,0,1,81,100,100,49,330,A,82.5,80.9,12.7
std-6255,female,group C,high school,0,1,65,58,100,42,265,B,66.25,96.3,11.1
std-6256,female,group A,bachelor's degree,1,1,63,84,69,73,289,B,72.25,84.2,9.6
std-6257,female,group C,associate's degree,0,1,69,80,76,55,280,B,70.0,78.9,9.8
std-6258,female,group C,some college,1,0,79,86,82,41,288,B,72.0,88.4,9.3
std-6259,female,group D,some high school,1,1,76,68,77,45,266,B,66.5,89.2,5.8
std-6260,female,group D,bachelor's degree,1,0,42,92,69,25,228,C,57.0,71.8,11.4
std-6261,female,group D,associate's degree,1,1,74,70,91,80,315,B,78.75,86.1,8.4
std-6262,female,group D,some college,1,0,42,81,86,66,275,B,68.75,89.2,5.4
std-6263,female,group C,associate's degree,1,1,82,74,76,58,290,B,72.5,71.6,6.1
std-6264,female,group D,high school,0,1,53,75,73,81,282,B,70.5,81.5,6.0
std-6265,female,group A,bachelor's degree,1,0,49,69,79,70,267,B,66.75,70.2,8.5
std-6266,female,group B,associate's degree,0,1,100,62,100,58,320,A,80.0,75.7,15.5
std-6267,female,group B,high school,1,1,33,96,100,86,315,B,78.75,79.1,8.3
std-6268,female,group B,associate's degree,1,0,47,63,96,77,283,B,70.75,85.8,7.3
std-6269,female,group B,high school,0,0,61,100,92,41,294,B,73.5,79.5,7.2
std-6270,female,group B,some high school,1,1,78,83,84,63,308,B,77.0,77.7,12.0
std-6271,female,group B,some high school,0,0,68,66,100,68,302,B,75.5,83.5,12.4
std-6272,female,group C,some college,1,0,72,78,92,59,301,B,75.25,72.7,10.7
std-6273,female,group E,associate's degree,1,1,64,89,75,73,301,B,75.25,86.9,8.8
std-6274,female,group C,high school,1,0,92,96,77,76,341,A,85.25,96.5,9.1
std-6275,female,group E,high school,1,0,77,96,100,67,340,A,85.0,85.5,9.3
std-6276,female,group B,bachelor's degree,1,1,50,71,36,53,210,C,52.5,73.6,7.2
std-6277,female,group E,some college,1,0,90,91,73,50,304,B,76.0,86.6,4.2
std-6278,female,group D,some high school,1,0,77,84,39,77,277,B,69.25,62.8,4.3
std-6279,female,group E,bachelor's degree,1,1,86,72,81,90,329,A,82.25,90.1,12.9
std-6280,female,group B,associate's degree,0,0,28,68,69,73,238,C,59.5,100.0,8.5
std-6281,female,group E,some high school,0,1,47,60,100,54,261,B,65.25,78.6,7.9
std-6282,female,group D,some college,1,0,72,23,71,47,213,C,53.25,74.6,5.4
std-6283,female,group C,high school,1,1,70,56,74,52,252,B,63.0,85.6,11.2
std-6284,female,group A,associate's degree,1,1,69,40,44,68,221,C,55.25,91.2,3.2
std-6285,female,group C,bachelor's degree,1,0,69,33,44,88,234,C,58.5,86.2,4.2
std-6286,female,group D,associate's degree,1,1,46,43,89,61,239,C,59.75,58.5,12.9
std-6287,female,group B,high school,1,0,58,76,97,76,307,B,76.75,88.6,7.7
std-6288,female,group C,some college,1,1,43,81,70,67,261,B,65.25,100.0,5.6
std-6289,female,group A,some college,0,1,77,55,81,68,281,B,70.25,86.9,9.2
std-6290,female,group C,associate's degree,1,0,72,92,89,95,348,A,87.0,76.5,10.5
std-6291,female,group C,some college,1,1,45,98,66,60,269,B,67.25,82.9,2.2
std-6292,female,group C,associate's degree,0,0,90,48,82,100,320,A,80.0,73.0,7.7
std-6293,female,group E,some college,0,0,77,43,99,44,263,B,65.75,90.9,5.0
std-6294,female,group B,some college,0,1,61,57,93,48,259,B,64.75,70.9,4.3
std-6295,female,group D,some college,1,0,69,90,62,33,254,B,63.5,79.8,6.0
std-6296,female,group C,bachelor's degree,1,1,71,30,77,48,226,C,56.5,69.1,7.2
std-6297,female,group E,high school,0,0,58,84,59,76,277,B,69.25,76.1,6.2
std-6298,female,group C,associate's degree,1,0,77,80,54,70,281,B,70.25,94.7,5.5
std-6299,female,group C,associate's degree,1,0,79,73,83,76,311,B,77.75,84.8,4.5
std-6300,female,group E,some high school,0,0,57,100,94,30,281,B,70.25,76.3,2.7
std-6301,female,group E,some college,0,1,48,89,79,66,282,B,70.5,71.1,7.2
std-6302,female,group D,associate's degree,0,1,60,50,56,69,235,C,58.75,60.7,9.9
std-6303,female,group C,some college,1,0,50,98,82,47,277,B,69.25,69.8,6.9
std-6304,female,group C,associate's degree,1,0,72,42,100,65,279,B,69.75,82.2,6.2
std-6305,female,group E,some college,0,1,56,32,89,100,277,B,69.25,89.8,6.2
std-6306,female,group D,some college,0,1,84,47,70,96,297,B,74.25,77.6,8.3
std-6307,female,group C,some college,1,0,60,84,98,70,312,B,78.0,98.0,9.0
std-6308,female,group A,high school,0,0,62,95,74,64,295,B,73.75,76.0,8.0
std-6309,female,group D,high school,0,0,67,87,97,70,321,A,80.25,82.5,6.1
std-6310,female,group A,associate's degree,0,1,66,64,24,50,204,C,51.0,65.3,0.5
std-6311,female,group C,some college,1,0,41,89,39,87,256,B,64.0,88.2,4.1
std-6312,female,group A,some college,0,0,92,94,80,70,336,A,84.0,100.0,6.5
std-6313,female,group E,high school,1,1,51,62,84,93,290,B,72.5,66.2,6.8
std-6314,female,group C,associate's degree,0,0,99,34,66,50,249,C,62.25,75.6,4.6
std-6315,female,group E,some college,1,1,36,73,86,100,295,B,73.75,93.9,11.3
std-6316,female,group D,some high school,0,1,68,66,92,74,300,B,75.0,69.9,9.2
std-6317,female,group B,associate's degree,1,0,56,90,78,90,314,B,78.5,89.2,9.6
std-6318,female,group C,master's degree,1,1,52,100,57,56,265,B,66.25,91.0,4.7
std-6319,female,group C,high school,1,1,72,47,100,78,297,B,74.25,83.4,8.5
std-6320,female,group D,associate's degree,1,1,58,70,35,48,211,C,52.75,80.5,2.4
std-6321,female,group E,high school,0,1,27,27,87,97,238,C,59.5,93.6,6.8
std-6322,female,group B,some college,0,1,57,42,100,71,270,B,67.5,98.0,6.0
std-6323,female,group D,some high school,1,1,75,80,39,71,265,B,66.25,79.5,11.7
std-6324,female,group B,high school,1,0,70,96,73,59,298,B,74.5,78.0,7.8
std-6325,female,group B,some high school,1,1,77,62,83,100,322,A,80.5,76.5,12.4
std-6326,female,group D,associate's degree,1,1,64,73,99,92,328,A,82.0,94.0,8.9
std-6327,female,group C,high school,0,0,70,97,84,43,294,B,73.5,70.1,4.1
std-6328,female,group A,high school,1,1,41,57,70,73,241,C,60.25,75.8,5.3
std-6329,female,group C,high school,1,1,52,74,81,93,300,B,75.0,83.8,10.0
std-6330,female,group B,some college,1,1,69,83,56,67,275,B,68.75,76.3,13.3
std-6331,female,group B,some high school,1,0,72,64,96,89,321,A,80.25,87.2,8.4
std-6332,female,group D,some college,1,1,100,67,100,61,328,A,82.0,100.0,9.1
std-6333,female,group C,high school,0,0,55,89,67,44,255,B,63.75,78.1,5.3
std-6334,female,group B,high school,1,0,75,66,100,74,315,B,78.75,80.2,7.1
std-6335,female,group A,some college,1,0,35,87,77,71,270,B,67.5,89.6,11.2
std-6336,female,group B,associate's degree,1,0,75,69,82,87,313,B,78.25,86.1,10.2
std-6337,female,group C,associate's degree,1,0,42,52,50,67,211,C,52.75,88.5,5.4
std-6338,female,group E,some high school,0,0,28,100,54,65,247,C,61.75,80.0,5.9
std-6339,female,group A,some college,0,1,60,98,78,74,310,B,77.5,81.5,10.3
std-6340,female,group B,bachelor's degree,1,0,85,60,71,61,277,B,69.25,65.0,7.5
std-6341,female,group C,some college,1,0,53,90,60,44,247,C,61.75,64.0,4.5
std-6342,female,group C,some college,1,0,71,57,69,73,270,B,67.5,63.9,4.0
std-6343,female,group B,high school,1,1,53,90,100,49,292,B,73.0,85.7,11.7
std-6344,female,group A,some high school,0,1,69,72,76,72,289,B,72.25,69.7,9.1
std-6345,female,group A,some college,1,1,58,83,57,77,275,B,68.75,92.1,11.1
std-6346,female,group C,some college,1,0,54,99,100,92,345,A,86.25,86.9,12.0
std-6347,female,group D,associate's degree,1,0,41,68,100,73,282,B,70.5,79.2,7.7
std-6348,female,group A,master's degree,1,0,47,76,68,86,277,B,69.25,73.4,7.2
std-6349,female,group C,some college,1,1,34,45,86,74,239,C,59.75,83.5,15.9
std-6350,female,group B,high school,0,1,77,82,81,96,336,A,84.0,78.7,10.7
std-6351,female,group A,high school,0,0,39,79,72,40,230,C,57.5,68.3,2.5
std-6352,female,group B,some high school,1,1,27,59,97,81,264,B,66.0,90.6,7.8
std-6353,female,group E,some high school,1,0,50,62,83,55,250,B,62.5,82.0,9.5
std-6354,female,group D,some high school,1,1,100,33,74,61,268,B,67.0,78.2,5.3
std-6355,female,group B,some college,1,0,87,75,42,86,290,B,72.5,87.9,4.7
std-6356,female,group D,some college,1,0,56,87,97,94,334,A,83.5,85.8,10.4
std-6357,female,group C,some college,1,0,51,76,78,61,266,B,66.5,83.5,5.4
std-6358,female,group B,associate's degree,1,1,85,48,76,70,279,B,69.75,73.8,8.6
std-6359,female,group C,some college,1,0,43,62,100,93,298,B,74.5,100.0,9.5
std-6360,female,group C,some college,1,1,88,49,65,62,264,B,66.0,74.7,6.7
std-6361,female,group B,associate's degree,1,0,40,75,100,75,290,B,72.5,96.1,2.9
std-6362,female,group C,associate's degree,0,0,100,53,100,59,312,B,78.0,82.2,3.6
std-6363,female,group B,associate's degree,1,1,45,86,100,66,297,B,74.25,89.9,10.7
std-6364,female,group A,associate's degree,1,0,75,100,62,56,293,B,73.25,88.9,7.3
std-6365,female,group D,some college,0,0,92,64,100,67,323,A,80.75,95.1,5.6
std-6366,female,group D,associate's degree,1,1,54,77,58,81,270,B,67.5,72.9,5.7
std-6367,female,group A,some college,1,1,48,89,65,85,287,B,71.75,91.5,8.3
std-6368,female,group A,some college,0,0,82,75,86,35,278,B,69.5,97.7,9.1
std-6369,female,group D,high school,1,0,58,58,80,41,237,C,59.25,75.4,3.3
std-6370,female,group B,associate's degree,1,0,97,64,55,85,301,B,75.25,83.3,5.2
std-6371,female,group C,some college,0,0,69,56,96,66,287,B,71.75,77.1,3.5
std-6372,female,group E,some college,1,0,83,80,100,96,359,A,89.75,84.7,7.3
std-6373,female,group C,associate's degree,1,0,70,83,62,75,290,B,72.5,97.5,7.4
std-6374,female,group B,some high school,1,1,61,50,83,62,256,B,64.0,70.2,13.6
std-6375,female,group C,associate's degree,0,0,96,51,78,85,310,B,77.5,75.3,7.6
std-6376,female,group A,some college,1,0,49,63,72,65,249,C,62.25,93.2,5.5
std-6377,female,group A,high school,1,1,31,65,50,70,216,C,54.0,81.6,9.5
std-6378,female,group C,some college,0,0,51,100,95,91,337,A,84.25,100.0,9.4
std-6379,female,group C,some college,0,1,75,70,75,55,275,B,68.75,76.8,7.3
std-6380,female,group A,some high school,1,0,64,82,97,53,296,B,74.0,83.7,12.5
std-6381,female,group D,master's degree,1,0,33,62,100,78,273,B,68.25,74.7,6.1
std-6382,female,group C,high school,1,1,40,56,86,41,223,C,55.75,77.8,8.1
std-6383,female,group B,associate's degree,1,0,75,77,85,87,324,A,81.0,68.9,8.8
std-6384,female,group E,some high school,0,0,95,85,82,83,345,A,86.25,92.8,8.8
std-6385,female,group A,associate's degree,0,1,49,76,90,96,311,B,77.75,86.7,13.4
std-6386,female,group C,master's degree,1,0,85,84,63,89,321,A,80.25,84.1,5.9
std-6387,female,group E,associate's degree,0,0,39,100,73,40,252,B,63.0,75.4,7.7
std-6388,female,group A,associate's degree,0,1,78,97,100,41,316,B,79.0,76.2,10.1
std-6389,female,group B,bachelor's degree,1,0,97,56,81,76,310,B,77.5,90.3,9.5
std-6390,female,group E,some high school,1,0,62,55,66,93,276,B,69.0,70.4,5.7
std-6391,female,group E,associate's degree,1,0,60,74,86,65,285,B,71.25,86.3,5.6
std-6392,female,group C,high school,1,1,48,86,74,89,297,B,74.25,100.0,11.1
std-6393,female,group E,some college,1,0,41,48,88,58,235,C,58.75,90.9,6.2
std-6394,female,group E,some college,1,1,88,60,91,68,307,B,76.75,69.9,7.4
std-6395,female,group E,high school,0,0,39,65,96,41,241,C,60.25,73.2,8.8
std-6396,female,group D,some high school,1,1,71,78,69,81,299,B,74.75,86.6,11.1
std-6397,female,group C,high school,1,0,54,78,30,86,248,C,62.0,78.0,5.4
std-6398,female,group D,some high school,0,0,74,38,98,70,280,B,70.0,68.7,5.2
std-6399,female,group D,some high school,1,1,47,63,100,80,290,B,72.5,85.6,10.0
std-6400,female,group D,associate's degree,1,0,56,61,81,47,245,C,61.25,78.3,7.2
std-6401,female,group C,bachelor's degree,1,0,27,100,99,100,326,A,81.5,100.0,3.5
std-6402,female,group C,some high school,0,0,83,85,96,65,329,A,82.25,83.0,8.5
std-6403,female,group C,master's degree,0,1,80,44,75,58,257,B,64.25,89.9,9.9
std-6404,female,group A,some high school,0,0,39,75,88,90,292,B,73.0,70.8,0.8
std-6405,female,group E,some college,1,0,29,93,78,31,231,C,57.75,68.0,5.7
std-6406,female,group B,some high school,0,0,47,60,84,68,259,B,64.75,86.0,7.6
std-6407,female,group A,high school,1,0,55,100,47,79,281,B,70.25,91.1,7.8
std-6408,female,group E,associate's degree,0,0,48,85,73,41,247,C,61.75,69.9,7.6
std-6409,female,group D,some college,1,0,57,59,76,99,291,B,72.75,82.4,5.8
std-6410,female,group C,bachelor's degree,0,1,70,74,90,67,301,B,75.25,70.6,6.8
std-6411,female,group C,bachelor's degree,1,0,100,56,83,80,319,B,79.75,82.9,2.8
std-6412,female,group E,associate's degree,0,1,63,72,74,60,269,B,67.25,87.9,11.3
std-6413,female,group B,associate's degree,0,0,81,92,93,63,329,A,82.25,81.4,9.3
std-6414,female,group B,high school,0,0,54,80,74,56,264,B,66.0,77.7,8.9
std-6415,female,group E,associate's degree,1,0,58,59,77,46,240,C,60.0,67.8,3.6
std-6416,female,group E,high school,1,1,86,78,44,82,290,B,72.5,76.3,11.1
std-6417,female,group C,master's degree,1,0,50,87,95,87,319,B,79.75,100.0,3.5
std-6418,female,group D,some high school,1,1,27,57,83,72,239,C,59.75,78.5,5.7
std-6419,female,group D,some college,1,1,57,83,88,72,300,B,75.0,73.9,9.6
std-6420,female,group A,some college,1,1,48,71,86,62,267,B,66.75,77.4,10.2
std-6421,female,group D,bachelor's degree,0,0,74,57,75,58,264,B,66.0,65.6,10.2
std-6422,female,group D,bachelor's degree,0,0,60,90,81,51,282,B,70.5,72.3,5.8
std-6423,female,group C,associate's degree,1,0,87,31,80,98,296,B,74.0,94.8,4.6
std-6424,female,group B,bachelor's degree,0,0,94,79,55,59,287,B,71.75,80.6,4.2
std-6425,female,group A,high school,0,1,73,47,55,64,239,C,59.75,94.9,6.2
std-6426,female,group D,some college,1,0,68,49,95,79,291,B,72.75,81.3,12.2
std-6427,female,group E,some college,0,1,74,57,75,69,275,B,68.75,80.5,10.6
std-6428,female,group B,some college,0,0,59,58,86,56,259,B,64.75,85.3,8.6
std-6429,female,group C,high school,1,0,51,60,70,88,269,B,67.25,56.3,5.5
std-6430,female,group A,high school,1,1,55,91,27,24,197,D,49.25,76.2,6.9
std-6431,female,group C,some college,1,1,74,41,39,68,222,C,55.5,76.0,9.2
std-6432,female,group C,associate's degree,1,0,71,100,98,73,342,A,85.5,99.8,6.6
std-6433,female,group D,some college,1,1,78,42,90,60,270,B,67.5,89.1,7.9
std-6434,female,group D,master's degree,1,1,62,86,67,23,238,C,59.5,67.6,6.2
std-6435,female,group A,associate's degree,1,1,27,50,100,59,236,C,59.0,88.8,6.7
std-6436,female,group D,associate's degree,0,0,80,64,81,46,271,B,67.75,78.2,6.3
std-6437,female,group C,some high school,0,0,71,63,78,60,272,B,68.0,72.5,4.1
std-6438,female,group B,associate's degree,1,1,33,82,97,62,274,B,68.5,82.5,9.4
std-6439,female,group B,high school,1,1,95,82,70,81,328,A,82.0,83.4,10.7
std-6440,female,group E,some high school,1,0,58,41,97,81,277,B,69.25,94.9,5.8
std-6441,female,group B,some college,0,0,27,77,71,58,233,C,58.25,80.4,3.2
std-6442,female,group E,associate's degree,1,1,39,44,100,96,279,B,69.75,83.0,9.1
std-6443,female,group C,some college,0,1,71,55,81,75,282,B,70.5,89.5,7.6
std-6444,female,group D,some college,0,0,85,87,85,46,303,B,75.75,93.0,7.0
std-6445,female,group E,associate's degree,1,0,57,54,45,74,230,C,57.5,84.2,7.9
std-6446,female,group D,associate's degree,0,0,63,67,100,61,291,B,72.75,94.9,3.5
std-6447,female,group D,bachelor's degree,1,0,100,64,100,59,323,A,80.75,90.3,12.8
std-6448,female,group C,high school,1,0,88,50,74,53,265,B,66.25,81.5,5.8
std-6449,female,group D,associate's degree,1,0,71,81,58,55,265,B,66.25,91.2,7.0
std-6450,female,group C,high school,1,0,63,68,81,68,280,B,70.0,80.4,4.5
std-6451,female,group C,associate's degree,1,1,61,62,68,81,272,B,68.0,80.9,11.5
std-6452,female,group B,some college,0,1,36,67,60,76,239,C,59.75,93.4,7.6
std-6453,female,group B,associate's degree,0,0,46,59,66,42,213,C,53.25,90.3,3.8
std-6454,female,group E,high school,1,0,52,82,96,60,290,B,72.5,82.0,5.2
std-6455,female,group C,bachelor's degree,1,1,87,60,94,100,341,A,85.25,82.2,9.6
std-6456,female,group A,some college,0,0,56,50,83,68,257,B,64.25,92.5,6.9
std-6457,female,group E,bachelor's degree,1,0,94,74,85,88,341,A,85.25,93.5,8.2
std-6458,female,group D,master's degree,1,1,83,71,78,82,314,B,78.5,86.9,9.6
std-6459,female,group C,high school,1,1,46,44,73,67,230,C,57.5,74.2,5.9
std-6460,female,group D,some college,0,1,70,62,100,80,312,B,78.0,86.9,7.7
std-6461,female,group C,some college,1,0,33,38,74,76,221,C,55.25,76.2,3.8
std-6462,female,group A,associate's degree,0,0,64,60,93,48,265,B,66.25,74.0,7.2
std-6463,female,group B,master's degree,1,1,54,94,56,87,291,B,72.75,83.3,10.8
std-6464,female,group A,master's degree,1,1,87,68,76,43,274,B,68.5,83.2,10.7
std-6465,female,group C,associate's degree,1,1,88,65,84,92,329,A,82.25,81.9,10.0
std-6466,female,group B,some high school,1,0,100,78,80,74,332,A,83.0,93.7,8.5
std-6467,female,group B,some college,1,1,74,60,56,72,262,B,65.5,91.4,8.0
std-6468,female,group C,associate's degree,0,1,61,71,83,82,297,B,74.25,91.4,4.9
std-6469,female,group C,some high school,1,1,54,85,65,65,269,B,67.25,77.9,8.1
std-6470,female,group D,some college,0,1,51,50,83,73,257,B,64.25,86.2,7.4
std-6471,female,group D,some college,1,0,88,34,96,93,311,B,77.75,84.5,4.5
std-6472,female,group C,some college,1,0,92,54,68,85,299,B,74.75,71.7,5.4
std-6473,female,group D,high school,0,0,50,88,81,51,270,B,67.5,86.5,6.5
std-6474,female,group C,high school,0,0,82,85,65,98,330,A,82.5,86.7,4.7
std-6475,female,group C,high school,1,0,79,73,100,74,326,A,81.5,100.0,5.7
std-6476,female,group C,associate's degree,1,1,100,72,95,68,335,A,83.75,98.9,14.0
std-6477,female,group B,high school,0,1,54,86,94,54,288,B,72.0,88.3,5.0
std-6478,female,group B,some college,0,1,78,81,79,64,302,B,75.5,85.3,8.9
std-6479,female,group A,some high school,0,0,51,39,61,36,187,D,46.75,75.0,1.2
std-6480,female,group D,high school,1,1,96,68,95,73,332,A,83.0,76.5,8.2
std-6481,female,group D,some high school,0,0,53,97,90,59,299,B,74.75,67.2,6.3
std-6482,female,group D,some college,1,0,78,71,58,67,274,B,68.5,72.9,3.7
std-6483,female,group B,bachelor's degree,1,0,58,72,77,49,256,B,64.0,78.8,7.2
std-6484,female,group E,high school,1,0,27,41,100,97,265,B,66.25,61.1,9.4
std-6485,female,group E,some college,1,1,49,56,48,66,219,C,54.75,71.3,9.5
std-6486,female,group C,bachelor's degree,1,0,76,80,50,23,229,C,57.25,74.8,7.7
std-6487,female,group A,some college,0,0,57,100,67,69,293,B,73.25,80.4,3.2
std-6488,female,group A,high school,1,1,27,68,43,41,179,D,44.75,66.9,5.9
std-6489,female,group A,some college,0,0,72,99,64,52,287,B,71.75,78.8,7.7
std-6490,female,group C,high school,1,0,37,56,86,61,240,C,60.0,93.5,7.6
std-6491,female,group B,some high school,1,0,63,67,61,71,262,B,65.5,85.7,10.3
std-6492,female,group A,master's degree,1,1,29,58,57,63,207,C,51.75,70.2,9.8
std-6493,female,group B,some college,0,0,62,79,75,96,312,B,78.0,83.3,9.4
std-6494,female,group B,some college,1,0,70,73,74,46,263,B,65.75,79.6,12.5
std-6495,female,group A,associate's degree,0,0,65,77,76,60,278,B,69.5,74.2,6.6
std-6496,female,group A,associate's degree,1,0,88,80,59,24,251,B,62.75,71.9,5.0
std-6497,female,group B,master's degree,1,1,74,94,76,78,322,A,80.5,93.8,10.3
std-6498,female,group C,master's degree,0,1,93,75,67,51,286,B,71.5,78.0,6.7
std-6499,female,group D,high school,1,0,46,55,33,87,221,C,55.25,66.5,5.1
std-6500,female,group B,associate's degree,0,0,52,60,99,98,309,B,77.25,83.3,2.7
std-6501,female,group E,high school,0,0,69,98,97,57,321,A,80.25,85.7,6.0
std-6502,female,group B,some college,0,0,65,47,77,60,249,C,62.25,60.9,5.3
std-6503,female,group C,bachelor's degree,1,1,62,54,95,82,293,B,73.25,82.0,11.5
std-6504,female,group E,some college,1,0,53,100,90,72,315,B,78.75,92.0,10.0
std-6505,female,group E,high school,0,1,33,52,97,53,235,C,58.75,81.6,5.4
std-6506,female,group D,high school,1,0,41,95,79,59,274,B,68.5,100.0,11.4
std-6507,female,group C,some high school,1,0,54,78,60,64,256,B,64.0,90.5,6.2
std-6508,female,group C,some high school,1,0,48,81,76,75,280,B,70.0,94.3,7.0
std-6509,female,group C,high school,1,1,27,100,57,41,225,C,56.25,100.0,3.5
std-6510,female,group D,high school,1,1,51,70,90,80,291,B,72.75,89.0,7.6
std-6511,female,group C,some college,0,1,50,88,98,78,314,B,78.5,85.5,12.3
std-6512,female,group D,some college,1,0,82,96,76,57,311,B,77.75,92.6,7.5
std-6513,female,group E,some high school,1,1,45,100,100,88,333,A,83.25,80.6,10.4
std-6514,female,group D,master's degree,0,0,68,59,64,95,286,B,71.5,82.7,7.1
std-6515,female,group C,some college,1,0,57,40,57,100,254,B,63.5,73.3,2.1
std-6516,female,group B,bachelor's degree,1,1,76,65,85,84,310,B,77.5,87.3,9.3
std-6517,female,group E,some college,1,1,48,73,88,56,265,B,66.25,74.2,12.0
std-6518,female,group E,some high school,0,0,38,77,94,55,264,B,66.0,73.8,8.7
std-6519,female,group B,some high school,1,0,55,92,100,100,347,A,86.75,90.5,7.6
std-6520,female,group C,high school,1,0,86,48,75,96,305,B,76.25,82.1,10.9
std-6521,female,group D,associate's degree,1,1,67,81,96,85,329,A,82.25,68.0,6.9
std-6522,female,group C,associate's degree,1,1,51,65,80,85,281,B,70.25,68.2,6.5
std-6523,female,group D,bachelor's degree,1,1,61,73,55,56,245,C,61.25,68.0,12.7
std-6524,female,group B,bachelor's degree,1,1,64,85,97,73,319,B,79.75,76.5,11.2
std-6525,female,group E,high school,1,1,32,93,87,95,307,B,76.75,87.2,8.8
std-6526,female,group D,high school,1,0,30,81,89,83,283,B,70.75,83.5,6.3
std-6527,female,group C,some college,0,0,69,37,95,59,260,B,65.0,89.2,3.9
std-6528,female,group D,associate's degree,0,0,45,64,88,60,257,B,64.25,86.1,6.5
std-6529,female,group D,associate's degree,1,1,64,56,81,73,274,B,68.5,90.4,9.2
std-6530,female,group C,high school,1,0,66,88,75,76,305,B,76.25,88.8,7.0
std-6531,female,group E,high school,1,1,73,94,91,81,339,A,84.75,88.0,7.4
std-6532,female,group B,associate's degree,1,0,51,75,70,42,238,C,59.5,87.7,6.0
std-6533,female,group D,associate's degree,1,0,77,73,72,69,291,B,72.75,90.4,5.3
std-6534,female,group B,some college,1,1,75,87,77,38,277,B,69.25,84.4,6.3
std-6535,female,group D,some college,1,0,27,70,89,62,248,C,62.0,90.1,8.8
std-6536,female,group D,some college,1,1,60,75,70,96,301,B,75.25,61.9,14.8
std-6537,female,group D,bachelor's degree,0,0,28,87,44,71,230,C,57.5,74.5,10.0
std-6538,female,group B,some high school,1,0,62,52,100,93,307,B,76.75,80.7,8.6
std-6539,female,group E,bachelor's degree,1,1,31,89,82,69,271,B,67.75,90.9,8.0
std-6540,female,group C,some college,1,0,66,83,84,77,310,B,77.5,97.9,6.9
std-6541,female,group D,high school,1,0,93,80,99,72,344,A,86.0,73.5,8.9
std-6542,female,group C,high school,1,1,80,88,75,67,310,B,77.5,96.4,8.5
std-6543,female,group E,associate's degree,0,0,86,54,100,63,303,B,75.75,72.6,10.2
std-6544,female,group C,high school,1,1,27,82,46,76,231,C,57.75,66.9,2.6
std-6545,female,group E,some college,1,0,84,71,82,54,291,B,72.75,80.1,5.9
std-6546,female,group B,some college,1,0,27,49,99,88,263,B,65.75,77.0,8.0
std-6547,female,group E,high school,1,0,44,36,77,35,192,D,48.0,60.0,2.2
std-6548,female,group B,some college,1,0,39,45,39,69,192,D,48.0,79.8,3.7
std-6549,female,group D,high school,1,0,64,97,95,91,347,A,86.75,92.9,9.4
std-6550,female,group C,some high school,1,0,97,75,55,75,302,B,75.5,92.6,10.7
std-6551,female,group D,high school,1,1,66,66,71,82,285,B,71.25,77.8,5.7
std-6552,female,group C,associate's degree,0,0,53,59,71,78,261,B,65.25,79.3,2.5
std-6553,female,group A,some college,0,0,45,28,77,78,228,C,57.0,76.7,2.8
std-6554,female,group C,associate's degree,1,1,66,60,78,97,301,B,75.25,98.2,5.5
std-6555,female,group C,associate's degree,1,0,74,71,72,62,279,B,69.75,55.7,2.7
std-6556,female,group B,bachelor's degree,0,0,67,45,57,76,245,C,61.25,69.8,3.1
std-6557,female,group D,some high school,1,0,31,68,77,78,254,B,63.5,79.2,8.8
std-6558,female,group E,high school,0,0,66,100,49,53,268,B,67.0,70.5,5.3
std-6559,female,group C,some high school,1,0,50,50,100,66,266,B,66.5,77.8,6.1
std-6560,female,group C,some high school,1,1,60,46,41,38,185,D,46.25,72.3,4.2
std-6561,female,group D,some college,1,0,86,75,87,79,327,A,81.75,79.2,9.1
std-6562,female,group D,associate's degree,1,0,81,100,100,63,344,A,86.0,87.1,12.6
std-6563,female,group C,bachelor's degree,0,0,34,71,72,71,248,C,62.0,84.3,3.4
std-6564,female,group D,associate's degree,1,1,36,62,71,82,251,B,62.75,76.7,12.5
std-6565,female,group B,bachelor's degree,0,0,65,60,82,65,272,B,68.0,76.5,7.1
std-6566,female,group D,associate's degree,1,0,61,68,84,62,275,B,68.75,79.4,6.3
std-6567,female,group E,some high school,1,1,68,85,74,63,290,B,72.5,82.0,10.1
std-6568,female,group D,some high school,1,0,50,68,75,42,235,C,58.75,61.9,6.3
std-6569,female,group C,some high school,1,1,69,57,60,75,261,B,65.25,83.8,13.1
std-6570,female,group B,some college,0,0,83,39,100,72,294,B,73.5,78.4,8.0
std-6571,female,group D,master's degree,0,0,45,88,88,78,299,B,74.75,94.2,8.2
std-6572,female,group D,associate's degree,1,1,52,100,89,87,328,A,82.0,90.5,8.9
std-6573,female,group C,some college,1,0,69,38,47,79,233,C,58.25,87.9,7.3
std-6574,female,group C,master's degree,1,1,48,76,73,33,230,C,57.5,68.0,5.3
std-6575,female,group D,bachelor's degree,0,0,27,85,74,60,246,C,61.5,75.1,5.8
std-6576,female,group C,some high school,1,0,65,74,63,58,260,B,65.0,68.4,13.1
std-6577,female,group C,associate's degree,1,1,73,37,75,74,259,B,64.75,73.2,2.1
std-6578,female,group E,some high school,1,0,78,67,74,60,279,B,69.75,92.4,6.9
std-6579,female,group C,some high school,1,1,64,59,99,100,322,A,80.5,98.1,10.5
std-6580,female,group E,some college,1,1,38,73,92,74,277,B,69.25,70.7,8.2
std-6581,female,group B,some high school,0,0,79,46,95,63,283,B,70.75,77.4,5.9
std-6582,female,group C,some high school,0,0,40,55,67,67,229,C,57.25,76.4,5.4
std-6583,female,group C,high school,1,0,59,76,84,37,256,B,64.0,84.5,5.2
std-6584,female,group E,associate's degree,1,1,92,55,62,65,274,B,68.5,64.9,9.3
std-6585,female,group E,bachelor's degree,0,0,58,72,79,73,282,B,70.5,67.0,5.2
std-6586,female,group E,high school,1,0,61,58,69,76,264,B,66.0,84.3,11.0
std-6587,female,group D,some college,1,1,64,35,91,46,236,C,59.0,60.1,7.2
std-6588,female,group B,high school,1,1,31,75,89,42,237,C,59.25,73.7,9.3
std-6589,female,group C,associate's degree,1,1,81,64,85,23,253,B,63.25,80.5,6.5
std-6590,female,group B,associate's degree,1,1,84,86,66,94,330,A,82.5,89.1,12.4
std-6591,female,group E,high school,1,0,71,72,98,89,330,A,82.5,84.1,9.4
std-6592,female,group C,bachelor's degree,0,1,93,48,69,59,269,B,67.25,77.1,9.6
std-6593,female,group C,associate's degree,1,1,72,46,78,56,252,B,63.0,86.5,5.6
std-6594,female,group D,high school,1,0,67,100,86,91,344,A,86.0,89.1,6.0
std-6595,female,group C,high school,1,1,69,41,73,48,231,C,57.75,71.4,11.9
std-6596,female,group B,associate's degree,1,0,54,88,67,93,302,B,75.5,83.4,5.0
std-6597,female,group D,master's degree,1,1,71,90,65,67,293,B,73.25,85.8,10.8
std-6598,female,group B,associate's degree,1,0,59,69,54,68,250,B,62.5,94.2,3.3
std-6599,female,group C,high school,1,0,71,48,73,84,276,B,69.0,88.0,8.8
std-6600,female,group C,high school,0,1,53,100,79,32,264,B,66.0,90.9,6.8
std-6601,female,group E,some college,1,0,74,60,80,79,293,B,73.25,76.8,4.3
std-6602,female,group A,bachelor's degree,0,0,81,90,70,85,326,A,81.5,80.3,5.7
std-6603,female,group C,associate's degree,1,0,54,92,69,63,278,B,69.5,79.0,4.9
std-6604,female,group C,some college,0,1,66,23,46,71,206,C,51.5,73.8,8.1
std-6605,female,group A,master's degree,0,0,35,65,74,46,220,C,55.0,67.2,5.1
std-6606,female,group A,associate's degree,0,0,88,63,78,32,261,B,65.25,91.1,3.2
std-6607,female,group B,some college,0,0,60,70,39,56,225,C,56.25,84.7,5.0
std-6608,female,group C,high school,0,1,46,74,58,76,254,B,63.5,76.4,5.4
std-6609,female,group D,some college,1,0,90,81,77,47,295,B,73.75,88.3,8.3
std-6610,female,group E,high school,0,0,77,74,81,75,307,B,76.75,85.5,9.1
std-6611,female,group E,master's degree,0,1,75,97,52,61,285,B,71.25,88.2,8.9
std-6612,female,group D,some college,1,1,33,100,48,47,228,C,57.0,64.9,8.3
std-6613,female,group D,some high school,0,1,68,92,68,62,290,B,72.5,80.8,13.5
std-6614,female,group C,associate's degree,1,1,97,81,44,82,304,B,76.0,82.7,9.0
std-6615,female,group E,some college,0,0,56,73,86,65,280,B,70.0,86.9,4.0
std-6616,female,group A,some college,0,1,58,68,67,75,268,B,67.0,74.6,10.0
std-6617,female,group D,associate's degree,0,0,43,77,64,66,250,B,62.5,56.3,2.8
std-6618,female,group C,some college,1,0,63,29,95,88,275,B,68.75,71.1,5.7
std-6619,female,group C,associate's degree,1,1,64,90,91,57,302,B,75.5,82.5,7.9
std-6620,female,group D,some college,1,0,68,53,90,73,284,B,71.0,82.2,4.7
std-6621,female,group C,some high school,0,1,86,87,70,65,308,B,77.0,98.7,8.9
std-6622,female,group A,master's degree,1,0,75,53,59,73,260,B,65.0,84.9,8.1
std-6623,female,group D,some college,0,1,55,54,67,48,224,C,56.0,77.4,10.3
std-6624,female,group E,some college,0,0,34,59,66,49,208,C,52.0,75.0,7.0
std-6625,female,group A,high school,0,0,67,96,45,70,278,B,69.5,91.0,7.2
std-6626,female,group C,high school,1,1,70,100,58,83,311,B,77.75,78.5,8.9
std-6627,female,group A,high school,0,1,58,79,58,61,256,B,64.0,78.0,2.4
std-6628,female,group B,some high school,1,1,27,75,87,84,273,B,68.25,70.9,9.6
std-6629,female,group E,bachelor's degree,0,1,76,78,77,65,296,B,74.0,95.4,3.5
std-6630,female,group C,some college,1,0,63,65,66,78,272,B,68.0,84.1,1.4
std-6631,female,group E,associate's degree,1,0,59,79,85,89,312,B,78.0,77.5,6.7
std-6632,female,group D,bachelor's degree,0,0,60,59,75,37,231,C,57.75,76.2,5.9
std-6633,female,group D,high school,1,0,87,41,59,36,223,C,55.75,81.1,3.9
std-6634,female,group C,some high school,1,0,73,70,94,63,300,B,75.0,80.7,10.7
std-6635,female,group D,associate's degree,1,0,63,86,67,59,275,B,68.75,76.0,7.4
std-6636,female,group C,high school,1,1,36,72,93,40,241,C,60.25,72.1,7.3
std-6637,female,group D,some college,1,1,87,97,84,100,368,A,92.0,91.6,14.4
std-6638,female,group A,some college,1,1,56,76,82,57,271,B,67.75,77.3,12.6
std-6639,female,group C,high school,0,0,29,62,97,65,253,B,63.25,74.9,7.0
std-6640,female,group C,bachelor's degree,0,1,85,57,84,57,283,B,70.75,69.5,7.0
std-6641,female,group C,master's degree,0,0,65,69,84,35,253,B,63.25,79.7,4.3
std-6642,female,group A,bachelor's degree,1,0,27,96,88,65,276,B,69.0,79.3,2.6
std-6643,female,group D,some high school,1,0,87,98,95,93,373,A,93.25,86.1,8.5
std-6644,female,group D,some high school,1,1,91,68,78,46,283,B,70.75,83.3,6.3
std-6645,female,group C,some high school,1,1,57,75,67,93,292,B,73.0,89.0,8.3
std-6646,female,group D,associate's degree,0,0,55,78,87,58,278,B,69.5,87.4,7.0
std-6647,female,group E,high school,1,1,45,74,83,37,239,C,59.75,82.8,2.9
std-6648,female,group E,associate's degree,1,1,74,89,93,42,298,B,74.5,80.6,6.1
std-6649,female,group E,high school,1,0,30,39,36,41,146,Fail,36.5,65.1,1.9
std-6650,female,group D,associate's degree,0,1,32,65,74,89,260,B,65.0,70.2,8.3
std-6651,female,group D,associate's degree,0,1,69,77,87,52,285,B,71.25,76.3,7.7
std-6652,female,group D,associate's degree,0,0,43,69,90,86,288,B,72.0,82.1,5.9
std-6653,female,group A,associate's degree,0,0,34,86,97,64,281,B,70.25,74.3,4.6
std-6654,female,group E,bachelor's degree,1,0,27,87,91,71,276,B,69.0,81.8,2.6
std-6655,female,group B,some high school,0,0,85,66,86,88,325,A,81.25,76.3,6.1
std-6656,female,group C,some high school,0,1,70,90,73,27,260,B,65.0,64.7,7.9
std-6657,female,group E,some high school,1,0,40,40,66,45,191,D,47.75,81.3,3.5
std-6658,female,group D,some college,1,0,77,74,74,82,307,B,76.75,79.2,7.3
std-6659,female,group C,some college,1,1,48,70,64,40,222,C,55.5,68.9,8.5
std-6660,female,group D,some high school,1,0,64,61,99,67,291,B,72.75,72.3,8.3
std-6661,female,group D,associate's degree,0,0,44,30,100,48,222,C,55.5,80.3,3.4
std-6662,female,group E,some high school,1,1,83,39,94,66,282,B,70.5,93.8,5.0
std-6663,female,group D,associate's degree,1,1,60,92,52,82,286,B,71.5,78.1,12.2
std-6664,female,group D,associate's degree,0,0,66,89,56,91,302,B,75.5,81.1,7.8
std-6665,female,group C,associate's degree,1,1,27,93,54,78,252,B,63.0,88.6,5.8
std-6666,female,group A,associate's degree,1,0,83,55,82,73,293,B,73.25,66.0,7.4
std-6667,female,group D,associate's degree,0,0,80,54,97,62,293,B,73.25,100.0,9.3
std-6668,female,group A,master's degree,1,1,74,77,75,88,314,B,78.5,100.0,14.0
std-6669,female,group B,some high school,0,0,84,86,66,67,303,B,75.75,58.8,7.5
std-6670,female,group E,some college,0,0,37,92,77,64,270,B,67.5,79.6,8.8
std-6671,female,group E,some high school,0,0,51,83,81,99,314,B,78.5,77.6,4.1
std-6672,female,group B,master's degree,0,0,43,60,74,75,252,B,63.0,76.6,5.6
std-6673,female,group A,master's degree,1,1,84,54,73,71,282,B,70.5,77.7,8.1
std-6674,female,group C,bachelor's degree,1,0,56,51,83,66,256,B,64.0,86.6,6.6
std-6675,female,group B,some high school,1,0,66,80,73,76,295,B,73.75,81.5,10.7
std-6676,female,group D,master's degree,1,1,79,48,100,93,320,A,80.0,76.4,10.4
std-6677,female,group E,bachelor's degree,0,1,60,24,61,66,211,C,52.75,74.0,4.9
std-6678,female,group B,high school,1,1,67,77,78,31,253,B,63.25,83.7,5.1
std-6679,female,group A,associate's degree,1,1,54,23,82,48,207,C,51.75,64.6,11.2
std-6680,female,group C,associate's degree,1,1,78,92,73,93,336,A,84.0,71.1,11.5
std-6681,female,group C,high school,0,0,81,49,61,72,263,B,65.75,97.8,7.1
std-6682,female,group C,associate's degree,0,0,74,86,81,89,330,A,82.5,79.6,6.7
std-6683,female,group C,associate's degree,0,0,56,88,49,97,290,B,72.5,80.9,7.3
std-6684,female,group C,bachelor's degree,0,1,71,66,76,39,252,B,63.0,75.4,5.7
std-6685,female,group A,some college,1,0,59,44,92,75,270,B,67.5,85.4,7.1
std-6686,female,group A,master's degree,1,1,67,44,100,91,302,B,75.5,99.0,6.4
std-6687,female,group C,high school,1,0,87,55,100,72,314,B,78.5,89.3,6.3
std-6688,female,group B,high school,1,0,53,54,51,61,219,C,54.75,62.5,3.3
std-6689,female,group A,bachelor's degree,0,0,27,59,59,64,209,C,52.25,62.9,0.0
std-6690,female,group D,master's degree,0,1,80,56,100,60,296,B,74.0,79.0,8.4
std-6691,female,group D,some college,0,0,80,65,87,58,290,B,72.5,79.7,4.3
std-6692,female,group B,some college,0,0,72,59,100,53,284,B,71.0,66.1,5.9
std-6693,female,group D,high school,1,0,77,79,79,97,332,A,83.0,92.9,7.6
std-6694,female,group D,bachelor's degree,0,0,59,93,59,42,253,B,63.25,69.2,10.1
std-6695,female,group E,some college,1,1,48,71,60,90,269,B,67.25,93.8,9.4
std-6696,female,group B,some high school,1,1,76,59,100,66,301,B,75.25,99.4,10.2
std-6697,female,group D,some college,0,0,72,52,94,85,303,B,75.75,80.9,8.1
std-6698,female,group D,associate's degree,1,1,78,39,94,37,248,C,62.0,82.6,10.3
std-6699,female,group B,bachelor's degree,1,0,81,44,78,90,293,B,73.25,71.2,7.8
std-6700,female,group D,high school,1,1,81,50,100,56,287,B,71.75,87.5,9.7
std-6701,female,group A,bachelor's degree,1,1,63,45,86,66,260,B,65.0,75.1,10.2
std-6702,female,group E,high school,1,0,68,100,70,82,320,A,80.0,74.8,1.2
std-6703,female,group D,high school,1,1,46,39,48,66,199,D,49.75,72.0,12.2
std-6704,female,group D,some high school,1,1,55,73,90,66,284,B,71.0,77.4,12.9
std-6705,female,group C,bachelor's degree,1,0,86,89,90,93,358,A,89.5,84.8,8.7
std-6706,female,group A,bachelor's degree,0,1,64,85,73,75,297,B,74.25,91.2,5.7
std-6707,female,group C,some college,1,0,41,84,63,85,273,B,68.25,73.6,9.2
std-6708,female,group C,some college,0,1,54,77,71,57,259,B,64.75,95.1,6.6
std-6709,female,group D,high school,0,0,75,67,77,51,270,B,67.5,68.5,7.5
std-6710,female,group E,high school,1,0,64,63,40,78,245,C,61.25,92.9,2.3
std-6711,female,group C,some high school,1,0,33,32,82,59,206,C,51.5,66.0,10.2
std-6712,female,group D,some college,1,1,63,41,91,100,295,B,73.75,82.5,5.6
std-6713,female,group E,associate's degree,1,0,62,88,78,100,328,A,82.0,80.8,7.7
std-6714,female,group D,bachelor's degree,1,1,58,83,62,67,270,B,67.5,77.3,3.3
std-6715,female,group C,some high school,1,1,99,64,70,83,316,B,79.0,91.5,9.6
std-6716,female,group C,high school,0,1,72,50,71,81,274,B,68.5,94.3,7.7
std-6717,female,group E,bachelor's degree,1,0,75,67,96,47,285,B,71.25,92.4,9.3
std-6718,female,group D,bachelor's degree,1,0,100,100,100,54,354,A,88.5,83.7,7.0
std-6719,female,group D,some high school,1,0,54,83,83,100,320,A,80.0,86.2,10.2
std-6720,female,group A,some high school,1,1,59,69,63,88,279,B,69.75,74.1,6.3
std-6721,female,group A,high school,1,0,48,62,56,53,219,C,54.75,67.3,4.2
std-6722,female,group C,some high school,0,0,61,62,64,69,256,B,64.0,69.0,5.1
std-6723,female,group E,some high school,1,0,27,35,77,77,216,C,54.0,72.0,6.1
std-6724,female,group E,high school,1,0,36,82,63,72,253,B,63.25,81.3,6.6
std-6725,female,group B,some college,1,0,90,65,67,37,259,B,64.75,62.3,7.7
std-6726,female,group D,some high school,1,0,45,67,70,80,262,B,65.5,79.4,6.6
std-6727,female,group E,master's degree,1,1,68,76,74,99,317,B,79.25,98.0,11.4
std-6728,female,group A,associate's degree,1,0,69,85,71,51,276,B,69.0,91.0,4.0
std-6729,female,group C,some high school,1,0,100,81,58,63,302,B,75.5,77.8,7.9
std-6730,female,group D,some college,1,1,74,93,83,77,327,A,81.75,72.6,14.0
std-6731,female,group D,associate's degree,1,1,33,66,52,83,234,C,58.5,81.6,3.6
std-6732,female,group D,some high school,1,1,69,45,51,38,203,C,50.75,54.0,8.3
std-6733,female,group A,some college,1,0,77,65,95,52,289,B,72.25,92.0,8.3
std-6734,female,group E,associate's degree,1,0,56,67,56,57,236,C,59.0,75.7,9.0
std-6735,female,group D,some college,1,1,89,98,61,88,336,A,84.0,100.0,12.0
std-6736,female,group E,bachelor's degree,0,1,43,84,85,45,257,B,64.25,63.8,8.6
std-6737,female,group C,some high school,1,0,63,87,64,37,251,B,62.75,87.1,6.7
std-6738,female,group C,associate's degree,1,1,69,66,77,40,252,B,63.0,78.0,6.4
std-6739,female,group A,bachelor's degree,0,0,29,47,87,65,228,C,57.0,74.0,4.2
std-6740,female,group B,high school,1,1,77,89,75,78,319,B,79.75,72.2,6.4
std-6741,female,group B,associate's degree,0,0,61,100,60,63,284,B,71.0,87.0,10.2
std-6742,female,group C,high school,1,1,74,38,63,54,229,C,57.25,83.1,8.8
std-6743,female,group C,associate's degree,1,1,80,59,88,53,280,B,70.0,97.3,6.6
std-6744,female,group D,some college,1,0,70,65,95,56,286,B,71.5,90.8,7.2
std-6745,female,group E,some college,1,0,90,57,79,71,297,B,74.25,77.3,9.7
std-6746,female,group B,some college,0,0,98,86,83,75,342,A,85.5,77.4,10.3
std-6747,female,group A,bachelor's degree,1,1,78,94,71,84,327,A,81.75,72.8,7.7
std-6748,female,group B,some college,1,0,37,35,91,100,263,B,65.75,93.1,0.0
std-6749,female,group A,associate's degree,0,0,68,82,72,64,286,B,71.5,74.8,7.5
std-6750,female,group B,bachelor's degree,1,1,84,78,55,57,274,B,68.5,94.1,6.5
std-6751,female,group D,associate's degree,1,0,50,81,74,61,266,B,66.5,84.8,7.6
std-6752,female,group B,high school,1,1,83,95,63,66,307,B,76.75,86.5,11.9
std-6753,female,group C,some high school,1,1,27,61,99,65,252,B,63.0,76.2,11.0
std-6754,female,group A,high school,1,0,59,56,58,51,224,C,56.0,82.6,9.4
std-6755,female,group E,master's degree,1,1,81,56,91,71,299,B,74.75,82.7,12.4
std-6756,female,group E,some college,1,1,60,49,74,34,217,C,54.25,72.7,11.7
std-6757,female,group C,associate's degree,1,0,66,68,100,94,328,A,82.0,91.5,10.9
std-6758,female,group B,associate's degree,1,1,79,98,82,66,325,A,81.25,83.7,13.6
std-6759,female,group B,associate's degree,1,1,70,90,81,62,303,B,75.75,76.0,9.3
std-6760,female,group A,associate's degree,1,1,38,58,58,55,209,C,52.25,80.8,4.0
std-6761,female,group D,some high school,0,1,50,99,47,29,225,C,56.25,76.1,13.8
std-6762,female,group E,associate's degree,1,0,53,97,69,96,315,B,78.75,88.6,7.3
std-6763,female,group C,associate's degree,1,1,69,77,92,71,309,B,77.25,79.6,12.6
std-6764,female,group D,some college,1,0,50,58,82,57,247,C,61.75,67.6,4.2
std-6765,female,group D,some high school,1,0,67,86,87,96,336,A,84.0,100.0,10.1
std-6766,female,group B,high school,1,1,49,100,57,68,274,B,68.5,94.7,2.6
std-6767,female,group D,some high school,1,1,51,100,89,67,307,B,76.75,91.4,8.5
std-6768,female,group D,associate's degree,1,0,29,73,85,57,244,C,61.0,74.8,5.3
std-6769,female,group B,some high school,1,0,83,55,66,89,293,B,73.25,79.6,7.8
std-6770,female,group D,high school,0,0,91,99,82,74,346,A,86.5,99.2,10.6
std-6771,female,group E,some college,1,0,91,77,86,100,354,A,88.5,84.2,5.4
std-6772,female,group C,some college,0,0,77,100,74,59,310,B,77.5,78.0,8.7
std-6773,female,group D,some high school,1,1,58,69,79,81,287,B,71.75,98.7,12.1
std-6774,female,group B,some high school,0,0,27,63,60,88,238,C,59.5,77.4,11.2
std-6775,female,group B,some high school,0,0,63,72,73,81,289,B,72.25,97.9,8.3
std-6776,female,group D,master's degree,1,0,41,67,94,100,302,B,75.5,70.5,5.7
std-6777,female,group C,bachelor's degree,1,1,46,38,71,74,229,C,57.25,81.7,4.5
std-6778,female,group E,high school,0,0,69,61,86,47,263,B,65.75,98.5,10.5
std-6779,female,group D,some college,1,0,86,57,75,65,283,B,70.75,81.8,8.3
std-6780,female,group B,bachelor's degree,1,1,84,80,69,68,301,B,75.25,80.6,9.3
std-6781,female,group B,bachelor's degree,1,0,28,67,67,50,212,C,53.0,65.1,0.7
std-6782,female,group C,associate's degree,1,1,100,56,75,94,325,A,81.25,94.7,7.6
std-6783,female,group A,bachelor's degree,0,1,88,100,60,53,301,B,75.25,76.1,10.9
std-6784,female,group C,associate's degree,0,1,81,99,78,62,320,A,80.0,83.7,10.7
std-6785,female,group D,high school,1,0,100,45,81,55,281,B,70.25,70.2,1.5
std-6786,female,group C,some high school,1,1,100,100,45,56,301,B,75.25,97.0,10.9
std-6787,female,group D,some college,1,1,78,78,100,65,321,A,80.25,95.0,5.9
std-6788,female,group C,some college,1,0,41,54,78,91,264,B,66.0,79.7,9.4
std-6789,female,group C,some college,1,1,41,79,89,87,296,B,74.0,72.2,9.8
std-6790,female,group A,master's degree,1,0,72,72,95,55,294,B,73.5,96.2,5.5
std-6791,female,group B,associate's degree,1,1,68,84,86,69,307,B,76.75,80.2,12.0
std-6792,female,group D,associate's degree,1,1,40,100,88,67,295,B,73.75,72.6,10.1
std-6793,female,group D,some college,0,0,54,100,100,75,329,A,82.25,69.5,10.8
std-6794,female,group D,some high school,0,0,86,68,51,41,246,C,61.5,72.6,5.8
std-6795,female,group C,associate's degree,1,1,100,61,89,65,315,B,78.75,71.1,10.0
std-6796,female,group B,high school,0,0,75,63,93,70,301,B,75.25,77.4,6.1
std-6797,female,group A,some high school,1,0,77,78,81,96,332,A,83.0,92.3,8.2
std-6798,female,group C,associate's degree,1,0,76,59,70,85,290,B,72.5,78.7,10.8
std-6799,female,group E,some college,1,0,47,95,94,97,333,A,83.25,88.8,6.4
std-6800,female,group C,some high school,1,1,86,58,89,74,307,B,76.75,77.0,11.1
std-6801,female,group D,associate's degree,0,0,74,72,70,77,293,B,73.25,82.9,4.5
std-6802,female,group C,high school,1,0,35,53,81,73,242,C,60.5,95.4,0.3
std-6803,female,group C,associate's degree,1,0,55,86,56,64,261,B,65.25,76.6,6.4
std-6804,female,group C,master's degree,0,0,63,57,100,62,282,B,70.5,84.9,7.3
std-6805,female,group C,master's degree,1,1,59,65,80,76,280,B,70.0,67.2,8.6
std-6806,female,group B,bachelor's degree,1,0,70,72,48,93,283,B,70.75,95.2,2.7
std-6807,female,group C,some high school,1,1,40,54,85,80,259,B,64.75,75.2,9.1
std-6808,female,group B,master's degree,1,0,60,87,65,73,285,B,71.25,91.1,7.1
std-6809,female,group D,bachelor's degree,0,1,39,74,78,84,275,B,68.75,79.7,6.5
std-6810,female,group D,bachelor's degree,0,0,31,79,81,48,239,C,59.75,83.4,2.0
std-6811,female,group D,some high school,0,1,80,77,83,71,311,B,77.75,89.9,9.0
std-6812,female,group C,bachelor's degree,1,1,35,80,60,40,215,C,53.75,71.8,9.0
std-6813,female,group E,high school,0,1,86,76,71,67,300,B,75.0,92.7,10.4
std-6814,female,group C,some college,1,1,88,66,40,47,241,C,60.25,71.2,5.7
std-6815,female,group A,some high school,0,0,79,45,82,42,248,C,62.0,85.6,5.9
std-6816,female,group B,high school,1,0,80,100,53,65,298,B,74.5,79.2,9.0
std-6817,female,group B,high school,1,0,59,89,78,71,297,B,74.25,85.8,3.8
std-6818,female,group E,high school,0,0,56,52,65,50,223,C,55.75,72.4,5.2
std-6819,female,group D,master's degree,1,0,99,78,86,70,333,A,83.25,86.1,11.0
std-6820,female,group E,some high school,1,0,88,60,77,53,278,B,69.5,71.4,3.1
std-6821,female,group A,some college,1,0,59,83,54,66,262,B,65.5,82.0,8.8
std-6822,female,group D,high school,1,0,80,57,69,36,242,C,60.5,78.5,9.5
std-6823,female,group B,some college,1,1,34,77,80,45,236,C,59.0,72.8,7.3
std-6824,female,group E,associate's degree,0,0,61,99,100,76,336,A,84.0,85.4,6.8
std-6825,female,group C,high school,1,0,36,23,64,80,203,C,50.75,76.1,7.1
std-6826,female,group D,some high school,0,1,89,66,97,36,288,B,72.0,76.4,8.6
std-6827,female,group D,associate's degree,1,1,88,40,76,78,282,B,70.5,80.3,3.0
std-6828,female,group C,some high school,1,1,69,74,66,73,282,B,70.5,72.4,8.7
std-6829,female,group B,high school,1,1,38,66,88,63,255,B,63.75,100.0,9.4
std-6830,female,group B,high school,1,1,59,68,61,59,247,C,61.75,88.1,9.9
std-6831,female,group C,some college,1,1,60,82,54,91,287,B,71.75,84.3,6.8
std-6832,female,group B,some college,0,0,76,91,95,58,320,A,80.0,95.1,6.6
std-6833,female,group B,some high school,1,1,31,76,69,79,255,B,63.75,61.4,10.7
std-6834,female,group E,bachelor's degree,1,1,55,73,100,74,302,B,75.5,60.1,9.2
std-6835,female,group E,associate's degree,0,0,90,80,100,93,363,A,90.75,84.5,4.5
std-6836,female,group E,master's degree,0,0,73,68,64,64,269,B,67.25,67.9,9.2
std-6837,female,group D,some high school,1,0,49,90,76,55,270,B,67.5,78.3,5.6
std-6838,female,group D,associate's degree,1,1,64,90,79,69,302,B,75.5,84.9,12.1
std-6839,female,group C,some high school,1,0,72,61,77,88,298,B,74.5,91.0,3.3
std-6840,female,group A,high school,1,0,40,78,100,76,294,B,73.5,72.2,6.4
std-6841,female,group D,associate's degree,1,1,91,59,84,92,326,A,81.5,88.7,11.2
std-6842,female,group A,some high school,0,1,100,42,68,72,282,B,70.5,81.6,8.7
std-6843,female,group D,some high school,1,0,87,84,53,66,290,B,72.5,85.2,3.6
std-6844,female,group A,associate's degree,0,0,65,69,84,83,301,B,75.25,78.3,0.9
std-6845,female,group B,some high school,1,0,44,74,92,78,288,B,72.0,94.4,10.4
std-6846,female,group D,some college,1,0,81,73,42,79,275,B,68.75,79.9,6.9
std-6847,female,group C,some college,1,0,51,81,76,41,249,C,62.25,94.7,8.5
std-6848,female,group C,associate's degree,1,1,35,69,66,63,233,C,58.25,70.3,10.1
std-6849,female,group E,some college,0,1,52,57,61,100,270,B,67.5,87.1,10.1
std-6850,female,group D,some college,1,1,66,64,47,75,252,B,63.0,78.4,7.4
std-6851,female,group E,some high school,0,0,58,60,74,68,260,B,65.0,76.7,7.1
std-6852,female,group B,high school,1,0,100,67,98,75,340,A,85.0,91.9,11.4
std-6853,female,group C,associate's degree,1,1,45,100,61,78,284,B,71.0,78.9,9.2
std-6854,female,group B,some high school,1,1,66,73,73,54,266,B,66.5,56.1,13.3
std-6855,female,group C,bachelor's degree,0,1,83,88,61,46,278,B,69.5,53.5,5.1
std-6856,female,group C,associate's degree,1,0,53,88,58,52,251,B,62.75,90.3,1.7
std-6857,female,group C,some college,1,1,44,38,92,41,215,C,53.75,87.0,9.8
std-6858,female,group C,some high school,0,0,66,76,100,82,324,A,81.0,100.0,5.4
std-6859,female,group A,associate's degree,0,0,67,73,48,81,269,B,67.25,80.2,11.2
std-6860,female,group A,some college,0,0,45,90,84,86,305,B,76.25,71.7,10.3
std-6861,female,group E,master's degree,1,0,74,62,80,77,293,B,73.25,78.6,10.6
std-6862,female,group C,some high school,0,0,68,38,44,49,199,D,49.75,74.7,6.7
std-6863,female,group E,bachelor's degree,0,1,27,75,52,75,229,C,57.25,68.0,5.4
std-6864,female,group A,master's degree,1,0,92,69,100,47,308,B,77.0,98.4,2.9
std-6865,female,group E,associate's degree,1,0,96,48,74,56,274,B,68.5,100.0,10.0
std-6866,female,group A,associate's degree,1,1,61,30,96,68,255,B,63.75,83.5,4.5
std-6867,female,group B,some high school,1,0,88,67,71,68,294,B,73.5,82.3,10.7
std-6868,female,group A,associate's degree,0,1,57,58,68,71,254,B,63.5,67.5,9.9
std-6869,female,group D,some college,1,0,81,75,72,85,313,B,78.25,97.9,6.9
std-6870,female,group E,bachelor's degree,1,0,50,75,95,43,263,B,65.75,80.5,7.1
std-6871,female,group D,some high school,1,0,54,52,55,50,211,C,52.75,72.9,5.9
std-6872,female,group E,some college,1,0,63,84,98,67,312,B,78.0,88.2,6.6
std-6873,female,group B,some high school,0,0,60,67,71,58,256,B,64.0,74.0,9.4
std-6874,female,group D,associate's degree,0,0,51,100,55,73,279,B,69.75,82.5,9.8
std-6875,female,group D,bachelor's degree,1,0,42,54,79,61,236,C,59.0,64.6,5.7
std-6876,female,group E,some high school,1,1,27,85,96,92,300,B,75.0,92.7,7.8
std-6877,female,group C,high school,1,0,95,76,45,33,249,C,62.25,77.8,8.9
std-6878,female,group C,some high school,1,0,95,73,75,88,331,A,82.75,95.9,2.5
std-6879,female,group C,master's degree,1,0,100,84,78,67,329,A,82.25,83.5,8.6
std-6880,female,group B,high school,1,1,50,70,74,59,253,B,63.25,77.8,10.1
std-6881,female,group C,associate's degree,1,0,81,63,98,100,342,A,85.5,75.5,5.8
std-6882,female,group C,high school,1,1,71,67,89,89,316,B,79.0,91.1,12.1
std-6883,female,group B,high school,1,0,76,79,57,71,283,B,70.75,73.6,6.4
std-6884,female,group D,master's degree,1,0,55,78,89,83,305,B,76.25,79.0,5.6
std-6885,female,group C,master's degree,0,0,55,61,94,27,237,C,59.25,77.7,7.8
std-6886,female,group A,master's degree,0,0,70,79,86,78,313,B,78.25,85.1,4.4
std-6887,female,group C,some college,1,0,63,63,62,81,269,B,67.25,65.0,8.3
std-6888,female,group C,some college,0,1,48,100,95,53,296,B,74.0,80.5,4.3
std-6889,female,group B,associate's degree,1,0,38,69,88,79,274,B,68.5,87.9,6.9
std-6890,female,group D,some high school,1,0,78,36,70,98,282,B,70.5,78.0,6.5
std-6891,female,group B,some college,1,1,69,64,76,63,272,B,68.0,78.6,7.3
std-6892,female,group E,master's degree,1,0,55,55,83,64,257,B,64.25,80.8,6.8
std-6893,female,group A,associate's degree,1,0,76,38,96,79,289,B,72.25,80.9,6.4
std-6894,female,group B,some high school,1,1,54,91,87,72,304,B,76.0,74.0,12.1
std-6895,female,group D,some high school,0,0,47,88,57,40,232,C,58.0,77.0,6.6
std-6896,female,group C,some college,1,0,62,98,87,90,337,A,84.25,94.9,8.8
std-6897,female,group D,bachelor's degree,0,0,95,73,82,41,291,B,72.75,72.7,7.3
std-6898,female,group E,associate's degree,0,1,66,83,90,45,284,B,71.0,78.2,7.8
std-6899,female,group C,some high school,1,1,65,76,42,87,270,B,67.5,68.0,7.9
std-6900,female,group B,bachelor's degree,0,0,60,56,71,65,252,B,63.0,87.4,6.3
std-6901,female,group D,associate's degree,0,1,73,100,77,65,315,B,78.75,83.3,9.3
std-6902,female,group D,associate's degree,0,0,66,67,100,58,291,B,72.75,74.5,9.4
std-6903,female,group D,associate's degree,1,1,96,100,86,47,329,A,82.25,86.1,10.3
std-6904,female,group E,bachelor's degree,1,1,92,38,58,67,255,B,63.75,68.4,9.2
std-6905,female,group C,some college,1,1,36,72,99,44,251,B,62.75,69.6,4.7
std-6906,female,group B,some college,1,0,46,70,91,92,299,B,74.75,69.7,9.2
std-6907,female,group C,associate's degree,1,1,68,61,100,59,288,B,72.0,72.3,7.6
std-6908,female,group A,high school,0,0,51,89,39,60,239,C,59.75,90.1,2.8
std-6909,female,group B,high school,1,0,45,100,69,94,308,B,77.0,77.0,11.1
std-6910,female,group D,associate's degree,1,0,90,77,58,80,305,B,76.25,87.5,8.7
std-6911,female,group E,bachelor's degree,1,0,56,100,77,78,311,B,77.75,76.3,9.5
std-6912,female,group E,high school,1,0,50,66,64,42,222,C,55.5,83.3,6.1
std-6913,female,group A,high school,1,0,100,63,64,47,274,B,68.5,71.5,6.0
std-6914,female,group A,associate's degree,0,0,57,77,66,52,252,B,63.0,79.3,5.0
std-6915,female,group C,high school,1,1,40,80,65,79,264,B,66.0,80.4,10.4
std-6916,female,group E,some high school,1,0,50,56,72,37,215,C,53.75,96.8,7.7
std-6917,female,group A,associate's degree,1,0,47,43,81,87,258,B,64.5,85.1,5.7
std-6918,female,group D,bachelor's degree,1,0,34,90,100,69,293,B,73.25,77.0,11.8
std-6919,female,group D,some college,1,1,38,59,90,77,264,B,66.0,86.1,8.0
std-6920,female,group C,bachelor's degree,1,0,41,41,47,61,190,D,47.5,93.1,0.7
std-6921,female,group C,some college,1,1,65,80,48,61,254,B,63.5,64.4,3.9
std-6922,female,group D,some college,1,1,98,52,100,54,304,B,76.0,75.7,5.2
std-6923,female,group B,high school,0,0,76,100,84,74,334,A,83.5,83.6,6.6
std-6924,female,group E,some college,1,1,94,64,55,58,271,B,67.75,76.8,8.1
std-6925,female,group D,associate's degree,1,0,78,69,100,75,322,A,80.5,81.7,9.1
std-6926,female,group C,high school,0,1,56,81,48,62,247,C,61.75,66.8,8.0
std-6927,female,group C,associate's degree,0,1,95,61,62,55,273,B,68.25,93.3,10.8
std-6928,female,group D,bachelor's degree,1,0,87,59,66,67,279,B,69.75,68.4,6.4
std-6929,female,group D,some college,1,1,85,58,75,50,268,B,67.0,78.5,8.6
std-6930,female,group C,some college,1,1,76,52,80,40,248,C,62.0,88.0,6.7
std-6931,female,group C,bachelor's degree,0,1,47,89,94,62,292,B,73.0,82.0,12.7
std-6932,female,group E,associate's degree,0,1,70,73,61,87,291,B,72.75,73.4,5.3
std-6933,female,group C,high school,1,0,54,60,65,78,257,B,64.25,67.2,6.6
std-6934,female,group C,high school,1,1,100,31,89,53,273,B,68.25,78.6,8.2
std-6935,female,group D,some high school,1,1,51,76,97,79,303,B,75.75,76.3,11.4
std-6936,female,group C,some high school,1,1,80,46,71,50,247,C,61.75,80.4,8.0
std-6937,female,group D,some college,0,0,77,62,87,69,295,B,73.75,69.9,6.7
std-6938,female,group B,bachelor's degree,0,0,68,70,64,64,266,B,66.5,87.4,5.4
std-6939,female,group C,some high school,0,0,31,76,100,56,263,B,65.75,80.9,9.4
std-6940,female,group C,high school,1,1,67,87,88,44,286,B,71.5,83.5,9.0
std-6941,female,group D,high school,1,0,84,92,71,47,294,B,73.5,95.4,11.6
std-6942,female,group D,high school,0,1,60,79,89,70,298,B,74.5,78.8,10.0
std-6943,female,group A,some high school,1,0,64,65,100,86,315,B,78.75,77.6,7.2
std-6944,female,group E,master's degree,1,1,61,75,39,42,217,C,54.25,71.1,7.0
std-6945,female,group A,some college,1,0,98,29,75,60,262,B,65.5,78.0,7.3
std-6946,female,group B,some high school,1,0,47,25,60,32,164,D,41.0,70.8,2.1
std-6947,female,group D,high school,1,1,76,63,85,52,276,B,69.0,73.5,9.1
std-6948,female,group E,bachelor's degree,1,1,94,47,91,95,327,A,81.75,66.9,10.0
std-6949,female,group B,high school,1,1,61,54,50,78,243,C,60.75,73.2,8.8
std-6950,female,group E,bachelor's degree,0,0,91,56,98,37,282,B,70.5,84.7,7.3
std-6951,female,group A,some high school,1,1,59,43,83,61,246,C,61.5,79.7,9.1
std-6952,female,group C,associate's degree,1,0,34,29,84,55,202,C,50.5,85.6,4.8
std-6953,female,group E,some high school,1,1,33,60,49,47,189,D,47.25,91.3,10.6
std-6954,female,group E,some college,0,0,51,77,48,75,251,B,62.75,85.7,6.7
std-6955,female,group A,high school,1,1,78,79,90,42,289,B,72.25,94.4,15.6
std-6956,female,group E,master's degree,0,0,54,63,74,82,273,B,68.25,87.6,6.3
std-6957,female,group C,some high school,1,0,80,99,56,61,296,B,74.0,98.0,9.1
std-6958,female,group C,high school,1,1,78,63,74,85,300,B,75.0,99.6,7.5
std-6959,female,group D,some high school,0,1,28,43,89,82,242,C,60.5,86.7,11.5
std-6960,female,group C,some high school,1,1,64,82,97,82,325,A,81.25,91.3,8.2
std-6961,female,group C,some high school,1,0,52,48,85,76,261,B,65.25,77.8,7.1
std-6962,female,group A,some high school,1,0,72,76,78,65,291,B,72.75,81.8,6.0
std-6963,female,group C,some high school,1,0,64,76,99,80,319,B,79.75,81.4,8.4
std-6964,female,group B,associate's degree,1,1,69,100,100,99,368,A,92.0,94.1,10.4
std-6965,female,group D,high school,1,0,57,37,51,74,219,C,54.75,69.7,2.9
std-6966,female,group D,associate's degree,1,1,81,86,87,33,287,B,71.75,80.1,8.3
std-6967,female,group D,bachelor's degree,1,0,67,100,91,74,332,A,83.0,64.4,11.4
std-6968,female,group C,bachelor's degree,0,1,43,52,60,51,206,C,51.5,90.6,8.3
std-6969,female,group C,some college,1,1,68,75,59,76,278,B,69.5,79.1,5.6
std-6970,female,group D,some high school,0,0,61,65,95,41,262,B,65.5,83.9,8.7
std-6971,female,group D,bachelor's degree,1,0,75,76,63,60,274,B,68.5,93.9,4.0
std-6972,female,group D,some college,1,0,41,55,76,92,264,B,66.0,82.6,7.8
std-6973,female,group A,some college,1,1,72,85,67,69,293,B,73.25,95.3,10.6
std-6974,female,group B,high school,1,0,86,85,100,41,312,B,78.0,72.7,8.7
std-6975,female,group E,some college,0,1,93,81,65,42,281,B,70.25,100.0,13.5
std-6976,female,group E,bachelor's degree,1,1,44,53,76,95,268,B,67.0,90.1,6.5
std-6977,female,group C,associate's degree,1,0,30,61,74,75,240,C,60.0,79.8,6.9
std-6978,female,group E,some high school,0,0,73,74,100,58,305,B,76.25,96.2,10.1
std-6979,female,group D,some college,1,0,58,64,81,89,292,B,73.0,71.7,5.0
std-6980,female,group B,some high school,0,1,67,45,80,51,243,C,60.75,75.6,6.1
std-6981,female,group B,associate's degree,0,1,57,68,52,48,225,C,56.25,89.7,6.8
std-6982,female,group B,some college,0,0,62,59,53,40,214,C,53.5,59.0,5.6
std-6983,female,group C,bachelor's degree,0,0,68,47,79,97,291,B,72.75,87.2,3.1
std-6984,female,group C,some high school,1,0,27,83,83,70,263,B,65.75,84.6,7.3
std-6985,female,group A,some college,1,1,32,27,60,84,203,C,50.75,92.6,3.5
std-6986,female,group C,associate's degree,1,1,81,97,95,51,324,A,81.0,70.7,13.1
std-6987,female,group D,master's degree,0,0,75,77,95,93,340,A,85.0,100.0,9.1
std-6988,female,group A,high school,0,0,85,78,98,85,346,A,86.5,81.7,12.7
std-6989,female,group C,some college,1,0,42,72,90,72,276,B,69.0,76.9,7.9
std-6990,female,group C,high school,1,1,70,84,60,81,295,B,73.75,71.5,8.5
std-6991,female,group C,some college,1,0,85,67,84,78,314,B,78.5,74.3,5.2
std-6992,female,group C,high school,1,1,62,52,73,48,235,C,58.75,81.2,8.4
std-6993,female,group A,master's degree,0,1,40,87,85,77,289,B,72.25,72.0,9.0
std-6994,female,group E,some college,1,0,98,41,100,62,301,B,75.25,89.7,9.8
std-6995,female,group E,high school,1,0,42,64,82,51,239,C,59.75,71.9,3.1
std-6996,female,group A,master's degree,1,0,71,57,77,75,280,B,70.0,70.3,11.4
std-6997,female,group D,bachelor's degree,1,1,99,35,78,58,270,B,67.5,75.7,11.8
std-6998,female,group D,master's degree,1,0,70,69,67,38,244,C,61.0,81.3,5.0
std-6999,female,group C,bachelor's degree,1,1,68,59,83,94,304,B,76.0,80.7,13.9
std-7000,female,group A,master's degree,1,0,52,83,87,81,303,B,75.75,83.5,4.9
std-7001,female,group E,high school,1,0,58,44,98,57,257,B,64.25,85.6,6.3
std-7002,female,group B,some high school,1,1,93,44,86,74,297,B,74.25,92.4,6.1
std-7003,female,group D,some college,1,1,41,72,73,49,235,C,58.75,74.7,12.4
std-7004,female,group E,some college,1,0,90,41,95,62,288,B,72.0,72.5,2.4
std-7005,female,group C,associate's degree,1,1,43,65,69,85,262,B,65.5,80.5,4.8
std-7006,female,group B,some college,1,1,86,61,57,81,285,B,71.25,85.9,7.4
std-7007,female,group A,associate's degree,0,1,57,85,60,57,259,B,64.75,66.4,11.7
std-7008,female,group B,some college,1,1,100,76,66,64,306,B,76.5,75.4,11.9
std-7009,female,group C,some high school,0,0,60,92,77,41,270,B,67.5,74.0,6.4
std-7010,female,group C,some high school,1,1,58,67,95,56,276,B,69.0,79.1,11.3
std-7011,female,group D,associate's degree,1,0,100,55,63,85,303,B,75.75,76.3,6.6
std-7012,female,group B,some college,1,0,27,48,100,73,248,C,62.0,85.0,6.7
std-7013,female,group D,associate's degree,1,1,50,50,91,72,263,B,65.75,65.4,12.6
std-7014,female,group E,associate's degree,1,0,66,81,64,53,264,B,66.0,65.7,5.4
std-7015,female,group E,high school,1,0,47,84,98,47,276,B,69.0,77.9,4.3
std-7016,female,group E,bachelor's degree,0,1,65,69,87,83,304,B,76.0,81.7,10.6
std-7017,female,group E,master's degree,1,1,100,81,70,72,323,A,80.75,71.7,11.7
std-7018,female,group B,associate's degree,1,1,27,89,76,100,292,B,73.0,76.8,9.4
std-7019,female,group A,some high school,0,0,53,72,92,55,272,B,68.0,77.0,8.7
std-7020,female,group A,associate's degree,0,0,71,52,61,42,226,C,56.5,73.3,4.6
std-7021,female,group C,some college,1,1,29,78,94,65,266,B,66.5,81.5,8.8
std-7022,female,group D,some college,0,1,82,61,78,62,283,B,70.75,75.6,9.9
std-7023,female,group B,some high school,1,1,27,72,66,81,246,C,61.5,91.7,8.8
std-7024,female,group A,associate's degree,0,0,44,27,99,73,243,C,60.75,82.6,9.5
std-7025,female,group C,some high school,0,0,66,90,98,66,320,A,80.0,77.3,8.2
std-7026,female,group D,some college,1,1,67,100,82,77,326,A,81.5,85.9,9.2
std-7027,female,group C,high school,1,1,44,96,89,48,277,B,69.25,82.1,10.1
std-7028,female,group D,bachelor's degree,1,1,89,100,70,71,330,A,82.5,96.3,12.6
std-7029,female,group C,some high school,1,0,41,75,66,50,232,C,58.0,71.9,7.2
std-7030,female,group D,some college,1,0,83,66,72,77,298,B,74.5,89.7,8.6
std-7031,female,group A,some college,0,0,71,84,100,66,321,A,80.25,85.0,3.6
std-7032,female,group E,bachelor's degree,1,1,58,99,88,73,318,B,79.5,97.8,3.5
std-7033,female,group B,some college,1,0,30,95,80,76,281,B,70.25,93.0,9.6
std-7034,female,group A,some college,1,1,84,45,82,53,264,B,66.0,81.7,9.6
std-7035,female,group C,bachelor's degree,0,0,51,63,67,67,248,C,62.0,76.3,5.5
std-7036,female,group D,high school,1,1,82,59,59,95,295,B,73.75,87.1,11.0
std-7037,female,group C,high school,1,0,84,69,99,37,289,B,72.25,80.4,11.4
std-7038,female,group D,bachelor's degree,1,1,80,96,66,75,317,B,79.25,99.4,13.3
std-7039,female,group D,some college,1,0,94,99,75,47,315,B,78.75,84.9,9.6
std-7040,female,group D,some high school,1,0,61,63,63,36,223,C,55.75,72.9,2.8
std-7041,female,group D,high school,1,0,43,42,80,89,254,B,63.5,75.0,3.9
std-7042,female,group E,high school,1,1,55,62,82,83,282,B,70.5,70.5,2.9
std-7043,female,group E,associate's degree,1,0,66,56,38,87,247,C,61.75,83.5,7.2
std-7044,female,group B,associate's degree,0,0,65,87,89,56,297,B,74.25,75.3,9.5
std-7045,female,group D,some college,1,0,60,97,85,58,300,B,75.0,92.8,9.8
std-7046,female,group B,high school,0,1,54,89,67,86,296,B,74.0,70.9,10.9
std-7047,female,group E,associate's degree,1,0,59,41,100,52,252,B,63.0,80.1,5.3
std-7048,female,group A,some college,1,0,27,74,79,73,253,B,63.25,89.4,4.3
std-7049,female,group C,master's degree,1,1,31,54,77,82,244,C,61.0,58.9,5.9
std-7050,female,group D,associate's degree,1,1,98,61,97,62,318,B,79.5,100.0,9.3
std-7051,female,group C,associate's degree,1,1,82,63,66,82,293,B,73.25,78.5,6.7
std-7052,female,group C,associate's degree,1,0,52,31,81,47,211,C,52.75,76.8,9.1
std-7053,female,group B,high school,1,1,47,49,92,75,263,B,65.75,85.0,5.2
std-7054,female,group C,some college,1,1,51,65,80,79,275,B,68.75,87.4,8.2
std-7055,female,group D,associate's degree,0,0,65,90,86,71,312,B,78.0,86.4,2.3
std-7056,female,group D,master's degree,1,1,61,100,77,68,306,B,76.5,92.4,10.2
std-7057,female,group C,bachelor's degree,1,0,77,66,98,55,296,B,74.0,87.3,6.7
std-7058,female,group D,high school,1,1,64,55,74,78,271,B,67.75,96.4,7.8
std-7059,female,group A,associate's degree,1,1,92,89,100,64,345,A,86.25,91.3,8.1
std-7060,female,group D,bachelor's degree,0,0,98,61,94,33,286,B,71.5,99.4,6.5
std-7061,female,group C,high school,1,0,57,100,100,86,343,A,85.75,94.6,6.5
std-7062,female,group B,bachelor's degree,1,1,50,60,81,51,242,C,60.5,61.9,7.6
std-7063,female,group A,high school,0,1,87,79,98,84,348,A,87.0,100.0,15.4
std-7064,female,group D,some high school,0,0,57,90,99,51,297,B,74.25,77.5,7.2
std-7065,female,group C,some college,1,0,93,59,53,76,281,B,70.25,94.8,7.7
std-7066,female,group C,high school,1,0,60,88,98,97,343,A,85.75,86.7,6.7
std-7067,female,group E,master's degree,1,1,98,58,62,57,275,B,68.75,90.4,6.8
std-7068,female,group B,high school,0,1,57,66,78,93,294,B,73.5,76.2,9.1
std-7069,female,group B,high school,0,1,60,54,90,63,267,B,66.75,85.8,14.8
std-7070,female,group C,bachelor's degree,1,0,27,72,74,66,239,C,59.75,75.6,4.7
std-7071,female,group B,high school,1,0,66,89,90,88,333,A,83.25,99.9,8.5
std-7072,female,group C,some high school,1,0,68,77,80,90,315,B,78.75,88.1,5.1
std-7073,female,group C,associate's degree,0,0,82,64,53,63,262,B,65.5,88.2,0.0
std-7074,female,group B,some college,1,0,54,54,77,76,261,B,65.25,60.2,3.9
std-7075,female,group D,associate's degree,1,0,62,87,85,69,303,B,75.75,82.4,12.9
std-7076,female,group E,some high school,0,1,54,48,80,82,264,B,66.0,83.6,10.0
std-7077,female,group D,some college,1,1,79,51,62,71,263,B,65.75,81.9,12.6
std-7078,female,group C,bachelor's degree,0,1,74,52,75,90,291,B,72.75,90.8,8.3
std-7079,female,group D,bachelor's degree,1,0,67,100,72,94,333,A,83.25,82.4,1.7
std-7080,female,group C,associate's degree,0,0,100,85,78,70,333,A,83.25,86.1,4.8
std-7081,female,group D,master's degree,0,0,76,91,67,84,318,B,79.5,95.0,8.3
std-7082,female,group B,some college,0,0,58,58,57,81,254,B,63.5,58.6,6.3
std-7083,female,group B,some high school,1,0,74,90,65,60,289,B,72.25,87.3,6.5
std-7084,female,group A,associate's degree,0,1,51,85,65,71,272,B,68.0,77.6,7.3
std-7085,female,group D,bachelor's degree,1,0,51,86,96,97,330,A,82.5,77.2,9.9
std-7086,female,group A,high school,1,1,63,51,62,81,257,B,64.25,82.4,7.1
std-7087,female,group E,associate's degree,0,0,53,65,58,54,230,C,57.5,88.2,5.9
std-7088,female,group B,high school,1,0,63,44,75,77,259,B,64.75,88.9,6.4
std-7089,female,group C,high school,1,1,48,81,86,90,305,B,76.25,82.1,8.5
std-7090,female,group A,high school,1,0,80,86,63,36,265,B,66.25,87.9,3.8
std-7091,female,group D,bachelor's degree,1,0,87,79,49,83,298,B,74.5,90.6,5.7
std-7092,female,group C,some college,1,0,82,85,85,65,317,B,79.25,83.5,11.9
std-7093,female,group D,some college,0,0,30,72,65,60,227,C,56.75,70.6,7.9
std-7094,female,group D,some college,1,0,92,56,100,71,319,B,79.75,78.8,9.8
std-7095,female,group D,some college,0,1,54,89,51,42,236,C,59.0,85.2,5.9
std-7096,female,group D,master's degree,1,1,47,50,56,62,215,C,53.75,75.5,3.7
std-7097,female,group D,high school,0,0,67,100,59,88,314,B,78.5,74.7,9.9
std-7098,female,group B,some college,0,0,72,68,98,61,299,B,74.75,67.7,9.1
std-7099,female,group B,some high school,1,0,38,100,58,90,286,B,71.5,89.2,6.8
std-7100,female,group B,some college,1,1,52,83,67,78,280,B,70.0,76.3,7.9
std-7101,female,group E,associate's degree,1,0,27,74,83,71,255,B,63.75,82.2,2.1
std-7102,female,group D,high school,1,1,42,39,90,63,234,C,58.5,88.6,9.9
std-7103,female,group B,associate's degree,0,1,65,73,75,86,299,B,74.75,71.1,12.3
std-7104,female,group B,bachelor's degree,1,0,89,84,100,68,341,A,85.25,85.9,6.1
std-7105,female,group C,high school,1,1,61,33,92,56,242,C,60.5,76.6,6.1
std-7106,female,group A,master's degree,1,0,70,80,90,69,309,B,77.25,87.1,10.1
std-7107,female,group D,bachelor's degree,1,1,89,67,71,95,322,A,80.5,95.9,8.2
std-7108,female,group D,some college,0,0,75,56,63,50,244,C,61.0,66.3,10.0
std-7109,female,group A,some high school,1,0,64,48,100,88,300,B,75.0,88.0,6.6
std-7110,female,group A,some high school,1,1,62,88,74,25,249,C,62.25,88.0,7.2
std-7111,female,group D,some high school,1,1,81,87,54,74,296,B,74.0,80.9,9.4
std-7112,female,group B,bachelor's degree,1,0,76,97,46,64,283,B,70.75,80.3,5.5
std-7113,female,group B,master's degree,0,0,64,66,84,80,294,B,73.5,86.2,9.5
std-7114,female,group D,associate's degree,1,1,55,100,83,96,334,A,83.5,88.8,12.4
std-7115,female,group D,associate's degree,1,0,97,33,59,50,239,C,59.75,83.1,8.1
std-7116,female,group B,some college,1,1,86,80,28,82,276,B,69.0,86.0,9.2
std-7117,female,group A,some college,1,1,39,65,39,26,169,D,42.25,63.2,5.1
std-7118,female,group A,associate's degree,1,1,60,27,97,34,218,C,54.5,85.0,7.4
std-7119,female,group E,associate's degree,1,0,63,78,88,83,312,B,78.0,94.4,6.1
std-7120,female,group A,some college,0,0,27,58,59,94,238,C,59.5,79.5,9.0
std-7121,female,group C,associate's degree,0,0,50,78,51,37,216,C,54.0,62.5,7.4
std-7122,female,group E,associate's degree,1,0,47,73,100,80,300,B,75.0,81.9,6.6
std-7123,female,group A,associate's degree,0,0,60,77,91,53,281,B,70.25,83.1,4.1
std-7124,female,group B,master's degree,1,1,60,38,82,70,250,B,62.5,68.5,12.0
std-7125,female,group D,some college,1,0,84,49,74,61,268,B,67.0,77.0,6.4
std-7126,female,group C,high school,1,1,43,100,70,100,313,B,78.25,71.3,9.3
std-7127,female,group B,high school,1,0,73,87,79,45,284,B,71.0,87.1,10.3
std-7128,female,group C,some high school,1,1,27,70,56,68,221,C,55.25,77.9,6.2
std-7129,female,group C,some high school,0,1,72,81,83,75,311,B,77.75,69.0,8.8
std-7130,female,group A,some college,0,0,37,82,72,36,227,C,56.75,80.0,4.5
std-7131,female,group D,some college,1,0,61,75,73,72,281,B,70.25,80.8,3.1
std-7132,female,group E,some high school,1,0,61,67,90,53,271,B,67.75,85.2,6.9
std-7133,female,group C,bachelor's degree,1,0,82,59,85,61,287,B,71.75,78.3,4.6
std-7134,female,group D,associate's degree,1,1,83,48,35,83,249,C,62.25,71.5,6.7
std-7135,female,group C,some high school,1,0,70,72,95,97,334,A,83.5,78.8,5.9
std-7136,female,group A,master's degree,0,1,67,36,87,69,259,B,64.75,74.7,6.9
std-7137,female,group D,some college,1,0,78,100,83,76,337,A,84.25,86.1,5.6
std-7138,female,group E,some college,1,0,64,53,100,71,288,B,72.0,83.3,7.2
std-7139,female,group C,high school,0,0,28,93,47,82,250,B,62.5,77.1,5.3
std-7140,female,group D,some college,1,0,59,75,68,36,238,C,59.5,74.0,5.5
std-7141,female,group C,some high school,1,1,27,77,100,53,257,B,64.25,76.2,14.2
std-7142,female,group D,high school,0,1,87,40,91,81,299,B,74.75,100.0,8.9
std-7143,female,group B,high school,1,0,72,100,100,74,346,A,86.5,79.8,9.4
std-7144,female,group E,master's degree,1,1,73,100,74,53,300,B,75.0,77.9,11.1
std-7145,female,group B,some college,0,0,51,23,94,41,209,C,52.25,100.0,4.5
std-7146,female,group C,some high school,0,1,31,60,84,64,239,C,59.75,81.7,8.6
std-7147,female,group E,high school,1,0,29,29,50,64,172,D,43.0,59.9,3.9
std-7148,female,group C,associate's degree,1,0,73,73,65,68,279,B,69.75,88.8,6.8
std-7149,female,group A,some high school,1,0,86,44,89,33,252,B,63.0,70.8,4.2
std-7150,female,group A,master's degree,1,0,33,39,70,79,221,C,55.25,84.6,3.7
std-7151,female,group B,some college,1,0,27,100,87,81,295,B,73.75,80.6,6.8
std-7152,female,group B,some high school,0,1,84,36,98,69,287,B,71.75,77.9,4.1
std-7153,female,group E,some college,0,1,50,81,46,71,248,C,62.0,93.1,11.8
std-7154,female,group C,associate's degree,1,0,65,62,61,85,273,B,68.25,85.8,11.6
std-7155,female,group B,associate's degree,1,1,75,76,78,34,263,B,65.75,88.6,8.9
std-7156,female,group C,associate's degree,1,0,66,77,76,54,273,B,68.25,84.6,7.9
std-7157,female,group B,bachelor's degree,1,0,63,32,88,100,283,B,70.75,77.5,9.1
std-7158,female,group D,associate's degree,1,1,57,64,86,58,265,B,66.25,85.5,5.2
std-7159,female,group B,associate's degree,1,0,78,69,39,88,274,B,68.5,91.6,8.5
std-7160,female,group C,bachelor's degree,1,0,76,75,70,88,309,B,77.25,84.9,6.0
std-7161,female,group D,some college,0,0,58,87,68,60,273,B,68.25,96.9,11.9
std-7162,female,group C,associate's degree,1,1,85,75,82,84,326,A,81.5,92.7,9.5
std-7163,female,group C,high school,1,0,86,76,66,73,301,B,75.25,84.9,9.1
std-7164,female,group A,master's degree,0,1,62,79,83,79,303,B,75.75,85.4,9.0
std-7165,female,group C,associate's degree,0,0,62,49,82,71,264,B,66.0,81.2,11.5
std-7166,female,group E,bachelor's degree,0,0,65,76,100,76,317,B,79.25,73.1,6.0
std-7167,female,group C,some college,1,0,61,57,52,43,213,C,53.25,74.9,7.7
std-7168,female,group C,some college,1,0,54,31,67,35,187,D,46.75,75.6,5.7
std-7169,female,group B,some high school,1,1,56,69,93,39,257,B,64.25,75.6,9.3
std-7170,female,group C,some college,1,0,80,74,72,77,303,B,75.75,86.2,7.5
std-7171,female,group D,some college,1,0,77,50,50,76,253,B,63.25,79.2,4.1
std-7172,female,group E,high school,0,0,37,63,61,71,232,C,58.0,84.3,0.0
std-7173,female,group C,bachelor's degree,1,0,46,63,96,90,295,B,73.75,88.5,9.4
std-7174,female,group C,some college,0,1,27,68,75,63,233,C,58.25,78.9,6.5
std-7175,female,group A,master's degree,0,0,73,65,74,36,248,C,62.0,66.3,8.5
std-7176,female,group C,bachelor's degree,1,0,83,67,100,70,320,A,80.0,100.0,8.2
std-7177,female,group C,some high school,1,0,89,56,71,70,286,B,71.5,80.5,9.5
std-7178,female,group C,some high school,1,1,54,92,76,86,308,B,77.0,82.8,11.5
std-7179,female,group E,associate's degree,0,1,79,79,79,66,303,B,75.75,80.1,3.2
std-7180,female,group B,high school,1,1,92,58,62,58,270,B,67.5,76.0,10.2
std-7181,female,group C,associate's degree,1,1,100,68,97,73,338,A,84.5,100.0,9.4
std-7182,female,group D,some college,1,0,81,23,78,40,222,C,55.5,88.9,7.9
std-7183,female,group D,associate's degree,1,0,89,70,70,32,261,B,65.25,83.7,7.4
std-7184,female,group A,some college,0,0,84,33,100,49,266,B,66.5,79.1,7.5
std-7185,female,group C,bachelor's degree,0,1,44,54,60,75,233,C,58.25,82.9,7.1
std-7186,female,group B,associate's degree,1,0,83,52,93,64,292,B,73.0,82.9,4.4
std-7187,female,group B,associate's degree,0,0,57,87,96,67,307,B,76.75,81.8,5.9
std-7188,female,group D,some college,1,1,83,76,85,86,330,A,82.5,88.4,5.5
std-7189,female,group C,some high school,0,0,52,78,66,73,269,B,67.25,76.4,4.6
std-7190,female,group A,some college,1,0,100,84,77,100,361,A,90.25,90.2,4.6
std-7191,female,group A,high school,0,0,85,52,78,72,287,B,71.75,83.7,2.9
std-7192,female,group C,master's degree,0,1,72,46,83,87,288,B,72.0,87.3,9.3
std-7193,female,group C,high school,0,1,72,54,79,58,263,B,65.75,74.3,9.8
std-7194,female,group B,associate's degree,1,1,63,83,60,75,281,B,70.25,87.7,8.8
std-7195,female,group C,some high school,1,1,58,95,79,63,295,B,73.75,74.3,8.0
std-7196,female,group E,some college,1,1,35,85,93,75,288,B,72.0,76.8,6.7
std-7197,female,group A,some high school,0,1,94,52,90,53,289,B,72.25,77.2,8.3
std-7198,female,group E,some high school,0,0,51,85,76,37,249,C,62.25,69.0,3.6
std-7199,female,group D,high school,1,0,54,95,96,96,341,A,85.25,95.4,7.6
std-7200,female,group C,bachelor's degree,1,1,50,47,70,81,248,C,62.0,69.9,4.3
std-7201,female,group D,associate's degree,1,0,74,53,62,80,269,B,67.25,74.1,7.9
std-7202,female,group C,associate's degree,0,1,76,49,67,49,241,C,60.25,89.3,6.5
std-7203,female,group A,associate's degree,0,1,54,56,90,75,275,B,68.75,75.7,9.7
std-7204,female,group C,master's degree,0,1,56,76,75,84,291,B,72.75,80.5,11.3
std-7205,female,group D,master's degree,0,0,56,78,100,76,310,B,77.5,74.6,7.9
std-7206,female,group C,some high school,1,0,43,98,100,77,318,B,79.5,91.9,9.3
std-7207,female,group D,bachelor's degree,1,0,54,100,97,76,327,A,81.75,92.8,2.3
std-7208,female,group E,some college,0,1,27,49,44,59,179,D,44.75,79.6,5.2
std-7209,female,group C,some high school,1,0,95,71,56,74,296,B,74.0,87.4,9.5
std-7210,female,group D,associate's degree,1,1,69,100,76,78,323,A,80.75,85.5,11.1
std-7211,female,group C,some high school,1,0,81,49,66,46,242,C,60.5,73.4,10.1
std-7212,female,group A,high school,1,1,82,54,98,87,321,A,80.25,77.3,14.1
std-7213,female,group B,some college,1,1,84,62,86,62,294,B,73.5,94.0,9.9
std-7214,female,group E,some college,1,1,88,47,59,66,260,B,65.0,86.5,7.8
std-7215,female,group C,some college,1,1,61,73,69,78,281,B,70.25,75.1,6.5
std-7216,female,group C,master's degree,0,1,49,96,75,72,292,B,73.0,82.6,8.0
std-7217,female,group D,associate's degree,0,0,73,23,100,49,245,C,61.25,75.7,4.5
std-7218,female,group D,associate's degree,0,0,46,60,84,40,230,C,57.5,67.0,3.7
std-7219,female,group C,bachelor's degree,1,1,92,80,73,63,308,B,77.0,85.2,7.2
std-7220,female,group A,associate's degree,1,0,43,79,85,83,290,B,72.5,78.3,7.6
std-7221,female,group A,some high school,0,0,79,49,100,42,270,B,67.5,71.9,10.4
std-7222,female,group C,some college,0,1,53,55,85,67,260,B,65.0,66.3,10.7
std-7223,female,group E,bachelor's degree,1,1,76,82,87,96,341,A,85.25,72.2,9.5
std-7224,female,group D,some high school,0,0,62,88,65,79,294,B,73.5,79.1,9.2
std-7225,female,group B,high school,1,0,66,100,71,50,287,B,71.75,81.1,7.4
std-7226,female,group C,master's degree,1,1,63,100,72,79,314,B,78.5,76.2,9.6
std-7227,female,group C,some high school,1,0,32,93,62,95,282,B,70.5,87.3,6.1
std-7228,female,group C,some college,1,0,54,45,57,40,196,D,49.0,73.7,3.9
std-7229,female,group C,some college,1,0,30,69,60,31,190,D,47.5,79.0,5.9
std-7230,female,group C,some college,0,0,64,62,87,58,271,B,67.75,78.9,6.5
std-7231,female,group B,high school,1,0,59,56,75,71,261,B,65.25,72.6,4.1
std-7232,female,group D,high school,1,0,72,42,76,68,258,B,64.5,80.5,3.9
std-7233,female,group B,high school,1,0,68,89,68,87,312,B,78.0,72.5,7.9
std-7234,female,group C,high school,0,0,87,60,85,82,314,B,78.5,88.9,8.2
std-7235,female,group D,associate's degree,1,1,62,49,83,63,257,B,64.25,70.9,7.5
std-7236,female,group A,some college,1,0,59,57,65,95,276,B,69.0,89.2,3.4
std-7237,female,group B,some high school,0,0,69,82,59,75,285,B,71.25,78.6,9.6
std-7238,female,group C,bachelor's degree,1,1,76,81,84,70,311,B,77.75,93.4,12.2
std-7239,female,group B,some college,1,0,27,39,82,35,183,D,45.75,63.1,0.0
std-7240,female,group B,master's degree,1,0,93,50,82,65,290,B,72.5,76.0,9.9
std-7241,female,group C,some college,1,0,82,81,70,97,330,A,82.5,88.8,7.0
std-7242,female,group C,high school,1,0,60,74,79,70,283,B,70.75,92.0,6.9
std-7243,female,group E,some college,0,0,79,60,87,91,317,B,79.25,99.3,10.1
std-7244,female,group D,some high school,1,1,84,100,100,72,356,A,89.0,87.9,14.8
std-7245,female,group D,high school,1,0,68,84,97,68,317,B,79.25,100.0,9.7
std-7246,female,group C,some high school,1,1,39,85,79,83,286,B,71.5,79.1,9.6
std-7247,female,group E,some high school,1,0,90,61,78,65,294,B,73.5,92.3,3.3
std-7248,female,group D,bachelor's degree,0,0,49,65,85,66,265,B,66.25,71.5,0.9
std-7249,female,group D,some high school,0,1,36,94,73,79,282,B,70.5,85.2,11.1
std-7250,female,group D,master's degree,1,1,71,100,41,66,278,B,69.5,60.0,12.2
std-7251,female,group A,high school,1,0,71,70,87,84,312,B,78.0,73.8,5.1
std-7252,female,group B,bachelor's degree,1,0,78,76,70,79,303,B,75.75,87.4,6.2
std-7253,female,group C,some college,0,0,74,62,89,70,295,B,73.75,70.7,5.3
std-7254,female,group E,bachelor's degree,1,1,59,28,99,33,219,C,54.75,80.1,6.0
std-7255,female,group B,some high school,1,1,31,44,65,89,229,C,57.25,85.2,10.3
std-7256,female,group D,some college,1,0,57,94,65,57,273,B,68.25,76.2,6.7
std-7257,female,group D,bachelor's degree,1,0,95,60,98,65,318,B,79.5,75.7,6.7
std-7258,female,group D,master's degree,1,1,81,58,69,91,299,B,74.75,78.6,16.0
std-7259,female,group C,bachelor's degree,1,0,73,69,67,58,267,B,66.75,71.5,2.5
std-7260,female,group C,some high school,0,0,52,79,79,75,285,B,71.25,80.8,7.8
std-7261,female,group D,bachelor's degree,1,0,60,38,68,65,231,C,57.75,78.1,2.6
std-7262,female,group C,high school,1,1,94,100,73,74,341,A,85.25,83.6,9.9
std-7263,female,group B,high school,1,1,68,64,68,90,290,B,72.5,97.2,9.5
std-7264,female,group C,high school,1,1,42,48,76,48,214,C,53.5,69.3,9.4
std-7265,female,group B,some college,0,0,71,53,94,76,294,B,73.5,94.9,6.0
std-7266,female,group B,high school,1,1,72,81,100,78,331,A,82.75,76.1,9.1
std-7267,female,group C,some high school,0,1,100,69,57,84,310,B,77.5,84.4,8.9
std-7268,female,group D,associate's degree,1,0,76,97,99,75,347,A,86.75,97.5,5.2
std-7269,female,group C,high school,0,1,62,46,98,65,271,B,67.75,90.7,10.2
std-7270,female,group A,some college,0,1,57,23,100,77,257,B,64.25,75.6,9.0
std-7271,female,group E,high school,0,0,27,72,95,77,271,B,67.75,85.5,7.2
std-7272,female,group A,some college,0,0,67,75,55,66,263,B,65.75,83.6,5.8
std-7273,female,group E,associate's degree,1,0,93,100,93,53,339,A,84.75,81.3,7.3
std-7274,female,group D,some college,1,0,36,86,97,84,303,B,75.75,88.7,9.8
std-7275,female,group C,bachelor's degree,1,0,67,89,94,81,331,A,82.75,100.0,10.1
std-7276,female,group C,high school,1,1,45,52,82,87,266,B,66.5,84.3,12.1
std-7277,female,group D,some high school,1,1,59,52,74,71,256,B,64.0,84.4,9.2
std-7278,female,group B,some college,0,0,68,81,69,40,258,B,64.5,85.5,9.2
std-7279,female,group C,associate's degree,1,1,28,59,100,78,265,B,66.25,66.9,7.5
std-7280,female,group B,some college,1,1,55,59,79,81,274,B,68.5,84.9,8.2
std-7281,female,group C,bachelor's degree,1,1,59,67,69,62,257,B,64.25,70.2,11.3
std-7282,female,group A,bachelor's degree,0,0,96,58,73,57,284,B,71.0,76.3,8.6
std-7283,female,group D,associate's degree,1,0,35,100,50,62,247,C,61.75,98.0,4.9
std-7284,female,group B,some high school,0,1,85,80,78,49,292,B,73.0,80.0,6.5
std-7285,female,group E,master's degree,1,0,56,100,63,78,297,B,74.25,76.0,6.3
std-7286,female,group B,some high school,0,1,53,86,75,53,267,B,66.75,90.6,6.8
std-7287,female,group C,bachelor's degree,1,0,82,68,87,93,330,A,82.5,76.9,11.9
std-7288,female,group D,bachelor's degree,0,0,73,89,100,75,337,A,84.25,81.9,9.6
std-7289,female,group E,bachelor's degree,0,0,78,70,89,100,337,A,84.25,97.2,5.8
std-7290,female,group D,some high school,0,0,81,69,88,76,314,B,78.5,84.5,4.6
std-7291,female,group D,high school,0,0,56,67,52,70,245,C,61.25,64.3,3.6
std-7292,female,group D,associate's degree,1,1,86,88,79,70,323,A,80.75,89.7,8.5
std-7293,female,group C,some high school,0,1,73,77,91,60,301,B,75.25,79.4,8.9
std-7294,female,group A,some high school,1,0,54,33,82,56,225,C,56.25,90.6,7.8
std-7295,female,group A,some college,0,0,62,75,87,54,278,B,69.5,75.6,3.9
std-7296,female,group A,associate's degree,1,1,67,63,73,66,269,B,67.25,89.8,14.3
std-7297,female,group D,bachelor's degree,1,0,45,76,41,75,237,C,59.25,93.7,3.0
std-7298,female,group C,some college,1,0,68,70,83,61,282,B,70.5,73.8,2.9
std-7299,female,group D,some college,1,0,55,73,88,77,293,B,73.25,80.6,10.9
std-7300,female,group D,associate's degree,0,0,69,74,100,59,302,B,75.5,86.6,10.2
std-7301,female,group D,some high school,0,1,86,64,90,72,312,B,78.0,76.2,9.2
std-7302,female,group D,some high school,0,0,75,78,81,52,286,B,71.5,84.2,7.5
std-7303,female,group D,some college,0,0,72,96,94,84,346,A,86.5,84.7,8.9
std-7304,female,group B,high school,1,0,71,54,66,74,265,B,66.25,77.8,6.3
std-7305,female,group B,bachelor's degree,0,0,67,75,70,64,276,B,69.0,81.4,3.0
std-7306,female,group D,high school,1,0,100,72,51,43,266,B,66.5,80.7,0.0
std-7307,female,group E,master's degree,1,0,68,92,95,97,352,A,88.0,88.7,5.9
std-7308,female,group D,master's degree,0,0,48,55,50,100,253,B,63.25,73.6,10.3
std-7309,female,group A,high school,1,1,43,100,89,86,318,B,79.5,79.4,14.4
std-7310,female,group E,some high school,1,0,63,98,92,79,332,A,83.0,84.5,6.9
std-7311,female,group E,some college,1,0,75,54,53,63,245,C,61.25,78.0,3.1
std-7312,female,group A,associate's degree,0,1,56,64,90,30,240,C,60.0,74.0,8.6
std-7313,female,group B,some college,0,1,52,95,71,83,301,B,75.25,85.9,10.5
std-7314,female,group C,some college,1,1,57,88,54,71,270,B,67.5,64.1,10.1
std-7315,female,group B,master's degree,0,0,61,69,70,88,288,B,72.0,75.3,0.2
std-7316,female,group B,some high school,0,1,45,70,71,100,286,B,71.5,79.2,16.9
std-7317,female,group D,high school,1,0,100,51,47,70,268,B,67.0,72.6,8.9
std-7318,female,group C,bachelor's degree,0,0,45,64,73,97,279,B,69.75,95.8,5.8
std-7319,female,group B,bachelor's degree,1,1,68,76,96,70,310,B,77.5,83.9,7.8
std-7320,female,group D,high school,1,0,45,46,88,55,234,C,58.5,79.0,7.7
std-7321,female,group C,associate's degree,1,0,65,100,73,83,321,A,80.25,80.3,8.6
std-7322,female,group E,associate's degree,0,0,53,74,80,71,278,B,69.5,81.0,6.5
std-7323,female,group B,high school,1,0,47,72,87,67,273,B,68.25,69.7,7.3
std-7324,female,group A,high school,1,0,90,63,60,59,272,B,68.0,79.1,5.9
std-7325,female,group E,some college,1,1,57,70,67,77,271,B,67.75,72.1,9.7
std-7326,female,group B,some college,1,0,53,79,77,90,299,B,74.75,80.3,8.6
std-7327,female,group D,some high school,1,1,74,36,70,77,257,B,64.25,56.3,9.2
std-7328,female,group B,some high school,1,0,44,23,74,51,192,D,48.0,63.8,5.0
std-7329,female,group A,associate's degree,0,0,74,23,64,93,254,B,63.5,92.3,9.2
std-7330,female,group C,high school,1,0,62,38,53,81,234,C,58.5,84.9,1.3
std-7331,female,group D,master's degree,1,0,58,67,50,81,256,B,64.0,91.1,3.8
std-7332,female,group D,high school,0,1,54,48,100,81,283,B,70.75,94.0,9.0
std-7333,female,group C,bachelor's degree,1,0,82,66,81,56,285,B,71.25,87.7,4.7
std-7334,female,group C,some high school,1,1,53,62,63,90,268,B,67.0,76.2,7.6
std-7335,female,group B,some college,0,0,54,69,83,80,286,B,71.5,72.4,9.7
std-7336,female,group D,associate's degree,0,0,49,94,74,63,280,B,70.0,91.6,6.0
std-7337,female,group D,some high school,1,1,65,68,98,49,280,B,70.0,81.8,4.3
std-7338,female,group B,some high school,1,0,77,57,64,74,272,B,68.0,100.0,5.1
std-7339,female,group D,some high school,1,0,61,89,80,85,315,B,78.75,80.9,7.3
std-7340,female,group C,some college,1,1,94,46,66,80,286,B,71.5,99.5,9.1
std-7341,female,group D,bachelor's degree,1,1,27,56,68,68,219,C,54.75,74.8,8.8
std-7342,female,group B,bachelor's degree,1,0,80,54,81,40,255,B,63.75,91.2,7.0
std-7343,female,group D,associate's degree,1,0,42,96,54,50,242,C,60.5,93.4,5.1
std-7344,female,group E,associate's degree,1,0,64,44,83,42,233,C,58.25,68.2,2.3
std-7345,female,group A,high school,1,0,75,38,69,63,245,C,61.25,74.0,4.4
std-7346,female,group E,some high school,1,0,86,93,99,77,355,A,88.75,78.2,6.6
std-7347,female,group A,bachelor's degree,1,1,100,40,84,44,268,B,67.0,69.2,7.9
std-7348,female,group E,bachelor's degree,1,0,61,55,37,66,219,C,54.75,82.2,6.6
std-7349,female,group B,associate's degree,0,1,54,66,80,46,246,C,61.5,76.7,9.1
std-7350,female,group C,some high school,0,1,52,87,66,81,286,B,71.5,82.2,11.1
std-7351,female,group D,associate's degree,1,0,73,84,46,64,267,B,66.75,85.2,5.1
std-7352,female,group B,associate's degree,1,0,85,55,40,65,245,C,61.25,61.6,9.3
std-7353,female,group D,some high school,0,0,60,69,82,46,257,B,64.25,90.9,7.5
std-7354,female,group C,associate's degree,1,1,67,91,66,67,291,B,72.75,79.0,9.4
std-7355,female,group E,some college,1,1,76,50,100,76,302,B,75.5,87.9,10.9
std-7356,female,group B,associate's degree,1,1,43,69,86,93,291,B,72.75,87.8,7.4
std-7357,female,group D,some college,1,0,79,84,46,36,245,C,61.25,90.7,0.3
std-7358,female,group A,associate's degree,0,1,88,51,93,53,285,B,71.25,80.7,7.5
std-7359,female,group D,associate's degree,1,0,75,64,82,82,303,B,75.75,64.0,8.8
std-7360,female,group C,high school,1,1,68,54,72,44,238,C,59.5,78.3,8.1
std-7361,female,group D,associate's degree,1,0,74,77,63,59,273,B,68.25,82.5,5.9
std-7362,female,group B,bachelor's degree,1,0,45,49,85,74,253,B,63.25,69.7,3.6
std-7363,female,group E,some high school,1,0,51,78,72,73,274,B,68.5,82.1,1.3
std-7364,female,group C,some college,0,0,66,51,75,61,253,B,63.25,75.8,9.3
std-7365,female,group A,high school,0,0,64,74,99,100,337,A,84.25,73.9,7.2
std-7366,female,group E,associate's degree,1,0,65,62,64,25,216,C,54.0,82.0,3.8
std-7367,female,group D,high school,1,0,27,36,84,58,205,C,51.25,70.0,2.9
std-7368,female,group E,high school,0,1,53,76,52,79,260,B,65.0,75.9,11.5
std-7369,female,group C,some college,1,1,87,97,66,51,301,B,75.25,78.8,11.6
std-7370,female,group A,associate's degree,0,0,51,64,79,74,268,B,67.0,91.4,3.7
std-7371,female,group E,associate's degree,0,0,74,91,97,63,325,A,81.25,84.6,10.3
std-7372,female,group D,high school,1,0,82,74,56,91,303,B,75.75,83.9,6.5
std-7373,female,group E,some high school,0,1,76,47,84,59,266,B,66.5,76.1,7.0
std-7374,female,group A,some college,1,0,96,60,90,73,319,B,79.75,88.7,6.5
std-7375,female,group B,high school,1,1,29,71,77,64,241,C,60.25,90.2,6.0
std-7376,female,group A,high school,0,0,32,34,42,56,164,D,41.0,77.5,0.3
std-7377,female,group E,bachelor's degree,1,0,100,44,75,65,284,B,71.0,87.8,8.4
std-7378,female,group D,high school,1,0,64,97,86,67,314,B,78.5,89.5,6.6
std-7379,female,group C,some high school,1,0,67,65,56,79,267,B,66.75,67.8,7.6
std-7380,female,group A,some college,1,0,37,76,79,64,256,B,64.0,71.4,6.5
std-7381,female,group C,associate's degree,1,0,63,82,74,97,316,B,79.0,82.4,8.6
std-7382,female,group B,bachelor's degree,1,1,51,93,94,83,321,A,80.25,78.1,4.7
std-7383,female,group B,high school,1,0,78,48,55,62,243,C,60.75,68.6,3.3
std-7384,female,group A,master's degree,1,0,40,75,43,49,207,C,51.75,58.4,6.1
std-7385,female,group D,master's degree,1,1,90,58,48,59,255,B,63.75,67.1,5.1
std-7386,female,group C,high school,1,0,79,43,97,59,278,B,69.5,78.8,7.2
std-7387,female,group B,some college,1,0,60,64,99,67,290,B,72.5,81.5,3.1
std-7388,female,group D,some high school,1,0,65,97,48,75,285,B,71.25,74.5,6.5
std-7389,female,group C,some college,1,0,81,57,65,86,289,B,72.25,82.7,10.6
std-7390,female,group B,high school,0,0,72,68,100,88,328,A,82.0,81.3,9.4
std-7391,female,group D,high school,1,0,89,99,38,49,275,B,68.75,90.7,1.6
std-7392,female,group D,some high school,1,0,51,94,66,60,271,B,67.75,79.1,8.3
std-7393,female,group C,some college,1,0,56,76,74,65,271,B,67.75,86.8,10.7
std-7394,female,group A,some high school,0,0,96,55,47,81,279,B,69.75,83.0,13.3
std-7395,female,group E,associate's degree,0,1,69,39,53,80,241,C,60.25,65.4,9.1
std-7396,female,group C,high school,1,0,51,43,92,93,279,B,69.75,80.4,2.9
std-7397,female,group A,bachelor's degree,1,0,86,54,74,54,268,B,67.0,69.1,7.2
std-7398,female,group D,some college,0,1,52,78,66,57,253,B,63.25,78.1,12.2
std-7399,female,group D,bachelor's degree,1,1,75,41,81,61,258,B,64.5,72.7,7.9
std-7400,female,group A,high school,0,0,48,78,51,39,216,C,54.0,79.4,7.5
std-7401,female,group D,bachelor's degree,0,0,31,66,64,88,249,C,62.25,66.6,3.5
std-7402,female,group C,master's degree,0,0,27,61,62,69,219,C,54.75,76.3,5.8
std-7403,female,group B,some high school,1,1,60,100,68,90,318,B,79.5,89.6,3.5
std-7404,female,group A,some college,0,1,66,100,82,78,326,A,81.5,93.2,7.6
std-7405,female,group B,high school,1,1,91,38,99,66,294,B,73.5,75.5,9.2
std-7406,female,group C,bachelor's degree,1,1,58,85,60,53,256,B,64.0,79.4,7.4
std-7407,female,group E,some college,1,1,75,63,84,73,295,B,73.75,84.2,6.0
std-7408,female,group C,some college,0,0,100,42,91,53,286,B,71.5,95.7,5.3
std-7409,female,group A,some college,0,0,78,41,73,82,274,B,68.5,67.4,7.0
std-7410,female,group E,bachelor's degree,1,0,82,90,64,71,307,B,76.75,75.3,6.8
std-7411,female,group C,some high school,0,1,49,73,68,57,247,C,61.75,100.0,8.2
std-7412,female,group C,high school,0,1,66,89,70,49,274,B,68.5,78.3,10.5
std-7413,female,group A,some college,0,0,69,56,76,68,269,B,67.25,63.3,5.2
std-7414,female,group D,high school,1,1,58,99,92,41,290,B,72.5,76.8,12.5
std-7415,female,group B,associate's degree,1,0,97,48,64,98,307,B,76.75,58.6,4.5
std-7416,female,group E,associate's degree,1,0,54,56,74,67,251,B,62.75,81.0,10.5
std-7417,female,group C,associate's degree,1,0,32,100,87,58,277,B,69.25,88.3,9.1
std-7418,female,group D,some college,1,0,57,63,86,83,289,B,72.25,73.8,5.7
std-7419,female,group C,high school,1,1,82,37,47,58,224,C,56.0,72.4,6.8
std-7420,female,group C,some high school,1,0,68,95,58,66,287,B,71.75,90.2,7.0
std-7421,female,group B,master's degree,0,0,64,60,81,29,234,C,58.5,61.7,6.8
std-7422,female,group B,associate's degree,1,1,77,98,66,75,316,B,79.0,72.3,12.4
std-7423,female,group C,high school,1,0,62,72,39,60,233,C,58.25,75.3,1.9
std-7424,female,group B,master's degree,0,0,54,65,88,34,241,C,60.25,71.3,6.5
std-7425,female,group E,some high school,1,1,41,56,77,83,257,B,64.25,76.7,3.0
std-7426,female,group D,some high school,1,0,28,40,67,52,187,D,46.75,62.2,3.7
std-7427,female,group C,some high school,1,0,54,58,41,68,221,C,55.25,78.3,8.6
std-7428,female,group C,master's degree,0,1,67,77,51,30,225,C,56.25,75.4,4.0
std-7429,female,group C,bachelor's degree,1,0,71,88,82,79,320,A,80.0,89.5,3.3
std-7430,female,group D,some high school,1,1,73,50,81,76,280,B,70.0,83.1,9.4
std-7431,female,group C,associate's degree,1,0,36,91,67,60,254,B,63.5,81.0,9.2
std-7432,female,group D,associate's degree,0,1,72,88,54,59,273,B,68.25,67.7,9.5
std-7433,female,group C,high school,0,1,54,57,48,46,205,C,51.25,79.5,2.3
std-7434,female,group C,high school,1,0,74,73,39,81,267,B,66.75,77.2,1.8
std-7435,female,group D,high school,1,0,80,57,57,61,255,B,63.75,77.7,6.0
std-7436,female,group C,associate's degree,1,1,60,41,70,99,270,B,67.5,89.9,5.7
std-7437,female,group A,some high school,1,1,75,73,75,50,273,B,68.25,74.2,9.0
std-7438,female,group C,master's degree,0,0,77,63,80,72,292,B,73.0,94.4,7.1
std-7439,female,group C,bachelor's degree,1,0,41,94,59,84,278,B,69.5,94.1,5.1
std-7440,female,group C,high school,1,0,70,90,67,100,327,A,81.75,91.9,12.0
std-7441,female,group B,some college,1,0,69,62,100,77,308,B,77.0,74.8,8.5
std-7442,female,group C,high school,1,0,68,74,87,65,294,B,73.5,62.7,9.7
std-7443,female,group D,high school,1,0,67,63,77,58,265,B,66.25,89.7,8.3
std-7444,female,group E,associate's degree,1,1,30,100,63,68,261,B,65.25,80.7,8.0
std-7445,female,group E,high school,1,0,56,66,59,85,266,B,66.5,73.4,5.5
std-7446,female,group E,associate's degree,0,0,67,81,52,87,287,B,71.75,92.4,5.8
std-7447,female,group C,some college,1,1,56,81,97,73,307,B,76.75,75.7,11.2
std-7448,female,group E,high school,1,0,31,47,100,78,256,B,64.0,75.5,4.2
std-7449,female,group A,some high school,1,1,58,93,76,77,304,B,76.0,88.0,13.7
std-7450,female,group C,some college,1,1,71,78,75,69,293,B,73.25,72.3,7.3
std-7451,female,group D,high school,1,1,76,100,69,74,319,B,79.75,83.5,10.3
std-7452,female,group C,some college,1,1,51,53,86,61,251,B,62.75,88.7,7.6
std-7453,female,group B,bachelor's degree,1,0,68,63,33,55,219,C,54.75,78.1,3.8
std-7454,female,group C,associate's degree,0,0,53,50,93,55,251,B,62.75,90.1,11.1
std-7455,female,group D,some college,1,0,69,90,76,73,308,B,77.0,93.8,5.9
std-7456,female,group C,associate's degree,1,1,66,35,84,77,262,B,65.5,79.8,7.7
std-7457,female,group B,high school,1,0,57,94,95,98,344,A,86.0,65.5,6.2
std-7458,female,group C,high school,0,0,27,64,37,53,181,D,45.25,63.1,4.1
std-7459,female,group D,some high school,1,0,78,44,75,76,273,B,68.25,87.6,5.9
std-7460,female,group A,bachelor's degree,0,1,48,82,89,57,276,B,69.0,67.0,6.0
std-7461,female,group D,associate's degree,0,0,41,95,90,75,301,B,75.25,80.1,5.8
std-7462,female,group C,some college,1,1,61,74,100,80,315,B,78.75,87.2,11.2
std-7463,female,group E,high school,1,1,53,94,100,85,332,A,83.0,98.8,12.7
std-7464,female,group D,associate's degree,0,0,27,69,80,81,257,B,64.25,74.2,5.9
std-7465,female,group B,associate's degree,1,0,51,100,68,67,286,B,71.5,76.0,6.6
std-7466,female,group B,some high school,0,0,77,47,59,62,245,C,61.25,77.9,4.6
std-7467,female,group D,bachelor's degree,0,0,65,57,84,35,241,C,60.25,81.2,4.2
std-7468,female,group C,some high school,1,0,94,74,45,94,307,B,76.75,82.1,4.7
std-7469,female,group B,associate's degree,1,1,45,65,60,72,242,C,60.5,87.6,4.1
std-7470,female,group E,some college,1,0,46,78,70,60,254,B,63.5,71.9,4.0
std-7471,female,group B,high school,1,0,87,32,77,86,282,B,70.5,82.5,8.7
std-7472,female,group E,some high school,0,0,57,83,86,95,321,A,80.25,88.7,6.3
std-7473,female,group C,some college,1,1,49,40,67,66,222,C,55.5,72.9,6.6
std-7474,female,group D,master's degree,0,0,70,86,84,85,325,A,81.25,92.5,6.5
std-7475,female,group D,bachelor's degree,0,0,71,64,95,62,292,B,73.0,83.6,9.8
std-7476,female,group D,some college,0,0,68,26,81,57,232,C,58.0,84.4,2.9
std-7477,female,group D,some high school,0,0,54,100,65,83,302,B,75.5,84.8,7.6
std-7478,female,group A,associate's degree,1,1,94,78,88,72,332,A,83.0,88.9,9.9
std-7479,female,group C,some college,1,0,80,100,75,89,344,A,86.0,80.9,8.0
std-7480,female,group E,associate's degree,1,1,79,61,75,88,303,B,75.75,77.5,10.0
std-7481,female,group B,high school,1,0,40,67,83,67,257,B,64.25,90.4,6.0
std-7482,female,group C,some college,0,0,67,84,47,82,280,B,70.0,87.0,8.3
std-7483,female,group D,associate's degree,0,0,57,84,90,66,297,B,74.25,73.5,6.7
std-7484,female,group D,some college,0,0,62,61,80,40,243,C,60.75,79.8,9.8
std-7485,female,group C,bachelor's degree,1,1,66,98,63,43,270,B,67.5,59.1,8.7
std-7486,female,group C,bachelor's degree,1,0,79,80,57,43,259,B,64.75,74.4,1.6
std-7487,female,group A,master's degree,0,0,78,57,63,92,290,B,72.5,90.7,8.2
std-7488,female,group C,high school,0,1,88,54,100,61,303,B,75.75,82.0,10.4
std-7489,female,group D,some high school,1,0,50,75,52,70,247,C,61.75,79.6,5.7
std-7490,female,group B,associate's degree,1,1,92,66,81,66,305,B,76.25,56.2,8.8
std-7491,female,group D,some high school,0,1,58,44,71,65,238,C,59.5,74.3,2.6
std-7492,female,group D,some high school,1,0,52,78,63,79,272,B,68.0,83.6,1.3
std-7493,female,group D,associate's degree,1,1,67,61,92,48,268,B,67.0,84.5,12.7
std-7494,female,group B,high school,0,1,66,72,55,76,269,B,67.25,89.0,7.1
std-7495,female,group D,associate's degree,1,1,80,49,83,69,281,B,70.25,79.5,11.3
std-7496,female,group D,some high school,1,0,59,44,69,61,233,C,58.25,75.9,1.2
std-7497,female,group B,high school,1,0,86,86,44,60,276,B,69.0,68.9,3.6
std-7498,female,group B,high school,1,1,65,76,68,82,291,B,72.75,80.3,10.8
std-7499,female,group B,bachelor's degree,1,1,70,100,68,57,295,B,73.75,71.1,9.0
std-7500,female,group D,some high school,0,0,27,43,77,47,194,D,48.5,57.5,5.7
std-7501,female,group C,high school,1,0,63,96,64,96,319,B,79.75,74.7,7.2
std-7502,female,group E,associate's degree,0,1,40,71,45,47,203,C,50.75,88.5,6.5
std-7503,female,group A,some college,1,1,66,54,100,87,307,B,76.75,81.1,7.8
std-7504,female,group C,master's degree,1,1,40,73,61,66,240,C,60.0,79.9,4.9
std-7505,female,group A,some high school,1,1,76,85,63,63,287,B,71.75,77.2,12.5
std-7506,female,group A,some high school,1,1,58,75,95,65,293,B,73.25,66.2,13.1
std-7507,female,group A,high school,0,0,57,29,98,84,268,B,67.0,88.7,3.5
std-7508,female,group C,associate's degree,0,0,54,87,80,91,312,B,78.0,64.4,4.4
std-7509,female,group C,some high school,1,1,73,41,37,61,212,C,53.0,70.6,6.4
std-7510,female,group C,associate's degree,1,0,53,73,48,87,261,B,65.25,79.2,6.8
std-7511,female,group E,master's degree,1,0,59,84,45,82,270,B,67.5,82.5,5.7
std-7512,female,group E,high school,1,1,78,23,66,58,225,C,56.25,70.2,8.8
std-7513,female,group B,some college,1,0,67,55,57,48,227,C,56.75,60.3,5.0
std-7514,female,group C,associate's degree,1,1,51,37,38,89,215,C,53.75,68.7,7.0
std-7515,female,group A,high school,1,1,41,81,97,74,293,B,73.25,75.6,15.2
std-7516,female,group B,some high school,1,1,77,30,80,45,232,C,58.0,70.3,6.4
std-7517,female,group C,associate's degree,0,0,72,70,95,39,276,B,69.0,89.7,10.4
std-7518,female,group D,high school,0,0,62,81,56,90,289,B,72.25,71.1,10.2
std-7519,female,group E,some college,1,1,56,77,59,43,235,C,58.75,80.2,9.1
std-7520,female,group C,associate's degree,1,0,67,77,67,66,277,B,69.25,82.4,1.5
std-7521,female,group C,high school,1,0,68,81,70,59,278,B,69.5,89.7,6.4
std-7522,female,group B,bachelor's degree,1,1,39,54,62,84,239,C,59.75,76.7,6.6
std-7523,female,group D,high school,0,1,62,38,100,80,280,B,70.0,88.4,8.9
std-7524,female,group E,some high school,1,1,100,83,88,79,350,A,87.5,85.5,7.9
std-7525,female,group C,some high school,1,0,56,76,100,100,332,A,83.0,89.5,9.5
std-7526,female,group D,some high school,1,0,38,81,65,41,225,C,56.25,63.2,7.5
std-7527,female,group C,some college,1,1,83,84,85,59,311,B,77.75,60.1,12.5
std-7528,female,group E,associate's degree,1,0,95,74,58,72,299,B,74.75,86.2,5.9
std-7529,female,group C,bachelor's degree,0,0,69,81,83,100,333,A,83.25,89.5,5.0
std-7530,female,group B,associate's degree,1,1,53,67,68,99,287,B,71.75,86.1,9.9
std-7531,female,group B,high school,0,1,67,99,83,65,314,B,78.5,79.3,14.1
std-7532,female,group B,high school,1,1,67,55,72,54,248,C,62.0,92.0,8.3
std-7533,female,group A,high school,0,1,81,60,72,80,293,B,73.25,78.2,10.3
std-7534,female,group D,high school,1,0,59,30,100,49,238,C,59.5,81.6,4.8
std-7535,female,group E,master's degree,1,0,89,51,81,80,301,B,75.25,88.3,5.6
std-7536,female,group C,associate's degree,1,1,36,67,100,73,276,B,69.0,96.4,10.4
std-7537,female,group E,high school,0,0,57,100,68,78,303,B,75.75,80.3,6.6
std-7538,female,group B,high school,1,1,52,69,77,93,291,B,72.75,76.3,10.1
std-7539,female,group D,some high school,0,1,65,68,89,47,269,B,67.25,66.9,9.9
std-7540,female,group D,some college,0,1,86,88,67,61,302,B,75.5,97.1,10.2
std-7541,female,group D,some college,1,0,75,50,87,55,267,B,66.75,84.0,7.4
std-7542,female,group B,high school,0,0,66,89,98,49,302,B,75.5,87.2,4.7
std-7543,female,group C,some college,1,0,73,27,54,89,243,C,60.75,100.0,3.2
std-7544,female,group C,high school,1,0,68,94,53,72,287,B,71.75,84.8,6.4
std-7545,female,group C,some high school,1,0,71,69,63,59,262,B,65.5,68.1,5.9
std-7546,female,group E,high school,1,0,27,78,86,68,259,B,64.75,77.8,4.6
std-7547,female,group B,some college,1,0,100,100,75,70,345,A,86.25,77.9,8.5
std-7548,female,group C,some college,1,1,71,70,62,96,299,B,74.75,79.3,11.6
std-7549,female,group B,some college,0,0,50,78,60,32,220,C,55.0,72.7,7.9
std-7550,female,group D,master's degree,1,1,50,100,31,44,225,C,56.25,71.4,11.1
std-7551,female,group B,high school,1,0,65,88,100,66,319,B,79.75,71.9,4.0
std-7552,female,group A,some high school,1,0,65,65,50,79,259,B,64.75,93.9,3.0
std-7553,female,group C,some college,1,1,80,51,84,57,272,B,68.0,83.3,7.9
std-7554,female,group D,bachelor's degree,1,1,59,66,84,72,281,B,70.25,79.3,9.1
std-7555,female,group D,associate's degree,0,0,89,100,99,94,382,A,95.5,96.5,8.2
std-7556,female,group D,some high school,1,0,73,68,71,78,290,B,72.5,86.3,5.2
std-7557,female,group A,some high school,1,0,56,54,29,45,184,D,46.0,75.8,3.3
std-7558,female,group E,some college,1,0,50,70,90,94,304,B,76.0,89.4,8.1
std-7559,female,group D,associate's degree,0,0,79,41,94,51,265,B,66.25,81.2,2.7
std-7560,female,group D,some college,1,1,27,73,100,96,296,B,74.0,88.6,15.1
std-7561,female,group B,high school,0,1,78,79,93,70,320,A,80.0,91.3,9.9
std-7562,female,group A,associate's degree,0,0,49,50,81,77,257,B,64.25,80.8,8.4
std-7563,female,group D,bachelor's degree,1,0,28,68,92,47,235,C,58.75,75.6,3.8
std-7564,female,group C,some high school,0,1,85,64,33,43,225,C,56.25,90.5,9.0
std-7565,female,group C,high school,1,0,53,54,57,81,245,C,61.25,74.1,5.8
std-7566,female,group A,bachelor's degree,1,0,60,69,64,67,260,B,65.0,83.1,8.0
std-7567,female,group B,high school,0,1,49,74,88,84,295,B,73.75,86.2,8.7
std-7568,female,group E,high school,1,0,80,89,31,32,232,C,58.0,71.8,9.1
std-7569,female,group C,some college,0,0,29,52,61,75,217,C,54.25,68.8,1.1
std-7570,female,group B,high school,1,0,41,68,97,82,288,B,72.0,78.7,8.9
std-7571,female,group C,master's degree,1,1,35,70,88,94,287,B,71.75,77.4,9.3
std-7572,female,group A,high school,0,0,76,67,66,60,269,B,67.25,67.2,3.6
std-7573,female,group D,master's degree,0,1,91,74,100,75,340,A,85.0,80.4,15.2
std-7574,female,group C,high school,1,0,31,71,66,67,235,C,58.75,79.9,9.9
std-7575,female,group C,high school,1,1,56,76,80,95,307,B,76.75,94.9,4.3
std-7576,female,group A,some college,1,1,77,61,49,64,251,B,62.75,83.9,8.6
std-7577,female,group D,master's degree,1,0,57,50,53,39,199,D,49.75,51.2,6.2
std-7578,female,group D,some high school,1,0,79,100,92,82,353,A,88.25,93.1,9.2
std-7579,female,group C,some college,1,0,44,75,55,83,257,B,64.25,74.3,9.6
std-7580,female,group B,high school,1,0,58,72,86,80,296,B,74.0,86.7,10.0
std-7581,female,group C,bachelor's degree,1,0,56,27,64,42,189,D,47.25,73.6,4.9
std-7582,female,group B,associate's degree,1,1,61,77,78,37,253,B,63.25,77.3,13.9
std-7583,female,group A,master's degree,0,0,80,76,99,75,330,A,82.5,84.5,9.9
std-7584,female,group C,some high school,1,1,71,100,90,62,323,A,80.75,84.6,9.0
std-7585,female,group E,some college,0,1,60,48,98,77,283,B,70.75,93.6,7.6
std-7586,female,group B,some college,1,0,51,53,33,51,188,D,47.0,73.5,7.3
std-7587,female,group A,bachelor's degree,0,0,35,58,98,83,274,B,68.5,90.5,4.2
std-7588,female,group E,associate's degree,0,1,69,94,66,48,277,B,69.25,89.5,7.8
std-7589,female,group D,high school,0,0,62,82,89,79,312,B,78.0,89.9,6.5
std-7590,female,group C,bachelor's degree,1,1,60,60,43,62,225,C,56.25,60.6,8.4
std-7591,female,group C,bachelor's degree,1,0,67,100,74,63,304,B,76.0,93.3,6.4
std-7592,female,group E,master's degree,1,0,42,66,75,69,252,B,63.0,74.8,2.4
std-7593,female,group B,high school,0,1,35,87,73,70,265,B,66.25,86.5,11.4
std-7594,female,group C,associate's degree,1,0,82,27,85,68,262,B,65.5,71.0,4.9
std-7595,female,group A,some college,1,0,59,81,66,59,265,B,66.25,69.4,11.1
std-7596,female,group C,some college,1,1,50,50,65,38,203,C,50.75,92.7,7.8
std-7597,female,group B,some high school,0,0,71,95,70,62,298,B,74.5,74.1,10.0
std-7598,female,group C,associate's degree,0,1,54,100,88,83,325,A,81.25,95.3,11.5
std-7599,female,group D,high school,0,1,60,51,97,85,293,B,73.25,83.4,12.5
std-7600,female,group C,some college,1,1,35,56,88,87,266,B,66.5,76.3,10.0
std-7601,female,group C,high school,1,0,55,23,68,69,215,C,53.75,75.5,5.4
std-7602,female,group A,some college,1,0,34,63,100,72,269,B,67.25,68.6,8.8
std-7603,female,group D,some college,1,1,60,65,88,69,282,B,70.5,81.3,15.1
std-7604,female,group C,some high school,1,0,75,100,89,55,319,B,79.75,74.7,6.6
std-7605,female,group D,some college,1,1,53,76,35,69,233,C,58.25,73.8,9.7
std-7606,female,group C,master's degree,1,0,78,45,56,99,278,B,69.5,89.4,6.3
std-7607,female,group E,master's degree,0,1,59,43,49,78,229,C,57.25,79.3,8.9
std-7608,female,group D,associate's degree,1,0,79,61,72,52,264,B,66.0,66.6,6.1
std-7609,female,group D,some college,1,0,59,30,98,52,239,C,59.75,85.5,0.0
std-7610,female,group A,some college,1,0,53,100,100,72,325,A,81.25,84.9,6.9
std-7611,female,group A,some high school,0,0,69,45,97,49,260,B,65.0,74.7,8.4
std-7612,female,group D,some high school,1,1,67,70,81,94,312,B,78.0,90.6,7.7
std-7613,female,group C,some college,0,0,28,51,100,97,276,B,69.0,79.4,8.6
std-7614,female,group E,high school,0,0,75,89,100,65,329,A,82.25,74.8,8.0
std-7615,female,group D,high school,1,0,91,47,81,87,306,B,76.5,100.0,6.5
std-7616,female,group E,some college,0,1,72,42,84,80,278,B,69.5,80.9,11.1
std-7617,female,group C,some college,1,0,52,47,70,57,226,C,56.5,76.1,6.8
std-7618,female,group C,associate's degree,0,0,58,53,52,89,252,B,63.0,75.3,6.7
std-7619,female,group C,some high school,1,0,76,86,97,70,329,A,82.25,95.9,10.1
std-7620,female,group D,some high school,0,1,66,78,91,82,317,B,79.25,79.6,10.2
std-7621,female,group E,bachelor's degree,1,1,69,70,85,35,259,B,64.75,65.6,4.3
std-7622,female,group D,some college,1,0,65,71,86,65,287,B,71.75,75.7,5.6
std-7623,female,group D,high school,1,1,42,73,91,48,254,B,63.5,91.1,3.7
std-7624,female,group E,associate's degree,1,1,54,57,99,62,272,B,68.0,88.1,10.3
std-7625,female,group A,associate's degree,1,0,45,40,68,79,232,C,58.0,75.0,7.5
std-7626,female,group E,some high school,1,1,92,82,92,93,359,A,89.75,100.0,13.1
std-7627,female,group D,bachelor's degree,1,0,29,78,96,58,261,B,65.25,86.4,7.1
std-7628,female,group B,bachelor's degree,0,1,45,83,80,51,259,B,64.75,77.1,10.8
std-7629,female,group C,some high school,1,1,27,60,77,82,246,C,61.5,77.0,4.1
std-7630,female,group B,associate's degree,1,1,53,68,84,70,275,B,68.75,83.8,8.5
std-7631,female,group B,high school,0,0,62,78,87,48,275,B,68.75,73.4,2.7
std-7632,female,group B,associate's degree,1,1,79,79,71,99,328,A,82.0,85.3,9.1
std-7633,female,group A,associate's degree,1,1,49,49,82,57,237,C,59.25,80.5,11.9
std-7634,female,group C,associate's degree,0,0,84,52,96,41,273,B,68.25,65.5,8.9
std-7635,female,group C,some high school,0,0,27,88,79,78,272,B,68.0,78.9,7.8
std-7636,female,group B,associate's degree,1,1,33,59,56,85,233,C,58.25,74.6,7.3
std-7637,female,group B,bachelor's degree,1,1,79,56,75,53,263,B,65.75,89.1,6.0
std-7638,female,group E,some college,1,0,49,66,79,98,292,B,73.0,65.7,7.1
std-7639,female,group E,some college,1,1,96,56,79,67,298,B,74.5,79.3,12.1
std-7640,female,group B,some college,0,0,68,39,86,75,268,B,67.0,75.9,7.1
std-7641,female,group D,some college,0,0,98,63,100,79,340,A,85.0,94.9,3.8
std-7642,female,group B,high school,1,0,52,81,72,67,272,B,68.0,80.2,6.4
std-7643,female,group C,some college,1,1,38,91,71,93,293,B,73.25,98.5,4.4
std-7644,female,group A,high school,1,1,100,100,75,40,315,B,78.75,90.1,11.7
std-7645,female,group E,high school,1,0,48,53,84,76,261,B,65.25,76.0,4.2
std-7646,female,group A,bachelor's degree,0,1,30,47,54,55,186,D,46.5,75.6,3.6
std-7647,female,group B,associate's degree,0,0,29,69,57,82,237,C,59.25,74.5,7.4
std-7648,female,group A,some college,1,1,78,88,99,99,364,A,91.0,95.9,12.2
std-7649,female,group C,some high school,1,0,66,100,64,33,263,B,65.75,67.9,6.5
std-7650,female,group C,some college,0,1,66,67,100,45,278,B,69.5,73.7,14.3
std-7651,female,group C,some high school,1,0,97,94,91,49,331,A,82.75,89.6,9.2
std-7652,female,group A,some high school,1,0,92,82,70,55,299,B,74.75,93.9,5.2
std-7653,female,group D,some college,0,0,48,59,99,95,301,B,75.25,63.2,8.2
std-7654,female,group B,some high school,1,0,46,62,78,60,246,C,61.5,90.8,4.8
std-7655,female,group E,some high school,0,0,47,53,86,60,246,C,61.5,77.2,8.7
std-7656,female,group D,associate's degree,1,1,27,64,96,66,253,B,63.25,62.1,8.9
std-7657,female,group E,associate's degree,0,0,73,76,60,48,257,B,64.25,52.3,6.8
std-7658,female,group C,high school,1,0,68,80,91,61,300,B,75.0,69.1,3.2
std-7659,female,group D,some high school,1,1,58,77,82,25,242,C,60.5,77.9,8.1
std-7660,female,group C,some college,1,0,76,66,49,79,270,B,67.5,79.8,6.0
std-7661,female,group C,high school,1,1,84,59,60,61,264,B,66.0,85.6,5.9
std-7662,female,group D,high school,1,0,88,80,50,54,272,B,68.0,75.7,5.6
std-7663,female,group C,some high school,1,0,79,44,76,29,228,C,57.0,67.0,6.2
std-7664,female,group B,some high school,1,0,56,56,77,63,252,B,63.0,75.2,5.7
std-7665,female,group C,some college,0,1,56,52,73,37,218,C,54.5,76.4,3.9
std-7666,female,group D,some college,1,0,85,60,82,54,281,B,70.25,83.4,5.7
std-7667,female,group C,master's degree,1,0,57,68,80,92,297,B,74.25,75.6,5.6
std-7668,female,group E,some college,1,0,84,63,58,46,251,B,62.75,87.0,6.2
std-7669,female,group C,master's degree,0,0,48,64,78,78,268,B,67.0,74.7,6.3
std-7670,female,group E,associate's degree,0,1,62,89,52,59,262,B,65.5,71.9,7.4
std-7671,female,group D,associate's degree,0,0,65,90,59,37,251,B,62.75,74.0,4.5
std-7672,female,group D,high school,1,0,92,76,94,90,352,A,88.0,96.9,8.2
std-7673,female,group C,some high school,0,0,58,96,48,49,251,B,62.75,77.7,8.1
std-7674,female,group C,some high school,1,0,86,85,79,69,319,B,79.75,78.2,8.0
std-7675,female,group C,associate's degree,0,1,55,71,77,47,250,B,62.5,87.1,11.7
std-7676,female,group C,some high school,1,0,56,94,63,74,287,B,71.75,100.0,9.4
std-7677,female,group D,some high school,1,1,56,33,100,100,289,B,72.25,83.9,12.8
std-7678,female,group A,master's degree,1,1,59,79,70,41,249,C,62.25,89.8,11.5
std-7679,female,group E,bachelor's degree,0,0,63,75,80,72,290,B,72.5,91.4,10.5
std-7680,female,group B,bachelor's degree,0,0,61,66,100,38,265,B,66.25,74.6,3.1
std-7681,female,group A,some college,1,0,44,96,79,99,318,B,79.5,84.6,8.9
std-7682,female,group D,associate's degree,0,0,61,71,100,44,276,B,69.0,69.4,9.3
std-7683,female,group B,some high school,1,1,81,64,100,98,343,A,85.75,84.6,13.8
std-7684,female,group C,some college,1,1,67,65,57,60,249,C,62.25,73.1,6.2
std-7685,female,group E,high school,1,1,98,66,61,71,296,B,74.0,79.0,10.9
std-7686,female,group E,some high school,0,1,85,62,60,63,270,B,67.5,73.7,8.8
std-7687,female,group C,some high school,0,1,42,71,94,48,255,B,63.75,76.6,12.9
std-7688,female,group B,master's degree,1,1,66,62,57,83,268,B,67.0,85.1,5.1
std-7689,female,group B,bachelor's degree,1,0,37,74,51,40,202,C,50.5,73.7,2.6
std-7690,female,group D,bachelor's degree,1,0,29,59,93,73,254,B,63.5,62.3,1.2
std-7691,female,group C,some college,0,1,55,75,46,46,222,C,55.5,69.7,7.9
std-7692,female,group C,some high school,1,0,76,37,74,66,253,B,63.25,65.4,11.4
std-7693,female,group C,some college,0,1,85,23,79,60,247,C,61.75,80.7,8.0
std-7694,female,group C,high school,1,0,27,61,82,71,241,C,60.25,82.6,5.7
std-7695,female,group C,bachelor's degree,1,1,60,47,74,80,261,B,65.25,82.0,9.8
std-7696,female,group D,high school,1,0,58,55,98,75,286,B,71.5,74.7,6.2
std-7697,female,group D,associate's degree,1,0,82,78,51,50,261,B,65.25,81.9,6.8
std-7698,female,group D,some college,0,0,54,84,79,39,256,B,64.0,75.0,6.8
std-7699,female,group E,bachelor's degree,0,1,77,54,97,27,255,B,63.75,68.9,6.2
std-7700,female,group B,some high school,1,0,52,31,89,66,238,C,59.5,84.5,5.1
std-7701,female,group C,some college,1,0,75,97,79,54,305,B,76.25,90.7,8.8
std-7702,female,group A,high school,1,0,55,80,73,54,262,B,65.5,88.3,8.3
std-7703,female,group B,some high school,1,0,61,100,70,65,296,B,74.0,77.1,10.0
std-7704,female,group C,high school,1,1,73,51,92,71,287,B,71.75,92.5,9.9
std-7705,female,group B,bachelor's degree,0,1,67,100,41,28,236,C,59.0,73.2,8.7
std-7706,female,group B,associate's degree,1,0,84,70,85,71,310,B,77.5,89.6,8.9
std-7707,female,group A,some college,1,1,91,74,88,65,318,B,79.5,79.8,8.3
std-7708,female,group B,some college,1,1,96,54,53,96,299,B,74.75,80.8,7.7
std-7709,female,group A,some high school,1,1,64,85,86,70,305,B,76.25,61.5,9.1
std-7710,female,group C,some high school,0,0,69,88,80,71,308,B,77.0,80.9,3.8
std-7711,female,group C,some high school,1,0,64,73,88,66,291,B,72.75,83.0,7.6
std-7712,female,group D,some college,1,0,92,88,95,85,360,A,90.0,84.2,10.9
std-7713,female,group B,associate's degree,1,0,69,69,70,62,270,B,67.5,96.2,4.3
std-7714,female,group D,high school,1,0,38,92,50,49,229,C,57.25,66.6,6.2
std-7715,female,group B,high school,0,1,47,78,98,64,287,B,71.75,76.8,7.5
std-7716,female,group E,high school,1,0,72,100,62,85,319,B,79.75,76.3,4.7
std-7717,female,group E,some college,1,0,51,54,77,98,280,B,70.0,76.2,11.5
std-7718,female,group A,high school,1,1,78,52,75,84,289,B,72.25,91.3,6.6
std-7719,female,group C,some college,0,1,62,62,55,46,225,C,56.25,90.0,4.4
std-7720,female,group C,associate's degree,1,0,67,66,49,67,249,C,62.25,72.4,6.2
std-7721,female,group D,some college,1,0,73,41,81,43,238,C,59.5,71.3,6.0
std-7722,female,group D,some high school,1,0,65,77,68,93,303,B,75.75,72.7,8.6
std-7723,female,group E,some high school,1,0,100,46,65,59,270,B,67.5,92.2,11.1
std-7724,female,group B,high school,1,1,28,79,99,91,297,B,74.25,92.8,7.3
std-7725,female,group D,master's degree,1,1,78,66,100,86,330,A,82.5,84.4,8.6
std-7726,female,group B,some high school,0,1,72,51,61,77,261,B,65.25,67.1,12.4
std-7727,female,group C,high school,1,0,86,46,72,58,262,B,65.5,68.0,8.3
std-7728,female,group C,some high school,1,0,73,47,77,87,284,B,71.0,83.1,8.5
std-7729,female,group B,some college,1,0,50,66,78,67,261,B,65.25,84.6,4.4
std-7730,female,group D,associate's degree,1,1,54,63,63,58,238,C,59.5,59.2,10.7
std-7731,female,group D,some college,1,1,27,46,85,72,230,C,57.5,74.2,9.7
std-7732,female,group A,some high school,1,1,72,85,75,62,294,B,73.5,97.0,9.7
std-7733,female,group B,associate's degree,1,0,74,73,73,49,269,B,67.25,78.4,4.6
std-7734,female,group C,master's degree,0,0,43,62,64,82,251,B,62.75,92.3,5.9
std-7735,female,group E,high school,1,1,68,99,88,61,316,B,79.0,90.1,13.8
std-7736,female,group C,some high school,1,1,71,55,66,100,292,B,73.0,72.5,6.4
std-7737,female,group B,high school,0,0,75,66,89,75,305,B,76.25,80.7,5.0
std-7738,female,group C,high school,1,0,90,76,80,97,343,A,85.75,85.3,6.3
std-7739,female,group B,some high school,1,0,34,85,33,70,222,C,55.5,67.9,4.0
std-7740,female,group D,bachelor's degree,1,0,67,87,40,82,276,B,69.0,72.2,6.2
std-7741,female,group C,some college,1,1,73,63,64,84,284,B,71.0,95.2,11.4
std-7742,female,group D,master's degree,1,1,36,100,76,60,272,B,68.0,71.8,9.8
std-7743,female,group D,high school,0,1,74,54,95,76,299,B,74.75,92.5,9.5
std-7744,female,group D,associate's degree,1,0,58,100,60,70,288,B,72.0,78.0,7.2
std-7745,female,group B,some college,1,0,56,100,96,74,326,A,81.5,84.8,9.0
std-7746,female,group B,high school,0,0,76,73,79,60,288,B,72.0,87.0,2.3
std-7747,female,group D,high school,1,1,45,75,43,53,216,C,54.0,70.6,10.0
std-7748,female,group B,high school,1,1,59,72,66,68,265,B,66.25,85.1,6.4
std-7749,female,group B,high school,1,1,64,71,81,63,279,B,69.75,62.8,7.7
std-7750,female,group E,some college,1,0,33,72,66,88,259,B,64.75,83.5,6.7
std-7751,female,group C,some high school,1,0,38,49,69,71,227,C,56.75,54.7,4.9
std-7752,female,group B,some college,1,0,78,71,44,84,277,B,69.25,79.0,7.5
std-7753,female,group D,bachelor's degree,1,0,74,91,72,73,310,B,77.5,91.4,7.4
std-7754,female,group B,associate's degree,1,1,57,82,82,64,285,B,71.25,87.3,8.3
std-7755,female,group C,associate's degree,0,0,76,100,73,78,327,A,81.75,73.5,11.3
std-7756,female,group D,some college,0,0,55,62,72,71,260,B,65.0,69.1,7.7
std-7757,female,group D,some college,1,0,59,74,66,50,249,C,62.25,72.5,6.4
std-7758,female,group C,associate's degree,1,1,36,36,95,68,235,C,58.75,79.2,9.5
std-7759,female,group D,some college,1,0,66,90,90,76,322,A,80.5,66.4,5.6
std-7760,female,group A,bachelor's degree,0,0,64,46,97,38,245,C,61.25,78.2,11.0
std-7761,female,group C,some high school,1,0,51,100,86,98,335,A,83.75,88.6,4.9
std-7762,female,group E,some college,1,0,61,57,74,65,257,B,64.25,76.8,6.1
std-7763,female,group D,associate's degree,1,0,27,70,100,80,277,B,69.25,85.7,5.6
std-7764,female,group D,some college,0,0,100,96,63,48,307,B,76.75,85.5,6.2
std-7765,female,group A,high school,0,0,44,63,69,69,245,C,61.25,73.5,4.4
std-7766,female,group B,bachelor's degree,0,1,66,100,69,93,328,A,82.0,67.8,8.1
std-7767,female,group E,some high school,1,1,61,100,93,66,320,A,80.0,85.8,12.8
std-7768,female,group E,associate's degree,1,1,67,69,75,94,305,B,76.25,74.8,6.4
std-7769,female,group B,some college,1,1,50,46,78,74,248,C,62.0,73.4,10.6
std-7770,female,group A,associate's degree,1,1,83,40,92,74,289,B,72.25,86.3,10.7
std-7771,female,group C,bachelor's degree,1,0,69,60,98,84,311,B,77.75,96.6,6.1
std-7772,female,group D,some high school,1,0,88,80,52,64,284,B,71.0,81.2,7.8
std-7773,female,group B,master's degree,1,1,29,35,66,77,207,C,51.75,80.2,6.7
std-7774,female,group C,associate's degree,1,0,62,30,63,81,236,C,59.0,64.6,2.6
std-7775,female,group B,bachelor's degree,0,0,57,69,58,70,254,B,63.5,81.3,3.0
std-7776,female,group C,some college,0,0,57,67,83,26,233,C,58.25,76.8,6.9
std-7777,female,group E,some high school,0,1,27,65,70,59,221,C,55.25,87.4,9.0
std-7778,female,group D,some high school,1,0,65,74,100,90,329,A,82.25,80.4,8.1
std-7779,female,group A,some college,1,0,50,78,79,72,279,B,69.75,79.0,5.4
std-7780,female,group A,some college,1,1,30,89,69,100,288,B,72.0,91.5,8.6
std-7781,female,group A,high school,1,0,56,93,64,83,296,B,74.0,81.8,5.9
std-7782,female,group D,some high school,1,0,62,44,100,79,285,B,71.25,71.7,2.1
std-7783,female,group E,some college,1,1,89,50,83,80,302,B,75.5,100.0,9.5
std-7784,female,group E,some college,1,0,56,92,63,77,288,B,72.0,72.2,7.9
std-7785,female,group C,associate's degree,1,1,34,60,79,66,239,C,59.75,77.3,8.1
std-7786,female,group E,some college,1,1,85,77,77,88,327,A,81.75,88.3,14.4
std-7787,female,group B,high school,1,0,57,56,80,73,266,B,66.5,82.5,3.5
std-7788,female,group E,some college,1,1,71,53,94,64,282,B,70.5,79.7,7.3
std-7789,female,group C,high school,1,1,75,66,86,61,288,B,72.0,80.3,9.4
std-7790,female,group E,some high school,1,0,75,82,87,40,284,B,71.0,79.5,7.1
std-7791,female,group C,some high school,1,1,81,49,34,70,234,C,58.5,67.4,3.0
std-7792,female,group C,some high school,1,0,82,67,68,57,274,B,68.5,100.0,7.7
std-7793,female,group C,some high school,1,0,73,57,46,77,253,B,63.25,77.0,6.3
std-7794,female,group C,associate's degree,1,1,70,28,81,48,227,C,56.75,82.2,2.3
std-7795,female,group C,bachelor's degree,1,1,36,67,42,75,220,C,55.0,73.3,7.2
std-7796,female,group A,associate's degree,1,0,70,80,52,78,280,B,70.0,78.1,4.3
std-7797,female,group B,associate's degree,1,0,82,83,86,61,312,B,78.0,79.8,6.0
std-7798,female,group E,high school,1,0,52,31,97,61,241,C,60.25,64.1,2.1
std-7799,female,group C,high school,1,1,27,42,71,71,211,C,52.75,74.1,8.3
std-7800,female,group C,master's degree,1,0,27,74,100,68,269,B,67.25,76.7,10.5
std-7801,female,group E,some high school,0,1,30,60,91,86,267,B,66.75,90.7,9.2
std-7802,female,group D,high school,1,1,69,43,96,67,275,B,68.75,70.1,3.3
std-7803,female,group B,bachelor's degree,1,1,58,91,92,81,322,A,80.5,79.5,10.6
std-7804,female,group B,some high school,0,0,59,85,81,81,306,B,76.5,75.3,6.5
std-7805,female,group D,high school,0,0,54,82,65,60,261,B,65.25,92.7,3.2
std-7806,female,group D,some high school,1,0,85,36,73,84,278,B,69.5,73.3,7.2
std-7807,female,group A,some college,1,0,53,80,72,51,256,B,64.0,84.3,8.0
std-7808,female,group D,some high school,0,0,46,49,80,76,251,B,62.75,87.6,4.0
std-7809,female,group D,high school,1,1,43,92,73,87,295,B,73.75,81.2,5.1
std-7810,female,group D,high school,1,0,94,24,87,47,252,B,63.0,66.6,0.7
std-7811,female,group B,bachelor's degree,1,1,79,23,99,76,277,B,69.25,68.7,7.1
std-7812,female,group D,some college,1,0,62,93,81,85,321,A,80.25,92.4,6.9
std-7813,female,group E,high school,1,0,74,88,74,79,315,B,78.75,72.8,5.9
std-7814,female,group C,associate's degree,1,1,33,65,78,90,266,B,66.5,83.6,6.8
std-7815,female,group C,associate's degree,1,0,55,96,40,84,275,B,68.75,81.9,7.7
std-7816,female,group D,some high school,1,0,37,89,86,76,288,B,72.0,85.3,7.7
std-7817,female,group C,high school,0,1,70,63,73,79,285,B,71.25,85.9,9.5
std-7818,female,group E,high school,1,1,27,80,49,66,222,C,55.5,68.1,9.5
std-7819,female,group D,some high school,1,0,41,75,85,67,268,B,67.0,71.5,4.4
std-7820,female,group C,high school,1,1,95,74,98,66,333,A,83.25,92.1,7.4
std-7821,female,group B,associate's degree,1,1,56,42,93,87,278,B,69.5,75.4,7.5
std-7822,female,group C,master's degree,0,0,58,88,49,77,272,B,68.0,55.8,4.7
std-7823,female,group D,bachelor's degree,1,1,28,23,57,53,161,D,40.25,77.3,0.9
std-7824,female,group B,some high school,0,0,64,75,72,75,286,B,71.5,72.4,5.1
std-7825,female,group D,associate's degree,1,1,78,58,92,32,260,B,65.0,83.8,11.1
std-7826,female,group B,some college,1,0,69,60,62,51,242,C,60.5,90.7,7.5
std-7827,female,group D,some college,0,0,73,62,100,90,325,A,81.25,85.1,8.7
std-7828,female,group E,associate's degree,1,1,72,35,65,70,242,C,60.5,87.1,8.3
std-7829,female,group C,high school,1,0,47,61,70,64,242,C,60.5,79.5,9.1
std-7830,female,group D,bachelor's degree,1,1,76,51,84,47,258,B,64.5,93.7,5.7
std-7831,female,group E,master's degree,0,0,75,70,69,61,275,B,68.75,71.3,3.8
std-7832,female,group B,some college,1,1,61,88,98,69,316,B,79.0,84.2,12.5
std-7833,female,group C,associate's degree,1,0,100,80,100,83,363,A,90.75,94.2,8.4
std-7834,female,group D,some college,1,0,61,79,42,63,245,C,61.25,76.7,3.9
std-7835,female,group C,high school,1,1,74,67,78,86,305,B,76.25,93.7,10.8
std-7836,female,group C,some college,0,1,78,44,73,61,256,B,64.0,75.4,7.2
std-7837,female,group C,master's degree,0,0,67,84,72,62,285,B,71.25,100.0,4.4
std-7838,female,group D,bachelor's degree,0,0,27,59,76,69,231,C,57.75,96.3,3.0
std-7839,female,group A,some high school,1,1,38,85,53,66,242,C,60.5,80.7,8.8
std-7840,female,group D,associate's degree,0,0,52,57,77,46,232,C,58.0,82.3,5.7
std-7841,female,group C,some college,0,1,47,79,98,66,290,B,72.5,92.8,12.9
std-7842,female,group D,some high school,0,1,31,60,65,77,233,C,58.25,66.7,7.0
std-7843,female,group C,some high school,1,1,54,39,62,76,231,C,57.75,65.4,6.9
std-7844,female,group D,some high school,0,0,58,78,77,47,260,B,65.0,90.9,9.5
std-7845,female,group E,associate's degree,1,0,69,45,49,65,228,C,57.0,79.4,7.6
std-7846,female,group E,some college,0,0,87,53,46,85,271,B,67.75,78.5,6.5
std-7847,female,group B,associate's degree,0,0,28,62,45,50,185,D,46.25,73.5,0.2
std-7848,female,group C,high school,1,0,80,92,61,83,316,B,79.0,62.8,5.2
std-7849,female,group D,some college,1,0,88,78,96,63,325,A,81.25,83.3,4.8
std-7850,female,group B,associate's degree,1,1,100,88,85,63,336,A,84.0,79.1,10.3
std-7851,female,group C,associate's degree,1,1,37,55,35,61,188,D,47.0,81.9,5.4
std-7852,female,group E,associate's degree,1,0,78,100,81,59,318,B,79.5,93.4,11.3
std-7853,female,group E,some high school,1,1,66,50,86,34,236,C,59.0,82.8,3.9
std-7854,female,group E,associate's degree,1,0,79,69,56,66,270,B,67.5,84.0,3.2
std-7855,female,group E,some high school,1,0,27,86,95,61,269,B,67.25,66.9,6.7
std-7856,female,group A,associate's degree,0,0,84,88,75,48,295,B,73.75,87.8,8.0
std-7857,female,group C,master's degree,1,1,33,80,68,66,247,C,61.75,84.2,1.6
std-7858,female,group B,associate's degree,1,1,62,76,87,68,293,B,73.25,93.5,4.8
std-7859,female,group D,high school,1,0,28,71,100,66,265,B,66.25,99.1,5.3
std-7860,female,group C,associate's degree,1,0,54,41,55,32,182,D,45.5,57.9,7.4
std-7861,female,group C,associate's degree,0,1,40,100,20,92,252,B,63.0,75.4,12.9
std-7862,female,group B,associate's degree,1,0,74,69,67,66,276,B,69.0,74.2,5.2
std-7863,female,group C,high school,1,0,27,79,100,77,283,B,70.75,83.1,6.0
std-7864,female,group E,high school,1,0,63,94,58,70,285,B,71.25,81.8,4.4
std-7865,female,group C,associate's degree,0,1,30,36,80,96,242,C,60.5,76.0,9.5
std-7866,female,group C,associate's degree,1,1,100,53,57,88,298,B,74.5,92.0,13.1
std-7867,female,group B,some college,1,1,40,63,76,63,242,C,60.5,68.2,11.1
std-7868,female,group B,high school,1,0,73,56,71,37,237,C,59.25,68.3,5.3
std-7869,female,group E,associate's degree,1,0,67,76,44,94,281,B,70.25,72.1,4.3
std-7870,female,group D,high school,0,0,34,46,88,77,245,C,61.25,75.1,5.6
std-7871,female,group C,bachelor's degree,1,1,69,30,57,83,239,C,59.75,66.8,11.3
std-7872,female,group D,some college,1,1,87,40,93,90,310,B,77.5,83.3,8.6
std-7873,female,group C,high school,0,1,64,93,84,64,305,B,76.25,81.8,4.9
std-7874,female,group C,some college,0,1,59,23,79,59,220,C,55.0,69.2,6.5
std-7875,female,group E,some high school,1,1,71,74,76,77,298,B,74.5,90.6,8.6
std-7876,female,group B,some high school,1,0,100,42,100,87,329,A,82.25,84.8,3.0
std-7877,female,group C,some college,1,0,73,64,85,71,293,B,73.25,91.9,7.2
std-7878,female,group C,some college,1,0,63,100,64,55,282,B,70.5,79.7,7.7
std-7879,female,group B,some high school,0,1,79,58,79,78,294,B,73.5,82.2,13.8
std-7880,female,group C,some high school,0,1,79,85,60,54,278,B,69.5,76.0,5.5
std-7881,female,group D,high school,1,0,67,61,74,79,281,B,70.25,81.3,8.2
std-7882,female,group E,associate's degree,0,0,97,81,99,70,347,A,86.75,93.2,10.4
std-7883,female,group D,associate's degree,0,1,52,86,71,51,260,B,65.0,75.9,9.7
std-7884,female,group C,some college,1,0,90,45,67,100,302,B,75.5,87.7,4.4
std-7885,female,group E,some college,1,1,37,88,75,94,294,B,73.5,75.1,6.5
std-7886,female,group D,high school,0,0,91,100,84,59,334,A,83.5,92.6,7.9
std-7887,female,group A,some college,0,0,50,68,100,51,269,B,67.25,75.1,6.3
std-7888,female,group D,high school,0,0,60,72,97,61,290,B,72.5,89.8,5.2
std-7889,female,group D,high school,1,1,67,40,75,50,232,C,58.0,77.8,11.0
std-7890,female,group D,high school,0,0,78,73,61,65,277,B,69.25,94.7,5.3
std-7891,female,group A,associate's degree,1,0,50,84,39,66,239,C,59.75,67.5,0.7
std-7892,female,group D,bachelor's degree,1,1,81,84,100,81,346,A,86.5,73.4,9.9
std-7893,female,group C,associate's degree,0,1,87,60,95,83,325,A,81.25,79.4,11.1
std-7894,female,group C,master's degree,1,1,46,76,68,72,262,B,65.5,67.3,9.3
std-7895,female,group C,some college,0,0,58,67,67,74,266,B,66.5,67.7,6.9
std-7896,female,group C,associate's degree,1,1,57,52,85,73,267,B,66.75,85.8,12.3
std-7897,female,group D,associate's degree,1,0,67,60,60,85,272,B,68.0,80.6,3.4
std-7898,female,group C,some high school,1,0,29,58,50,64,201,C,50.25,70.4,3.4
std-7899,female,group A,some college,1,1,56,71,100,71,298,B,74.5,79.3,13.1
std-7900,female,group D,master's degree,1,1,38,91,79,98,306,B,76.5,78.0,4.6
std-7901,female,group D,bachelor's degree,1,0,60,75,74,76,285,B,71.25,96.5,6.3
std-7902,female,group C,some high school,1,0,27,46,85,63,221,C,55.25,69.8,8.0
std-7903,female,group A,some high school,1,0,60,78,96,56,290,B,72.5,70.2,9.6
std-7904,female,group A,some high school,1,1,74,53,75,90,292,B,73.0,89.4,10.8
std-7905,female,group C,high school,1,0,75,71,85,77,308,B,77.0,81.6,8.7
std-7906,female,group D,high school,1,1,65,77,100,35,277,B,69.25,99.4,6.2
std-7907,female,group B,high school,1,0,62,84,61,71,278,B,69.5,76.4,9.7
std-7908,female,group E,high school,0,0,62,75,85,80,302,B,75.5,90.7,3.9
std-7909,female,group E,associate's degree,1,1,34,78,100,50,262,B,65.5,89.5,5.6
std-7910,female,group D,associate's degree,1,1,58,83,84,50,275,B,68.75,76.2,9.7
std-7911,female,group B,some college,1,0,35,70,100,90,295,B,73.75,75.8,5.5
std-7912,female,group E,master's degree,0,1,75,84,100,42,301,B,75.25,89.7,9.9
std-7913,female,group D,bachelor's degree,1,1,68,95,73,88,324,A,81.0,90.1,11.0
std-7914,female,group A,some college,1,1,56,30,100,91,277,B,69.25,68.3,13.2
std-7915,female,group D,some college,1,1,73,43,65,37,218,C,54.5,66.0,8.5
std-7916,female,group D,some college,0,1,65,52,85,89,291,B,72.75,59.3,7.6
std-7917,female,group C,associate's degree,1,1,69,72,88,51,280,B,70.0,86.6,10.6
std-7918,female,group E,bachelor's degree,1,0,62,51,71,41,225,C,56.25,74.4,3.0
std-7919,female,group E,some college,0,0,70,86,99,73,328,A,82.0,83.8,9.8
std-7920,female,group C,some high school,1,0,70,91,57,46,264,B,66.0,64.7,6.1
std-7921,female,group E,high school,0,1,73,28,39,66,206,C,51.5,65.3,8.1
std-7922,female,group E,some high school,1,0,57,96,76,82,311,B,77.75,79.5,2.6
std-7923,female,group D,some college,1,0,70,86,53,78,287,B,71.75,75.8,0.9
std-7924,female,group E,high school,1,1,47,85,58,99,289,B,72.25,83.1,5.3
std-7925,female,group A,high school,1,0,27,45,74,92,238,C,59.5,83.0,9.7
std-7926,female,group D,associate's degree,1,1,41,89,94,67,291,B,72.75,100.0,6.2
std-7927,female,group C,some college,0,1,61,73,78,58,270,B,67.5,80.3,10.5
std-7928,female,group D,some college,1,0,53,80,79,96,308,B,77.0,93.6,5.4
std-7929,female,group C,some high school,0,1,54,62,85,43,244,C,61.0,70.8,7.4
std-7930,female,group A,high school,1,1,30,87,82,79,278,B,69.5,66.0,8.7
std-7931,female,group D,master's degree,0,0,92,87,97,44,320,A,80.0,81.4,11.4
std-7932,female,group D,associate's degree,0,1,77,36,100,50,263,B,65.75,65.5,9.9
std-7933,female,group E,bachelor's degree,1,0,53,57,75,56,241,C,60.25,78.2,6.4
std-7934,female,group C,bachelor's degree,1,1,57,63,97,74,291,B,72.75,75.1,12.4
std-7935,female,group C,bachelor's degree,0,0,69,65,95,37,266,B,66.5,62.5,4.4
std-7936,female,group A,high school,1,1,60,80,98,66,304,B,76.0,98.9,12.1
std-7937,female,group C,high school,1,0,75,51,87,79,292,B,73.0,77.4,8.9
std-7938,female,group D,some college,1,1,73,72,86,76,307,B,76.75,68.8,11.7
std-7939,female,group D,master's degree,0,0,67,50,77,33,227,C,56.75,85.0,4.7
std-7940,female,group D,high school,0,0,71,42,86,53,252,B,63.0,72.4,4.6
std-7941,female,group A,some college,1,0,55,43,66,70,234,C,58.5,87.3,3.1
std-7942,female,group A,bachelor's degree,0,0,83,67,96,72,318,B,79.5,77.8,5.2
std-7943,female,group B,bachelor's degree,1,0,86,31,82,69,268,B,67.0,75.4,3.8
std-7944,female,group A,some high school,1,1,56,72,67,64,259,B,64.75,82.6,9.3
std-7945,female,group B,some high school,1,1,63,91,94,85,333,A,83.25,91.0,9.5
std-7946,female,group C,some college,1,0,53,77,70,83,283,B,70.75,88.4,7.5
std-7947,female,group D,high school,1,0,82,75,100,79,336,A,84.0,85.1,8.9
std-7948,female,group A,high school,1,0,56,60,61,70,247,C,61.75,83.3,2.9
std-7949,female,group E,some college,1,1,30,96,82,72,280,B,70.0,88.0,6.1
std-7950,female,group B,high school,1,1,63,77,69,81,290,B,72.5,83.9,8.5
std-7951,female,group E,some college,1,1,61,90,51,67,269,B,67.25,79.1,6.7
std-7952,female,group C,master's degree,0,0,27,92,91,71,281,B,70.25,68.3,4.2
std-7953,female,group C,associate's degree,1,0,91,68,92,84,335,A,83.75,91.2,11.9
std-7954,female,group C,some college,1,1,50,63,95,83,291,B,72.75,82.5,5.3
std-7955,female,group A,some high school,1,0,76,81,48,71,276,B,69.0,77.2,11.3
std-7956,female,group D,associate's degree,1,1,51,99,72,72,294,B,73.5,93.9,9.9
std-7957,female,group D,bachelor's degree,0,0,55,52,58,26,191,D,47.75,61.0,6.7
std-7958,female,group C,some college,1,0,33,69,64,86,252,B,63.0,93.7,7.9
std-7959,female,group D,associate's degree,1,0,67,77,70,48,262,B,65.5,79.6,7.5
std-7960,female,group B,high school,0,0,100,60,86,31,277,B,69.25,83.9,10.4
std-7961,female,group E,some college,1,0,71,84,54,51,260,B,65.0,76.1,3.2
std-7962,female,group C,some high school,0,1,70,23,77,52,222,C,55.5,61.5,7.1
std-7963,female,group D,master's degree,0,1,74,100,46,79,299,B,74.75,81.6,7.2
std-7964,female,group B,master's degree,0,1,68,100,67,78,313,B,78.25,87.0,5.4
std-7965,female,group D,some college,0,0,55,100,34,61,250,B,62.5,84.9,4.0
std-7966,female,group D,some high school,1,1,50,68,60,60,238,C,59.5,76.0,12.5
std-7967,female,group D,some college,1,0,52,60,89,50,251,B,62.75,59.1,5.2
std-7968,female,group B,some college,0,0,27,87,74,45,233,C,58.25,63.5,10.2
std-7969,female,group D,some high school,1,1,29,49,64,53,195,D,48.75,92.7,12.1
std-7970,female,group E,high school,1,1,88,76,80,98,342,A,85.5,76.6,17.8
std-7971,female,group D,associate's degree,0,0,58,70,79,37,244,C,61.0,91.1,10.3
std-7972,female,group A,some high school,1,1,70,66,62,99,297,B,74.25,74.3,15.2
std-7973,female,group D,some college,1,0,97,100,88,63,348,A,87.0,85.2,8.8
std-7974,female,group E,some college,0,0,83,73,91,72,319,B,79.75,90.1,7.9
std-7975,female,group D,bachelor's degree,0,0,56,73,86,77,292,B,73.0,74.9,7.4
std-7976,female,group E,associate's degree,0,0,73,47,91,59,270,B,67.5,94.8,6.1
std-7977,female,group D,some college,1,0,75,83,72,100,330,A,82.5,86.1,7.9
std-7978,female,group A,high school,1,0,51,53,86,52,242,C,60.5,82.3,7.3
std-7979,female,group E,high school,1,1,51,92,79,61,283,B,70.75,79.1,7.8
std-7980,female,group E,some college,0,0,91,62,63,42,258,B,64.5,85.4,2.4
std-7981,female,group C,bachelor's degree,1,1,32,69,80,73,254,B,63.5,93.3,9.2
std-7982,female,group C,associate's degree,0,1,38,44,100,56,238,C,59.5,76.6,6.1
std-7983,female,group A,some college,1,1,92,62,100,51,305,B,76.25,98.9,8.0
std-7984,female,group D,some college,1,0,83,70,83,72,308,B,77.0,78.1,6.7
std-7985,female,group C,associate's degree,1,0,74,70,97,63,304,B,76.0,90.1,6.0
std-7986,female,group C,high school,1,1,41,100,75,90,306,B,76.5,87.8,12.2
std-7987,female,group A,some high school,0,0,46,59,89,46,240,C,60.0,68.3,5.0
std-7988,female,group A,associate's degree,1,0,40,72,69,79,260,B,65.0,81.5,8.8
std-7989,female,group C,high school,1,0,92,59,95,93,339,A,84.75,86.2,8.3
std-7990,female,group E,some high school,1,0,59,47,89,59,254,B,63.5,71.4,5.5
std-7991,female,group D,some high school,0,0,75,70,68,69,282,B,70.5,84.6,6.8
std-7992,female,group B,master's degree,0,0,74,99,61,68,302,B,75.5,84.4,3.7
std-7993,female,group D,bachelor's degree,1,0,90,45,99,86,320,A,80.0,83.9,8.2
std-7994,female,group B,associate's degree,0,0,89,76,77,78,320,A,80.0,84.0,9.4
std-7995,female,group B,bachelor's degree,1,1,91,79,51,88,309,B,77.25,82.8,12.0
std-7996,female,group B,some high school,1,0,58,82,81,90,311,B,77.75,80.5,3.7
std-7997,female,group B,some college,0,0,58,69,56,58,241,C,60.25,79.3,1.6
std-7998,female,group C,some college,1,0,72,62,100,51,285,B,71.25,75.9,5.1
std-7999,female,group C,some high school,0,1,33,75,72,47,227,C,56.75,100.0,11.1
std-8000,female,group A,some college,1,1,84,52,81,69,286,B,71.5,69.1,9.6
std-8001,female,group D,high school,1,0,78,82,45,64,269,B,67.25,75.1,4.2
std-8002,female,group C,associate's degree,1,0,31,57,74,61,223,C,55.75,72.0,1.4
std-8003,female,group E,high school,0,0,47,39,60,72,218,C,54.5,94.5,3.2
std-8004,female,group A,bachelor's degree,1,1,70,47,72,40,229,C,57.25,65.2,5.8
std-8005,female,group C,some college,1,1,63,100,62,88,313,B,78.25,87.8,12.0
std-8006,female,group D,some college,1,1,39,65,97,94,295,B,73.75,84.7,11.7
std-8007,female,group C,bachelor's degree,0,0,34,80,70,85,269,B,67.25,83.4,3.5
std-8008,female,group C,some high school,1,1,82,55,34,32,203,C,50.75,86.0,8.9
std-8009,female,group C,master's degree,0,0,85,89,100,62,336,A,84.0,96.8,9.3
std-8010,female,group B,high school,1,0,36,99,68,79,282,B,70.5,77.4,3.5
std-8011,female,group B,high school,1,0,85,54,91,90,320,A,80.0,86.3,7.1
std-8012,female,group D,high school,0,1,67,100,60,34,261,B,65.25,62.9,9.3
std-8013,female,group B,associate's degree,1,1,61,65,89,87,302,B,75.5,84.0,9.8
std-8014,female,group E,some high school,0,0,63,100,62,53,278,B,69.5,73.9,2.0
std-8015,female,group D,some college,0,0,66,75,60,64,265,B,66.25,78.3,6.3
std-8016,female,group C,high school,1,1,27,48,82,88,245,C,61.25,63.2,9.6
std-8017,female,group C,some college,1,0,71,95,95,83,344,A,86.0,90.2,11.8
std-8018,female,group C,some college,1,1,27,23,61,92,203,C,50.75,59.6,5.4
std-8019,female,group E,associate's degree,1,0,77,65,75,77,294,B,73.5,83.8,5.3
std-8020,female,group C,bachelor's degree,1,1,67,50,39,42,198,D,49.5,63.4,6.4
std-8021,female,group B,some high school,1,0,47,89,60,39,235,C,58.75,69.9,6.0
std-8022,female,group E,high school,0,1,69,46,75,91,281,B,70.25,91.7,9.1
std-8023,female,group C,high school,1,0,74,71,60,45,250,B,62.5,84.1,7.2
std-8024,female,group C,high school,0,0,70,97,71,84,322,A,80.5,95.1,4.5
std-8025,female,group A,high school,1,1,64,85,73,84,306,B,76.5,97.4,10.5
std-8026,female,group C,bachelor's degree,0,0,47,72,99,59,277,B,69.25,74.1,4.4
std-8027,female,group D,some high school,1,0,63,49,100,79,291,B,72.75,95.7,6.3
std-8029,female,group E,some college,1,0,65,56,80,69,270,B,67.5,67.2,10.4
std-8030,female,group C,associate's degree,0,1,71,63,78,78,290,B,72.5,88.8,5.6
std-8031,female,group C,high school,1,1,72,58,40,65,235,C,58.75,73.1,7.1
std-8032,female,group C,some high school,1,1,74,74,64,75,287,B,71.75,73.5,5.8
std-8033,female,group D,master's degree,1,0,40,75,84,87,286,B,71.5,87.3,6.9
std-8034,female,group E,associate's degree,1,1,62,83,82,91,318,B,79.5,92.9,12.4
std-8035,female,group C,master's degree,1,1,100,98,99,86,383,A,95.75,98.0,11.7
std-8036,female,group E,some high school,0,0,67,69,64,39,239,C,59.75,79.8,5.1
std-8037,female,group A,high school,1,0,75,43,49,94,261,B,65.25,80.9,9.2
std-8038,female,group D,associate's degree,1,0,65,96,87,49,297,B,74.25,87.4,7.6
std-8039,female,group D,some college,0,1,64,88,79,83,314,B,78.5,86.8,11.7
std-8040,female,group B,associate's degree,1,0,52,77,72,81,282,B,70.5,86.3,8.2
std-8041,female,group D,some college,0,1,27,57,62,70,216,C,54.0,77.8,0.2
std-8042,female,group C,some high school,1,1,79,81,89,69,318,B,79.5,92.0,9.6
std-8043,female,group C,master's degree,1,0,56,68,80,89,293,B,73.25,67.7,4.0
std-8044,female,group C,bachelor's degree,1,0,77,95,83,92,347,A,86.75,85.6,5.9
std-8045,female,group C,high school,1,0,72,74,80,96,322,A,80.5,72.3,11.0
std-8046,female,group B,associate's degree,1,1,49,75,82,71,277,B,69.25,83.5,7.9
std-8047,female,group C,high school,1,0,86,93,47,37,263,B,65.75,94.6,10.7
std-8048,female,group D,associate's degree,1,1,28,86,100,89,303,B,75.75,78.9,5.9
std-8049,female,group C,bachelor's degree,1,0,57,65,57,65,244,C,61.0,79.4,2.8
std-8050,female,group E,some college,1,1,50,93,70,58,271,B,67.75,87.3,10.6
std-8051,female,group C,high school,0,0,56,91,73,80,300,B,75.0,64.3,6.0
std-8052,female,group C,associate's degree,1,1,83,63,84,81,311,B,77.75,79.1,10.4
std-8053,female,group D,bachelor's degree,0,0,63,84,100,90,337,A,84.25,89.3,7.4
std-8054,female,group B,master's degree,0,0,58,100,61,74,293,B,73.25,56.3,6.3
std-8055,female,group D,associate's degree,1,1,71,69,88,58,286,B,71.5,73.0,8.2
std-8056,female,group D,associate's degree,0,0,58,51,68,91,268,B,67.0,90.2,6.5
std-8057,female,group C,some college,1,0,53,73,88,71,285,B,71.25,90.7,8.1
std-8058,female,group D,high school,1,1,39,55,68,31,193,D,48.25,77.4,10.8
std-8059,female,group C,associate's degree,0,0,73,33,52,81,239,C,59.75,85.8,4.9
std-8060,female,group D,associate's degree,1,1,87,46,71,74,278,B,69.5,83.0,7.8
std-8061,female,group C,associate's degree,1,0,80,46,71,87,284,B,71.0,86.6,5.1
std-8062,female,group A,some college,1,0,57,73,61,37,228,C,57.0,74.1,8.8
std-8063,female,group D,associate's degree,1,0,75,45,89,43,252,B,63.0,80.0,7.4
std-8064,female,group D,high school,1,0,70,76,75,42,263,B,65.75,74.2,1.2
std-8065,female,group B,associate's degree,1,0,55,71,88,60,274,B,68.5,92.1,1.4
std-8066,female,group D,high school,1,1,75,26,38,62,201,C,50.25,88.4,4.9
std-8067,female,group C,associate's degree,0,1,62,69,84,57,272,B,68.0,93.0,9.2
std-8068,female,group D,bachelor's degree,1,1,53,65,85,97,300,B,75.0,79.2,9.2
std-8069,female,group D,some college,1,0,58,83,80,48,269,B,67.25,71.8,7.4
std-8070,female,group D,some college,1,0,60,39,86,54,239,C,59.75,89.4,5.0
std-8071,female,group A,some college,1,0,69,81,65,62,277,B,69.25,85.9,9.8
std-8072,female,group C,some high school,1,1,71,81,58,88,298,B,74.5,85.7,11.2
std-8073,female,group B,bachelor's degree,1,1,45,53,81,60,239,C,59.75,72.2,8.1
std-8074,female,group B,some high school,1,0,68,73,81,88,310,B,77.5,87.6,9.9
std-8075,female,group A,master's degree,0,0,72,88,89,90,339,A,84.75,76.4,3.6
std-8076,female,group C,some high school,1,0,60,66,91,68,285,B,71.25,87.4,6.3
std-8077,female,group C,some college,1,0,54,76,64,87,281,B,70.25,93.8,6.7
std-8078,female,group D,master's degree,1,0,66,68,70,41,245,C,61.25,93.0,7.0
std-8079,female,group E,master's degree,1,1,55,62,62,86,265,B,66.25,86.4,4.2
std-8080,female,group B,associate's degree,1,0,31,85,100,39,255,B,63.75,66.8,5.1
std-8081,female,group C,high school,1,0,72,61,54,83,270,B,67.5,82.2,7.1
std-8082,female,group C,associate's degree,0,0,88,89,69,62,308,B,77.0,100.0,8.2
std-8083,female,group A,associate's degree,1,0,59,65,85,76,285,B,71.25,73.9,9.4
std-8084,female,group B,some college,1,0,57,59,97,91,304,B,76.0,82.7,8.8
std-8085,female,group A,high school,1,0,89,53,95,57,294,B,73.5,95.1,6.5
std-8086,female,group C,associate's degree,0,1,41,50,32,45,168,D,42.0,77.5,7.9
std-8087,female,group B,bachelor's degree,0,0,66,73,89,73,301,B,75.25,100.0,6.4
std-8088,female,group B,some college,0,0,71,85,88,100,344,A,86.0,80.0,8.2
std-8089,female,group C,bachelor's degree,1,1,51,75,63,79,268,B,67.0,71.4,10.6
std-8090,female,group D,some college,0,1,45,70,64,62,241,C,60.25,89.1,7.8
std-8091,female,group A,associate's degree,0,0,34,81,88,53,256,B,64.0,68.5,6.7
std-8092,female,group B,some college,1,0,61,90,33,81,265,B,66.25,78.2,8.4
std-8093,female,group D,some college,0,1,69,56,83,52,260,B,65.0,79.0,10.2
std-8094,female,group E,some high school,0,1,84,100,64,45,293,B,73.25,91.7,12.3
std-8095,female,group D,associate's degree,0,0,85,62,71,57,275,B,68.75,86.4,12.1
std-8096,female,group C,master's degree,0,1,98,50,58,55,261,B,65.25,83.8,10.2
std-8097,female,group D,some college,1,1,53,70,90,85,298,B,74.5,79.1,8.1
std-8098,female,group E,some high school,1,0,81,58,94,77,310,B,77.5,94.7,8.3
std-8099,female,group C,associate's degree,1,0,99,44,86,62,291,B,72.75,100.0,7.8
std-8100,female,group C,associate's degree,1,0,83,81,63,67,294,B,73.5,88.6,8.2
std-8101,female,group E,some high school,1,1,53,85,39,62,239,C,59.75,78.8,11.6
std-8102,female,group C,bachelor's degree,0,0,60,58,80,83,281,B,70.25,69.7,2.2
std-8103,female,group C,associate's degree,1,1,79,74,100,69,322,A,80.5,79.0,13.6
std-8104,female,group A,high school,1,1,66,69,85,87,307,B,76.75,81.6,14.1
std-8105,female,group E,some high school,0,1,69,85,98,84,336,A,84.0,81.1,11.6
std-8106,female,group C,high school,1,0,69,34,82,69,254,B,63.5,79.0,7.2
std-8107,female,group D,some high school,1,0,64,69,73,68,274,B,68.5,96.8,5.6
std-8108,female,group A,bachelor's degree,0,0,78,89,97,70,334,A,83.5,97.0,7.7
std-8109,female,group E,some high school,1,0,78,80,90,79,327,A,81.75,83.7,9.2
std-8110,female,group D,bachelor's degree,0,0,56,70,93,68,287,B,71.75,71.0,8.1
std-8111,female,group C,associate's degree,0,1,36,60,88,89,273,B,68.25,92.7,10.5
std-8112,female,group B,high school,1,0,54,90,85,40,269,B,67.25,79.9,7.7
std-8113,female,group B,high school,1,0,56,79,72,59,266,B,66.5,64.6,8.3
std-8114,female,group D,some college,1,0,79,53,82,78,292,B,73.0,88.7,8.6
std-8115,female,group C,some high school,1,1,41,69,53,39,202,C,50.5,84.0,4.5
std-8116,female,group C,some college,1,1,86,61,71,77,295,B,73.75,60.7,11.3
std-8117,female,group A,some college,1,1,55,66,62,53,236,C,59.0,70.2,12.5
std-8118,female,group D,some college,0,0,66,91,78,78,313,B,78.25,83.0,7.1
std-8119,female,group E,some college,0,0,87,63,94,68,312,B,78.0,90.5,10.9
std-8120,female,group E,some college,1,1,59,56,100,75,290,B,72.5,77.4,6.8
std-8121,female,group C,bachelor's degree,1,1,69,77,78,76,300,B,75.0,75.4,9.3
std-8122,female,group C,some high school,0,1,87,54,67,55,263,B,65.75,86.4,6.9
std-8123,female,group A,associate's degree,0,0,71,39,81,31,222,C,55.5,72.2,8.4
std-8124,female,group A,some college,1,0,77,82,95,86,340,A,85.0,91.1,11.9
std-8125,female,group D,some high school,1,1,82,81,89,61,313,B,78.25,74.0,9.4
std-8126,female,group D,some college,1,1,31,73,60,66,230,C,57.5,65.0,10.6
std-8127,female,group B,bachelor's degree,0,1,63,93,79,55,290,B,72.5,88.9,13.2
std-8128,female,group D,some high school,1,0,88,56,83,77,304,B,76.0,85.5,6.8
std-8129,female,group C,some high school,0,0,87,65,78,82,312,B,78.0,92.2,7.4
std-8130,female,group E,bachelor's degree,1,0,27,40,96,81,244,C,61.0,73.5,7.3
std-8131,female,group E,associate's degree,0,1,33,84,98,57,272,B,68.0,73.4,6.6
std-8132,female,group C,master's degree,0,0,71,54,93,41,259,B,64.75,91.8,6.1
std-8133,female,group A,high school,1,0,77,71,90,66,304,B,76.0,69.5,12.3
std-8134,female,group A,some high school,1,0,27,89,28,60,204,C,51.0,86.2,3.3
std-8135,female,group D,high school,0,0,90,82,86,91,349,A,87.25,98.9,10.1
std-8136,female,group E,high school,0,1,87,68,65,73,293,B,73.25,90.1,10.5
std-8137,female,group C,some high school,1,1,95,64,87,75,321,A,80.25,78.5,9.4
std-8138,female,group E,high school,1,0,74,90,60,38,262,B,65.5,72.4,6.5
std-8139,female,group C,associate's degree,1,0,86,63,98,47,294,B,73.5,80.5,11.1
std-8140,female,group D,associate's degree,0,0,76,64,92,80,312,B,78.0,72.3,8.5
std-8141,female,group A,master's degree,0,1,82,47,94,64,287,B,71.75,73.2,10.8
std-8142,female,group C,some high school,1,1,52,95,84,41,272,B,68.0,86.4,12.7
std-8143,female,group E,some high school,0,1,78,27,72,72,249,C,62.25,84.5,7.4
std-8144,female,group E,high school,0,0,78,100,86,50,314,B,78.5,74.6,4.5
std-8145,female,group C,associate's degree,1,1,61,88,54,56,259,B,64.75,85.6,12.8
std-8146,female,group D,bachelor's degree,1,0,68,89,62,100,319,B,79.75,88.6,7.6
std-8147,female,group C,bachelor's degree,1,1,64,61,70,77,272,B,68.0,94.2,10.9
std-8148,female,group E,bachelor's degree,1,1,87,77,100,79,343,A,85.75,91.6,8.4
std-8149,female,group D,associate's degree,1,0,55,41,73,100,269,B,67.25,89.9,7.1
std-8150,female,group C,master's degree,1,1,59,92,54,80,285,B,71.25,86.0,6.2
std-8151,female,group E,some college,1,0,73,67,69,83,292,B,73.0,91.1,6.8
std-8152,female,group C,some college,1,0,58,76,61,99,294,B,73.5,70.8,5.1
std-8153,female,group D,associate's degree,1,0,57,48,85,75,265,B,66.25,78.9,3.8
std-8154,female,group B,high school,1,0,64,82,69,73,288,B,72.0,81.6,5.8
std-8155,female,group D,bachelor's degree,0,0,32,93,67,77,269,B,67.25,78.2,0.4
std-8156,female,group C,some college,1,1,69,32,71,75,247,C,61.75,82.5,5.2
std-8157,female,group D,some college,1,0,88,39,47,81,255,B,63.75,84.9,7.7
std-8158,female,group B,master's degree,1,0,55,89,88,100,332,A,83.0,89.1,8.5
std-8159,female,group B,high school,0,1,63,81,86,78,308,B,77.0,82.0,6.8
std-8160,female,group E,some college,0,0,75,87,69,95,326,A,81.5,78.4,8.8
std-8161,female,group C,master's degree,1,0,27,51,79,52,209,C,52.25,85.3,2.5
std-8162,female,group C,some college,0,0,60,61,96,97,314,B,78.5,87.2,9.0
std-8163,female,group E,associate's degree,0,1,67,23,53,86,229,C,57.25,67.9,7.4
std-8164,female,group A,some college,1,0,71,60,93,85,309,B,77.25,81.9,6.2
std-8165,female,group A,associate's degree,1,1,62,62,74,96,294,B,73.5,66.7,9.0
std-8166,female,group A,associate's degree,1,0,94,88,86,34,302,B,75.5,83.4,13.3
std-8167,female,group A,some college,0,1,88,60,86,23,257,B,64.25,77.6,6.4
std-8168,female,group C,some high school,0,0,51,63,82,52,248,C,62.0,73.4,6.2
std-8169,female,group C,bachelor's degree,1,1,77,90,97,86,350,A,87.5,100.0,12.5
std-8170,female,group B,some college,0,0,37,56,70,56,219,C,54.75,65.8,2.5
std-8171,female,group D,some college,0,0,68,42,61,58,229,C,57.25,83.4,1.2
std-8172,female,group D,high school,1,1,49,61,97,74,281,B,70.25,100.0,7.4
std-8173,female,group D,high school,0,0,65,86,95,87,333,A,83.25,95.3,9.5
std-8174,female,group B,bachelor's degree,1,0,61,62,81,91,295,B,73.75,82.2,5.9
std-8175,female,group D,some high school,1,0,67,60,100,74,301,B,75.25,72.8,6.3
std-8176,female,group C,high school,1,1,31,55,71,80,237,C,59.25,65.4,10.1
std-8177,female,group C,high school,1,1,27,66,24,41,158,D,39.5,67.5,4.0
std-8178,female,group A,high school,1,0,62,53,100,51,266,B,66.5,73.9,5.8
std-8179,female,group E,some high school,1,0,27,72,71,92,262,B,65.5,73.3,2.1
std-8180,female,group A,associate's degree,0,0,73,66,79,37,255,B,63.75,76.3,6.6
std-8181,female,group A,some high school,0,0,53,76,100,63,292,B,73.0,81.3,7.2
std-8182,female,group A,high school,1,1,70,72,83,55,280,B,70.0,85.6,10.8
std-8183,female,group C,bachelor's degree,1,0,77,69,44,66,256,B,64.0,68.1,2.9
std-8184,female,group E,some college,1,0,51,54,87,73,265,B,66.25,73.9,5.5
std-8185,female,group D,associate's degree,0,0,70,66,93,45,274,B,68.5,79.3,3.0
std-8186,female,group D,high school,0,0,69,75,100,47,291,B,72.75,80.4,6.0
std-8187,female,group D,high school,1,0,68,52,72,100,292,B,73.0,98.8,10.3
std-8188,female,group C,associate's degree,1,0,92,69,100,92,353,A,88.25,89.4,7.3
std-8189,female,group C,associate's degree,1,1,62,71,80,98,311,B,77.75,69.3,6.2
std-8190,female,group C,high school,0,0,82,51,90,69,292,B,73.0,86.0,4.9
std-8191,female,group B,some college,0,1,51,79,79,57,266,B,66.5,85.0,4.5
std-8192,female,group E,associate's degree,0,0,55,73,73,71,272,B,68.0,79.5,2.9
std-8193,female,group C,some college,1,1,94,41,72,77,284,B,71.0,70.7,10.6
std-8194,female,group A,some college,1,0,29,93,77,62,261,B,65.25,95.5,2.3
std-8195,female,group D,some high school,1,1,72,61,82,78,293,B,73.25,72.7,9.9
std-8196,female,group B,bachelor's degree,0,0,59,97,49,62,267,B,66.75,86.1,6.1
std-8197,female,group B,high school,0,1,32,73,71,54,230,C,57.5,78.9,6.3
std-8198,female,group C,associate's degree,1,0,45,57,72,47,221,C,55.25,81.8,5.5
std-8199,female,group B,master's degree,1,1,91,76,94,86,347,A,86.75,100.0,8.1
std-8200,female,group D,bachelor's degree,1,1,59,73,100,80,312,B,78.0,89.0,11.7
std-8201,female,group C,associate's degree,1,1,82,80,80,50,292,B,73.0,77.2,7.4
std-8202,female,group D,high school,1,0,72,40,79,67,258,B,64.5,89.4,4.9
std-8203,female,group E,associate's degree,0,0,50,87,84,63,284,B,71.0,75.9,5.2
std-8204,female,group C,some high school,1,0,61,53,44,96,254,B,63.5,80.6,7.5
std-8205,female,group C,high school,0,0,75,84,76,68,303,B,75.75,71.5,8.3
std-8206,female,group A,high school,0,0,48,64,100,81,293,B,73.25,73.0,0.1
std-8207,female,group C,high school,0,0,53,100,48,85,286,B,71.5,82.2,7.1
std-8208,female,group C,high school,1,1,51,87,96,42,276,B,69.0,84.2,4.4
std-8209,female,group B,bachelor's degree,1,0,83,72,80,92,327,A,81.75,69.8,6.6
std-8210,female,group D,associate's degree,1,1,81,70,95,84,330,A,82.5,89.9,9.8
std-8211,female,group B,high school,1,0,63,74,39,64,240,C,60.0,70.6,4.5
std-8212,female,group D,some high school,1,0,50,75,44,52,221,C,55.25,87.9,6.2
std-8213,female,group A,some high school,1,0,59,40,45,53,197,D,49.25,71.2,6.2
std-8214,female,group D,some college,0,0,74,51,81,74,280,B,70.0,71.1,4.4
std-8215,female,group D,bachelor's degree,1,0,99,34,78,85,296,B,74.0,83.3,4.7
std-8216,female,group D,some high school,0,0,58,87,70,73,288,B,72.0,73.7,6.5
std-8217,female,group A,some high school,1,0,48,64,94,58,264,B,66.0,91.4,2.1
std-8218,female,group C,associate's degree,0,0,48,61,76,51,236,C,59.0,77.6,4.1
std-8219,female,group E,some college,1,0,56,75,96,89,316,B,79.0,82.9,10.6
std-8220,female,group A,some college,0,0,66,89,61,86,302,B,75.5,88.4,3.1
std-8221,female,group A,some high school,1,0,81,52,82,89,304,B,76.0,74.2,6.1
std-8222,female,group D,some high school,1,1,86,58,77,77,298,B,74.5,71.1,7.8
std-8223,female,group B,associate's degree,1,0,28,88,53,79,248,C,62.0,82.3,10.6
std-8224,female,group D,associate's degree,1,0,56,75,36,59,226,C,56.5,66.9,3.7
std-8225,female,group A,some high school,1,1,56,67,67,56,246,C,61.5,68.5,6.9
std-8226,female,group B,some college,1,1,70,61,83,83,297,B,74.25,90.2,6.7
std-8227,female,group B,high school,1,0,93,63,66,92,314,B,78.5,88.8,7.2
std-8228,female,group C,some college,1,0,86,63,51,76,276,B,69.0,69.6,6.9
std-8229,female,group B,bachelor's degree,0,0,42,83,75,72,272,B,68.0,75.0,4.0
std-8230,female,group E,high school,1,0,67,62,68,55,252,B,63.0,70.8,8.2
std-8231,female,group B,associate's degree,1,0,70,59,89,58,276,B,69.0,96.9,6.9
std-8232,female,group E,some college,1,1,84,89,85,90,348,A,87.0,95.0,12.6
std-8233,female,group E,some college,1,0,59,23,72,31,185,D,46.25,69.6,3.3
std-8234,female,group A,some college,1,1,50,49,54,64,217,C,54.25,81.2,8.0
std-8235,female,group E,high school,1,1,68,47,55,56,226,C,56.5,64.6,7.1
std-8236,female,group A,some high school,1,1,65,88,94,76,323,A,80.75,78.8,13.5
std-8237,female,group B,associate's degree,1,0,64,69,91,88,312,B,78.0,84.9,7.4
std-8238,female,group E,bachelor's degree,1,1,56,57,96,77,286,B,71.5,85.8,9.0
std-8239,female,group B,high school,0,1,50,72,94,47,263,B,65.75,79.0,7.3
std-8240,female,group C,high school,0,1,93,41,43,74,251,B,62.75,81.1,6.9
std-8241,female,group C,some high school,1,0,76,63,88,42,269,B,67.25,81.1,6.7
std-8242,female,group B,associate's degree,1,0,81,90,77,80,328,A,82.0,83.8,9.5
std-8243,female,group C,high school,0,0,44,100,87,43,274,B,68.5,78.1,4.5
std-8244,female,group C,some college,1,0,92,48,88,91,319,B,79.75,80.6,7.6
std-8245,female,group C,bachelor's degree,1,1,50,62,74,78,264,B,66.0,82.0,8.9
std-8246,female,group D,high school,0,0,38,85,60,59,242,C,60.5,81.8,6.4
std-8247,female,group D,high school,0,1,53,56,86,64,259,B,64.75,81.3,4.1
std-8248,female,group B,some high school,1,1,54,75,63,43,235,C,58.75,66.9,5.5
std-8249,female,group B,some high school,1,1,67,68,89,57,281,B,70.25,72.4,5.5
std-8250,female,group E,some college,1,0,30,90,100,79,299,B,74.75,86.4,6.9
std-8251,female,group D,some college,1,0,91,54,83,56,284,B,71.0,94.8,4.2
std-8252,female,group E,master's degree,1,0,59,65,72,62,258,B,64.5,80.8,4.6
std-8253,female,group C,high school,1,1,36,86,74,45,241,C,60.25,74.3,5.0
std-8254,female,group B,master's degree,0,0,55,65,84,84,288,B,72.0,83.9,5.5
std-8255,female,group C,some college,0,1,75,40,95,96,306,B,76.5,73.2,6.7
std-8256,female,group C,associate's degree,1,1,80,100,55,65,300,B,75.0,94.7,11.2
std-8257,female,group C,some college,1,1,68,68,77,53,266,B,66.5,81.8,9.7
std-8258,female,group A,master's degree,1,0,60,98,85,92,335,A,83.75,79.8,8.0
std-8259,female,group D,some college,1,0,73,60,90,83,306,B,76.5,81.9,6.2
std-8260,female,group E,some high school,1,0,99,53,56,73,281,B,70.25,76.6,1.3
std-8261,female,group E,associate's degree,1,1,71,93,69,58,291,B,72.75,94.0,8.0
std-8262,female,group A,bachelor's degree,0,0,50,79,80,56,265,B,66.25,78.2,4.1
std-8263,female,group C,associate's degree,1,0,55,69,78,82,284,B,71.0,83.0,7.1
std-8264,female,group D,associate's degree,1,1,45,48,76,43,212,C,53.0,80.8,8.8
std-8265,female,group B,high school,1,0,100,34,82,61,277,B,69.25,74.3,7.1
std-8266,female,group D,some high school,1,0,66,38,69,61,234,C,58.5,79.2,8.4
std-8267,female,group C,master's degree,0,0,27,91,55,70,243,C,60.75,80.7,4.1
std-8268,female,group D,some high school,1,0,58,41,54,85,238,C,59.5,63.8,3.8
std-8269,female,group E,bachelor's degree,1,0,100,65,84,58,307,B,76.75,85.8,9.6
std-8270,female,group D,bachelor's degree,1,0,69,60,81,67,277,B,69.25,80.6,6.7
std-8271,female,group D,associate's degree,1,1,93,92,100,36,321,A,80.25,85.8,9.2
std-8272,female,group C,associate's degree,0,0,58,79,93,41,271,B,67.75,80.8,10.8
std-8273,female,group B,some high school,0,1,33,73,49,51,206,C,51.5,77.5,8.6
std-8274,female,group B,some college,1,0,76,70,80,66,292,B,73.0,94.3,6.2
std-8275,female,group A,some college,1,1,67,68,62,90,287,B,71.75,71.2,7.3
std-8276,female,group C,high school,1,0,28,60,56,75,219,C,54.75,73.1,8.2
std-8277,female,group E,high school,1,1,72,74,53,62,261,B,65.25,85.7,8.9
std-8278,female,group D,some high school,1,0,27,61,81,82,251,B,62.75,83.2,5.7
std-8279,female,group B,high school,1,0,42,60,39,55,196,D,49.0,78.4,6.1
std-8280,female,group D,associate's degree,1,0,57,42,93,50,242,C,60.5,100.0,7.7
std-8281,female,group B,bachelor's degree,1,0,62,41,58,75,236,C,59.0,83.1,6.7
std-8282,female,group E,high school,1,0,27,94,100,94,315,B,78.75,94.3,9.4
std-8283,female,group D,some college,1,1,77,85,80,55,297,B,74.25,79.9,10.4
std-8284,female,group C,some college,1,1,83,24,84,80,271,B,67.75,71.6,10.0
std-8285,female,group C,associate's degree,1,0,60,82,53,67,262,B,65.5,76.9,4.1
std-8286,female,group D,some college,1,1,43,56,69,63,231,C,57.75,83.6,12.2
std-8287,female,group D,high school,0,1,47,80,83,41,251,B,62.75,82.5,5.1
std-8288,female,group E,high school,1,1,65,76,98,67,306,B,76.5,87.0,10.2
std-8289,female,group D,associate's degree,1,1,68,59,84,64,275,B,68.75,78.9,5.4
std-8290,female,group E,associate's degree,0,1,71,39,87,75,272,B,68.0,77.2,8.4
std-8291,female,group E,some high school,1,0,36,40,100,67,243,C,60.75,76.6,4.1
std-8292,female,group C,associate's degree,0,0,63,34,53,51,201,C,50.25,81.2,4.8
std-8293,female,group C,bachelor's degree,1,1,59,76,73,88,296,B,74.0,90.1,10.1
std-8294,female,group D,high school,1,1,62,72,54,48,236,C,59.0,68.6,5.4
std-8295,female,group C,some high school,1,0,64,53,72,59,248,C,62.0,85.5,5.5
std-8296,female,group B,associate's degree,0,0,51,40,75,78,244,C,61.0,72.4,9.0
std-8297,female,group A,some high school,1,0,39,72,62,92,265,B,66.25,84.2,2.7
std-8298,female,group D,associate's degree,1,0,92,23,87,77,279,B,69.75,79.4,4.2
std-8299,female,group D,some high school,1,0,67,54,76,64,261,B,65.25,93.8,8.1
std-8300,female,group C,some college,1,0,91,68,77,62,298,B,74.5,79.0,7.0
std-8301,female,group E,bachelor's degree,0,1,54,68,58,76,256,B,64.0,80.9,8.7
std-8302,female,group E,high school,0,0,76,49,91,86,302,B,75.5,88.5,9.4
std-8303,female,group D,associate's degree,1,1,80,73,73,90,316,B,79.0,76.4,7.7
std-8304,female,group C,associate's degree,1,0,57,79,69,79,284,B,71.0,80.9,5.2
std-8305,female,group A,associate's degree,1,0,72,58,80,69,279,B,69.75,78.8,4.7
std-8306,female,group A,high school,0,1,59,70,65,53,247,C,61.75,73.9,7.2
std-8307,female,group A,some college,1,0,66,69,72,60,267,B,66.75,76.2,9.4
std-8308,female,group B,associate's degree,1,0,54,70,55,53,232,C,58.0,87.3,1.0
std-8309,female,group E,high school,1,0,76,82,89,24,271,B,67.75,75.1,3.2
std-8310,female,group A,some high school,1,0,49,100,66,83,298,B,74.5,87.8,3.4
std-8311,female,group E,associate's degree,0,0,36,70,67,36,209,C,52.25,78.2,8.2
std-8312,female,group A,some college,1,0,74,82,79,57,292,B,73.0,69.7,5.1
std-8313,female,group D,bachelor's degree,1,0,48,40,85,34,207,C,51.75,79.9,3.8
std-8314,female,group D,some high school,0,1,64,54,62,39,219,C,54.75,63.5,3.4
std-8315,female,group C,high school,1,1,63,38,81,60,242,C,60.5,83.8,7.3
std-8316,female,group C,associate's degree,1,0,41,86,71,77,275,B,68.75,76.3,8.4
std-8317,female,group D,high school,0,0,87,66,100,74,327,A,81.75,85.2,8.1
std-8318,female,group C,some high school,1,1,66,98,68,88,320,A,80.0,72.9,9.5
std-8319,female,group C,associate's degree,1,0,32,69,92,57,250,B,62.5,79.9,1.7
std-8320,female,group B,some high school,1,0,73,93,73,62,301,B,75.25,91.3,6.0
std-8321,female,group E,some college,1,0,32,76,100,60,268,B,67.0,73.0,6.4
std-8322,female,group C,associate's degree,0,0,79,56,77,82,294,B,73.5,77.0,4.2
std-8323,female,group D,some college,1,1,48,85,97,70,300,B,75.0,87.0,11.0
std-8324,female,group C,associate's degree,1,1,40,53,65,37,195,D,48.75,78.5,9.1
std-8325,female,group C,some college,1,0,55,73,66,53,247,C,61.75,56.6,4.3
std-8326,female,group D,some high school,1,0,93,83,60,91,327,A,81.75,100.0,9.3
std-8327,female,group B,some high school,1,0,68,46,90,55,259,B,64.75,84.3,5.6
std-8328,female,group C,high school,1,0,48,38,93,43,222,C,55.5,82.7,7.9
std-8329,female,group E,associate's degree,0,0,61,87,46,64,258,B,64.5,78.1,10.9
std-8330,female,group A,bachelor's degree,1,1,76,80,99,88,343,A,85.75,69.8,7.6
std-8331,female,group D,associate's degree,1,0,45,75,71,64,255,B,63.75,85.3,7.7
std-8332,female,group E,master's degree,1,0,76,91,79,58,304,B,76.0,78.2,10.2
std-8333,female,group E,some high school,0,0,66,65,81,70,282,B,70.5,86.3,4.0
std-8334,female,group D,high school,1,1,79,76,100,92,347,A,86.75,84.8,9.0
std-8335,female,group B,high school,1,0,51,56,76,58,241,C,60.25,80.2,4.0
std-8336,female,group B,associate's degree,1,0,99,51,63,43,256,B,64.0,72.3,5.5
std-8337,female,group D,some college,0,0,82,80,69,76,307,B,76.75,91.3,6.1
std-8338,female,group C,some high school,1,1,72,96,87,96,351,A,87.75,76.4,10.0
std-8339,female,group E,associate's degree,1,1,85,43,80,55,263,B,65.75,100.0,10.6
std-8340,female,group D,some college,1,0,53,43,50,80,226,C,56.5,96.9,0.3
std-8341,female,group B,associate's degree,0,1,66,55,45,80,246,C,61.5,93.1,5.6
std-8342,female,group C,some college,1,0,79,54,67,66,266,B,66.5,91.6,7.7
std-8343,female,group D,associate's degree,0,0,53,42,39,66,200,C,50.0,73.9,5.9
std-8344,female,group B,associate's degree,0,0,36,82,74,45,237,C,59.25,88.2,2.7
std-8345,female,group B,master's degree,1,1,39,78,95,55,267,B,66.75,79.3,10.0
std-8346,female,group D,some high school,1,0,72,62,87,41,262,B,65.5,65.8,9.3
std-8347,female,group A,high school,0,1,65,83,56,52,256,B,64.0,92.8,8.2
std-8348,female,group C,high school,1,1,50,79,100,66,295,B,73.75,92.7,6.7
std-8349,female,group E,associate's degree,1,0,100,60,67,86,313,B,78.25,83.7,9.3
std-8350,female,group A,bachelor's degree,1,0,80,61,72,41,254,B,63.5,68.1,10.1
std-8351,female,group D,some college,1,0,89,26,68,62,245,C,61.25,73.1,3.3
std-8352,female,group D,associate's degree,1,1,58,75,79,52,264,B,66.0,63.5,8.6
std-8353,female,group A,associate's degree,1,0,72,53,91,82,298,B,74.5,91.3,9.5
std-8354,female,group A,some college,1,1,70,65,92,50,277,B,69.25,66.6,9.1
std-8355,female,group A,some college,1,0,89,100,56,74,319,B,79.75,87.1,2.9
std-8356,female,group C,high school,1,1,45,54,79,57,235,C,58.75,69.9,8.9
std-8357,female,group D,bachelor's degree,1,0,76,31,94,89,290,B,72.5,69.2,4.1
std-8358,female,group C,some college,0,1,87,37,100,94,318,B,79.5,86.5,6.6
std-8359,female,group D,some high school,1,0,65,37,90,88,280,B,70.0,78.3,2.0
std-8360,female,group A,master's degree,1,1,93,84,84,79,340,A,85.0,93.8,13.3
std-8361,female,group A,bachelor's degree,0,0,51,80,85,62,278,B,69.5,69.7,4.2
std-8362,female,group B,some college,1,0,69,76,53,66,264,B,66.0,73.1,6.8
std-8363,female,group C,associate's degree,1,1,39,57,92,88,276,B,69.0,59.4,10.2
std-8364,female,group B,associate's degree,0,0,36,44,71,66,217,C,54.25,56.4,5.3
std-8365,female,group D,high school,0,0,55,44,87,30,216,C,54.0,92.1,5.6
std-8366,female,group A,associate's degree,1,0,71,71,99,45,286,B,71.5,100.0,7.5
std-8367,female,group B,some college,1,0,63,74,95,47,279,B,69.75,82.0,6.7
std-8368,female,group C,associate's degree,1,1,27,46,61,56,190,D,47.5,66.4,4.8
std-8369,female,group B,high school,0,0,82,55,91,58,286,B,71.5,79.1,4.4
std-8370,female,group C,associate's degree,1,1,51,54,100,96,301,B,75.25,90.9,9.1
std-8371,female,group E,some high school,0,0,59,69,82,72,282,B,70.5,76.8,6.1
std-8372,female,group C,associate's degree,1,1,88,89,53,58,288,B,72.0,84.1,10.1
std-8373,female,group C,bachelor's degree,1,0,37,45,77,29,188,D,47.0,73.5,6.9
std-8374,female,group D,associate's degree,0,0,51,75,97,68,291,B,72.75,77.1,7.5
std-8375,female,group C,high school,1,0,97,61,70,66,294,B,73.5,77.7,4.7
std-8376,female,group B,some college,0,0,69,75,69,30,243,C,60.75,80.8,0.0
std-8377,female,group C,bachelor's degree,1,0,40,79,72,77,268,B,67.0,71.5,4.2
std-8378,female,group D,high school,1,1,91,88,91,72,342,A,85.5,90.5,7.0
std-8379,female,group A,bachelor's degree,0,1,58,100,65,59,282,B,70.5,77.2,7.1
std-8380,female,group E,high school,1,0,57,100,72,86,315,B,78.75,85.3,7.8
std-8381,female,group E,associate's degree,0,0,75,63,74,68,280,B,70.0,93.7,6.6
std-8382,female,group D,bachelor's degree,1,0,82,98,95,82,357,A,89.25,86.1,12.8
std-8383,female,group C,master's degree,1,0,50,31,56,47,184,D,46.0,81.6,5.3
std-8384,female,group E,high school,1,0,75,68,42,69,254,B,63.5,63.0,10.5
std-8385,female,group C,associate's degree,0,0,67,56,94,57,274,B,68.5,76.5,8.0
std-8386,female,group E,some college,1,1,58,59,100,72,289,B,72.25,82.3,11.8
std-8387,female,group C,high school,1,0,80,79,55,84,298,B,74.5,100.0,5.9
std-8388,female,group D,some college,0,0,70,43,69,89,271,B,67.75,62.9,3.5
std-8389,female,group C,some college,1,0,100,61,61,59,281,B,70.25,80.5,5.3
std-8390,female,group A,bachelor's degree,0,0,46,64,79,41,230,C,57.5,90.2,5.1
std-8391,female,group E,bachelor's degree,1,0,86,42,68,62,258,B,64.5,72.4,4.3
std-8392,female,group A,some high school,1,1,46,41,76,81,244,C,61.0,76.4,5.5
std-8393,female,group B,high school,1,0,78,56,76,46,256,B,64.0,82.3,6.8
std-8394,female,group B,some high school,1,0,72,93,89,95,349,A,87.25,88.6,5.5
std-8395,female,group E,some college,1,1,62,87,92,75,316,B,79.0,98.3,5.9
std-8396,female,group D,some high school,0,1,84,93,70,54,301,B,75.25,87.0,6.6
std-8397,female,group D,some high school,1,0,71,30,56,69,226,C,56.5,88.7,4.5
std-8398,female,group E,bachelor's degree,1,1,89,53,86,85,313,B,78.25,80.7,7.2
std-8399,female,group A,associate's degree,1,0,35,47,77,63,222,C,55.5,69.8,4.4
std-8400,female,group E,master's degree,1,1,57,100,84,97,338,A,84.5,84.0,11.7
std-8401,female,group D,master's degree,1,0,33,78,60,61,232,C,58.0,66.9,6.7
std-8402,female,group C,some high school,0,0,65,58,60,49,232,C,58.0,81.6,3.6
std-8403,female,group D,some high school,1,0,62,76,100,42,280,B,70.0,77.8,3.1
std-8404,female,group A,some high school,0,0,57,73,100,78,308,B,77.0,77.5,5.6
std-8405,female,group A,some high school,1,1,89,55,66,35,245,C,61.25,82.9,9.7
std-8406,female,group D,high school,0,0,48,100,54,90,292,B,73.0,72.0,8.9
std-8407,female,group E,master's degree,0,0,48,78,67,71,264,B,66.0,86.9,6.9
std-8408,female,group B,some high school,0,0,44,73,89,97,303,B,75.75,78.9,9.9
std-8409,female,group A,some high school,0,0,64,68,85,78,295,B,73.75,92.9,11.0
std-8410,female,group D,bachelor's degree,0,0,27,85,81,69,262,B,65.5,76.2,4.7
std-8411,female,group A,master's degree,0,0,60,51,69,44,224,C,56.0,82.3,8.8
std-8412,female,group B,bachelor's degree,0,1,91,84,89,59,323,A,80.75,86.4,9.2
std-8413,female,group C,some high school,0,0,51,87,74,84,296,B,74.0,89.3,9.3
std-8414,female,group E,some high school,1,0,80,77,87,39,283,B,70.75,82.5,8.2
std-8415,female,group B,high school,1,1,29,100,72,72,273,B,68.25,65.7,3.8
std-8416,female,group A,associate's degree,1,0,32,50,38,94,214,C,53.5,84.9,2.4
std-8417,female,group B,high school,1,1,34,100,76,93,303,B,75.75,82.4,6.4
std-8418,female,group D,some high school,1,1,47,51,93,80,271,B,67.75,87.6,4.2
std-8419,female,group C,some college,0,0,49,76,96,68,289,B,72.25,88.2,8.8
std-8420,female,group D,associate's degree,1,1,52,100,60,81,293,B,73.25,75.4,14.3
std-8421,female,group E,associate's degree,1,1,50,64,65,86,265,B,66.25,71.8,7.9
std-8422,female,group C,high school,1,1,51,68,100,87,306,B,76.5,89.3,11.6
std-8423,female,group D,some high school,0,0,37,71,92,74,274,B,68.5,78.0,9.9
std-8424,female,group B,some college,1,0,86,46,74,59,265,B,66.25,88.4,6.5
std-8425,female,group D,master's degree,1,0,50,38,100,100,288,B,72.0,80.3,6.5
std-8426,female,group C,high school,1,1,49,89,76,89,303,B,75.75,92.4,8.8
std-8427,female,group D,high school,1,0,49,61,78,53,241,C,60.25,81.8,6.8
std-8428,female,group C,associate's degree,1,1,83,57,64,62,266,B,66.5,82.7,10.7
std-8429,female,group C,some college,0,1,89,37,76,72,274,B,68.5,77.4,9.9
std-8430,female,group A,associate's degree,1,0,65,44,90,70,269,B,67.25,82.4,7.2
std-8431,female,group A,high school,1,1,72,59,98,75,304,B,76.0,94.0,9.3
std-8432,female,group D,some high school,1,0,74,69,88,77,308,B,77.0,83.1,3.0
std-8433,female,group E,high school,0,0,71,52,47,42,212,C,53.0,80.4,7.0
std-8434,female,group A,some college,1,1,60,58,86,66,270,B,67.5,80.8,5.4
std-8435,female,group D,some college,1,0,61,45,29,89,224,C,56.0,77.7,6.6
std-8436,female,group B,some high school,0,0,70,59,94,83,306,B,76.5,98.9,8.9
std-8437,female,group C,master's degree,1,0,40,32,24,55,151,D,37.75,81.4,0.5
std-8438,female,group D,some college,1,0,95,73,98,76,342,A,85.5,87.1,6.3
std-8439,female,group C,bachelor's degree,1,1,47,95,63,93,298,B,74.5,84.7,14.6
std-8440,female,group C,high school,1,0,50,100,78,33,261,B,65.25,73.4,5.7
std-8441,female,group B,associate's degree,1,1,84,98,96,84,362,A,90.5,86.5,7.7
std-8442,female,group E,high school,0,0,32,81,100,100,313,B,78.25,86.8,9.1
std-8443,female,group C,associate's degree,1,0,67,67,77,83,294,B,73.5,90.1,4.8
std-8444,female,group D,associate's degree,0,1,58,60,81,69,268,B,67.0,87.0,3.8
std-8445,female,group C,bachelor's degree,1,0,100,84,100,90,374,A,93.5,79.1,9.9
std-8446,female,group C,high school,1,1,33,80,48,97,258,B,64.5,88.2,6.0
std-8447,female,group B,high school,0,1,50,92,87,80,309,B,77.25,82.9,10.3
std-8448,female,group E,some college,1,0,50,53,50,84,237,C,59.25,68.8,3.3
std-8449,female,group B,high school,1,1,47,58,82,58,245,C,61.25,90.4,9.8
std-8450,female,group C,bachelor's degree,1,1,62,100,62,94,318,B,79.5,97.6,10.2
std-8451,female,group B,some college,0,0,71,71,78,44,264,B,66.0,82.3,0.0
std-8452,female,group E,bachelor's degree,1,1,69,55,84,71,279,B,69.75,87.6,9.8
std-8453,female,group E,associate's degree,1,0,39,80,76,86,281,B,70.25,88.2,5.7
std-8454,female,group B,master's degree,1,0,43,82,84,95,304,B,76.0,95.8,10.5
std-8455,female,group D,some high school,1,1,31,97,82,74,284,B,71.0,88.1,9.9
std-8456,female,group D,some high school,1,0,64,61,96,47,268,B,67.0,68.3,8.0
std-8457,female,group C,some college,0,1,62,99,81,89,331,A,82.75,100.0,8.3
std-8458,female,group D,high school,1,0,59,70,100,94,323,A,80.75,94.4,5.4
std-8459,female,group C,some college,1,0,56,91,86,66,299,B,74.75,78.2,6.7
std-8460,female,group B,master's degree,1,0,65,65,78,46,254,B,63.5,69.8,4.8
std-8461,female,group C,high school,1,1,67,96,57,81,301,B,75.25,87.5,12.7
std-8462,female,group C,high school,1,1,69,76,66,67,278,B,69.5,78.6,8.4
std-8463,female,group E,bachelor's degree,1,0,63,55,65,67,250,B,62.5,81.7,2.6
std-8464,female,group B,bachelor's degree,1,0,51,80,92,100,323,A,80.75,91.5,5.3
std-8465,female,group D,high school,1,0,64,94,73,59,290,B,72.5,77.0,9.0
std-8466,female,group A,some college,0,1,59,37,85,80,261,B,65.25,69.6,8.0
std-8467,female,group D,some college,1,1,52,80,88,72,292,B,73.0,85.7,8.6
std-8468,female,group B,high school,1,0,53,82,65,100,300,B,75.0,78.1,9.5
std-8469,female,group D,some high school,0,1,57,77,100,37,271,B,67.75,81.8,6.4
std-8470,female,group B,bachelor's degree,1,0,58,81,92,85,316,B,79.0,72.1,1.6
std-8471,female,group E,bachelor's degree,1,1,63,37,78,51,229,C,57.25,74.8,5.5
std-8472,female,group B,some college,0,0,57,58,89,68,272,B,68.0,87.0,6.8
std-8473,female,group C,master's degree,1,0,39,67,58,63,227,C,56.75,82.3,4.5
std-8474,female,group E,some college,0,1,32,75,94,52,253,B,63.25,71.9,4.3
std-8475,female,group C,high school,1,1,91,76,74,33,274,B,68.5,70.2,11.3
std-8476,female,group C,some college,1,1,27,96,92,75,290,B,72.5,82.2,9.5
std-8477,female,group D,bachelor's degree,1,0,68,100,67,62,297,B,74.25,87.7,7.7
std-8478,female,group C,some high school,1,0,68,100,67,41,276,B,69.0,84.6,7.3
std-8479,female,group D,some high school,1,1,27,100,64,100,291,B,72.75,77.6,5.9
std-8480,female,group D,high school,1,1,58,61,61,47,227,C,56.75,79.6,8.4
std-8481,female,group C,some college,1,0,74,35,62,68,239,C,59.75,91.4,7.7
std-8482,female,group D,master's degree,1,0,40,70,70,65,245,C,61.25,80.2,8.4
std-8483,female,group D,some college,1,0,60,67,53,59,239,C,59.75,63.2,7.2
std-8484,female,group E,some college,1,0,27,89,82,75,273,B,68.25,82.5,7.5
std-8485,female,group C,some college,0,0,65,72,45,34,216,C,54.0,94.4,0.5
std-8486,female,group D,associate's degree,1,1,71,60,51,25,207,C,51.75,63.6,7.1
std-8487,female,group B,associate's degree,0,0,43,73,69,87,272,B,68.0,80.9,3.8
std-8488,female,group C,some high school,1,0,63,68,87,63,281,B,70.25,79.3,9.6
std-8489,female,group C,high school,1,1,72,58,85,81,296,B,74.0,83.4,12.1
std-8490,female,group C,bachelor's degree,0,0,56,83,77,60,276,B,69.0,82.7,3.9
std-8491,female,group A,master's degree,1,0,65,65,48,68,246,C,61.5,88.7,5.4
std-8492,female,group E,some college,1,1,79,26,69,90,264,B,66.0,80.7,9.1
std-8493,female,group C,master's degree,0,1,92,51,71,39,253,B,63.25,90.5,10.5
std-8494,female,group B,associate's degree,1,0,100,66,82,65,313,B,78.25,82.9,3.0
std-8495,female,group D,some high school,1,1,89,54,100,95,338,A,84.5,82.9,4.7
std-8496,female,group B,bachelor's degree,0,1,49,78,69,88,284,B,71.0,75.6,9.0
std-8497,female,group C,some high school,1,0,60,84,45,58,247,C,61.75,62.2,0.0
std-8498,female,group E,high school,0,0,92,80,86,62,320,A,80.0,87.1,7.7
std-8499,female,group C,associate's degree,0,1,36,83,99,81,299,B,74.75,100.0,10.8
std-8500,female,group D,associate's degree,0,0,78,100,75,63,316,B,79.0,88.4,10.3
std-8501,female,group D,some high school,0,1,72,86,55,68,281,B,70.25,87.5,7.3
std-8502,female,group A,high school,1,1,31,91,78,58,258,B,64.5,75.7,8.7
std-8503,female,group C,high school,1,0,60,67,100,55,282,B,70.5,79.2,8.0
std-8504,female,group E,high school,0,1,64,67,90,74,295,B,73.75,91.4,6.3
std-8505,female,group C,some high school,1,1,27,72,73,75,247,C,61.75,96.6,10.4
std-8506,female,group B,high school,1,1,27,100,96,74,297,B,74.25,96.1,9.9
std-8507,female,group D,some high school,1,0,47,45,73,61,226,C,56.5,84.0,3.6
std-8508,female,group C,some college,1,1,70,73,86,31,260,B,65.0,79.9,8.7
std-8509,female,group C,high school,1,0,93,55,93,70,311,B,77.75,85.7,6.7
std-8510,female,group B,some college,1,1,98,36,88,66,288,B,72.0,75.1,11.0
std-8511,female,group A,some high school,1,0,71,83,90,85,329,A,82.25,72.3,6.6
std-8512,female,group D,some college,0,1,67,59,72,67,265,B,66.25,69.9,9.1
std-8513,female,group A,some college,1,0,74,48,75,62,259,B,64.75,80.0,4.3
std-8514,female,group A,bachelor's degree,0,1,58,68,59,82,267,B,66.75,77.6,6.2
std-8515,female,group E,high school,1,0,44,86,72,53,255,B,63.75,66.0,6.2
std-8516,female,group D,some college,0,0,44,54,100,86,284,B,71.0,81.3,4.2
std-8517,female,group D,bachelor's degree,0,0,51,77,67,56,251,B,62.75,76.0,7.7
std-8518,female,group C,some high school,1,0,51,48,65,78,242,C,60.5,67.6,6.9
std-8519,female,group B,associate's degree,0,1,71,69,69,74,283,B,70.75,78.2,7.0
std-8520,female,group C,associate's degree,0,1,70,31,70,71,242,C,60.5,75.2,8.5
std-8521,female,group C,some high school,0,0,47,100,47,72,266,B,66.5,74.6,4.1
std-8522,female,group D,some college,1,0,37,58,68,43,206,C,51.5,83.5,0.6
std-8523,female,group B,master's degree,1,0,81,74,85,90,330,A,82.5,68.3,6.0
std-8524,female,group C,some college,0,0,67,62,75,38,242,C,60.5,60.2,5.3
std-8525,female,group C,some college,0,1,56,79,94,54,283,B,70.75,81.5,10.2
std-8526,female,group A,some high school,1,0,80,73,90,100,343,A,85.75,87.3,8.2
std-8527,female,group C,some high school,1,1,64,92,89,98,343,A,85.75,90.1,12.6
std-8528,female,group E,some college,1,0,32,91,94,80,297,B,74.25,77.8,4.3
std-8529,female,group C,associate's degree,1,0,71,67,75,71,284,B,71.0,73.3,5.5
std-8530,female,group A,associate's degree,0,1,69,54,74,37,234,C,58.5,77.4,11.9
std-8531,female,group E,associate's degree,0,0,73,65,84,45,267,B,66.75,76.2,1.2
std-8532,female,group E,some high school,1,0,52,54,85,66,257,B,64.25,93.3,4.7
std-8533,female,group B,associate's degree,1,0,58,61,69,50,238,C,59.5,74.9,2.7
std-8534,female,group D,some high school,0,0,34,82,71,100,287,B,71.75,81.4,6.0
std-8535,female,group B,some high school,0,1,54,80,90,69,293,B,73.25,100.0,8.1
std-8536,female,group B,master's degree,0,0,27,89,69,31,216,C,54.0,74.2,6.4
std-8537,female,group C,some high school,1,0,74,77,48,70,269,B,67.25,85.4,6.7
std-8538,female,group D,high school,1,1,59,73,65,86,283,B,70.75,87.3,5.7
std-8539,female,group C,bachelor's degree,1,0,69,70,94,68,301,B,75.25,89.6,5.4
std-8540,female,group A,associate's degree,0,0,62,58,88,100,308,B,77.0,86.2,7.0
std-8541,female,group E,some college,1,0,58,48,60,82,248,C,62.0,80.4,7.5
std-8542,female,group D,some high school,1,1,60,77,81,57,275,B,68.75,81.7,14.8
std-8543,female,group B,some high school,0,0,77,86,68,75,306,B,76.5,78.2,8.7
std-8544,female,group C,some high school,1,0,36,37,70,100,243,C,60.75,81.1,3.0
std-8545,female,group A,associate's degree,0,0,27,49,61,40,177,D,44.25,91.0,3.7
std-8546,female,group E,some high school,1,1,78,48,46,49,221,C,55.25,87.3,7.9
std-8547,female,group D,some high school,1,0,82,38,69,69,258,B,64.5,82.2,4.5
std-8548,female,group D,associate's degree,0,0,56,58,61,70,245,C,61.25,86.1,6.7
std-8549,female,group C,associate's degree,1,0,33,46,97,63,239,C,59.75,70.0,0.0
std-8550,female,group D,associate's degree,0,0,59,76,83,49,267,B,66.75,77.8,7.4
std-8551,female,group C,high school,1,0,63,65,80,80,288,B,72.0,90.5,5.4
std-8552,female,group D,high school,1,0,100,25,84,82,291,B,72.75,95.6,6.3
std-8553,female,group D,associate's degree,1,1,74,75,82,65,296,B,74.0,75.6,12.9
std-8554,female,group E,some college,1,1,67,71,52,56,246,C,61.5,74.1,4.9
std-8555,female,group D,some college,0,0,31,78,62,85,256,B,64.0,98.9,6.5
std-8556,female,group E,high school,1,1,60,97,98,84,339,A,84.75,87.0,12.2
std-8557,female,group C,associate's degree,0,0,76,52,74,82,284,B,71.0,98.0,6.9
std-8558,female,group C,associate's degree,1,0,79,65,98,71,313,B,78.25,85.9,3.1
std-8559,female,group C,some high school,1,0,40,60,98,86,284,B,71.0,83.8,9.8
std-8560,female,group A,some college,0,1,54,70,76,75,275,B,68.75,78.1,8.2
std-8561,female,group B,some college,0,1,100,68,60,82,310,B,77.5,92.2,8.3
std-8562,female,group E,high school,0,0,27,86,58,53,224,C,56.0,88.8,4.3
std-8563,female,group A,bachelor's degree,1,1,90,73,80,52,295,B,73.75,73.2,8.3
std-8564,female,group A,high school,1,1,45,72,51,90,258,B,64.5,76.3,5.4
std-8565,female,group A,some high school,0,0,41,54,43,48,186,D,46.5,81.7,4.6
std-8566,female,group C,associate's degree,1,0,36,53,93,89,271,B,67.75,79.3,4.7
std-8567,female,group C,some high school,1,1,41,80,91,55,267,B,66.75,75.7,10.2
std-8568,female,group B,master's degree,0,1,100,61,84,77,322,A,80.5,93.8,11.1
std-8569,female,group C,bachelor's degree,1,0,64,70,87,94,315,B,78.75,94.1,11.3
std-8570,female,group C,some college,0,0,50,62,88,31,231,C,57.75,73.2,4.7
std-8571,female,group B,high school,0,0,38,50,72,76,236,C,59.0,79.5,3.3
std-8572,female,group B,associate's degree,0,0,48,95,66,85,294,B,73.5,71.5,3.0
std-8573,female,group D,bachelor's degree,1,0,86,75,78,79,318,B,79.5,76.3,12.7
std-8574,female,group E,high school,1,0,68,58,89,64,279,B,69.75,82.3,8.0
std-8575,female,group D,high school,1,1,76,70,100,76,322,A,80.5,85.0,8.1
std-8576,female,group C,some college,1,0,96,93,83,70,342,A,85.5,77.7,12.1
std-8577,female,group C,high school,1,0,56,71,100,79,306,B,76.5,77.0,10.4
std-8578,female,group D,some high school,0,1,52,76,95,41,264,B,66.0,70.4,5.1
std-8579,female,group C,associate's degree,1,0,87,63,80,75,305,B,76.25,87.4,5.1
std-8580,female,group C,associate's degree,1,0,55,40,61,85,241,C,60.25,60.3,5.1
std-8581,female,group C,some college,0,1,65,88,87,73,313,B,78.25,74.9,7.0
std-8582,female,group E,some high school,0,0,79,89,80,49,297,B,74.25,65.9,6.5
std-8583,female,group B,some high school,1,0,63,61,33,40,197,D,49.25,78.2,6.2
std-8584,female,group D,some college,0,0,62,88,100,34,284,B,71.0,65.4,3.0
std-8585,female,group E,some college,0,1,31,63,91,62,247,C,61.75,78.8,8.8
std-8586,female,group B,associate's degree,1,0,64,43,82,78,267,B,66.75,94.9,9.0
std-8587,female,group C,bachelor's degree,0,0,29,79,73,45,226,C,56.5,91.9,6.1
std-8588,female,group E,high school,1,1,95,76,61,41,273,B,68.25,64.4,8.5
std-8589,female,group D,high school,1,1,57,75,61,87,280,B,70.0,83.9,7.2
std-8590,female,group E,bachelor's degree,0,0,76,37,99,43,255,B,63.75,70.3,7.8
std-8591,female,group C,associate's degree,1,0,49,75,78,100,302,B,75.5,72.3,3.9
std-8592,female,group C,some college,1,0,61,26,53,43,183,D,45.75,72.2,4.7
std-8593,female,group D,high school,1,0,27,100,88,55,270,B,67.5,91.5,6.2
std-8594,female,group C,some high school,0,0,65,61,84,100,310,B,77.5,89.1,9.9
std-8595,female,group B,some high school,1,0,71,94,82,53,300,B,75.0,76.5,5.4
std-8596,female,group B,some college,1,0,38,63,71,39,211,C,52.75,81.9,3.5
std-8597,female,group B,high school,1,1,51,45,88,93,277,B,69.25,60.8,5.7
std-8598,female,group C,high school,1,0,87,97,63,56,303,B,75.75,76.4,8.0
std-8599,female,group B,some college,1,0,63,74,98,82,317,B,79.25,76.9,6.2
std-8600,female,group A,some college,1,1,49,59,77,90,275,B,68.75,81.6,6.6
std-8601,female,group E,bachelor's degree,1,0,64,65,48,51,228,C,57.0,75.1,3.2
std-8602,female,group C,some high school,1,1,90,36,81,94,301,B,75.25,81.7,10.7
std-8603,female,group B,some high school,1,0,82,81,83,53,299,B,74.75,81.3,4.1
std-8604,female,group B,associate's degree,0,1,69,83,100,47,299,B,74.75,83.0,6.8
std-8605,female,group D,some college,1,1,79,59,91,61,290,B,72.5,86.9,11.3
std-8606,female,group B,some high school,0,1,48,53,76,48,225,C,56.25,78.1,7.1
std-8607,female,group C,some high school,1,1,57,43,59,85,244,C,61.0,75.7,10.4
std-8608,female,group C,associate's degree,1,0,55,72,67,63,257,B,64.25,83.0,4.9
std-8609,female,group B,associate's degree,0,0,63,69,87,66,285,B,71.25,89.1,6.5
std-8610,female,group C,high school,1,1,29,42,54,57,182,D,45.5,68.1,6.9
std-8611,female,group C,some high school,1,0,49,74,84,87,294,B,73.5,81.9,10.2
std-8612,female,group C,bachelor's degree,1,0,65,57,83,60,265,B,66.25,90.5,9.3
std-8613,female,group D,associate's degree,0,0,65,81,78,58,282,B,70.5,71.5,9.3
std-8614,female,group E,high school,1,1,33,61,61,96,251,B,62.75,95.1,6.6
std-8615,female,group C,some college,1,0,28,76,100,55,259,B,64.75,67.5,3.4
std-8616,female,group C,associate's degree,1,1,83,27,72,40,222,C,55.5,73.4,9.4
std-8617,female,group C,some college,1,0,54,81,82,68,285,B,71.25,73.1,9.9
std-8618,female,group A,some college,1,0,84,46,71,67,268,B,67.0,100.0,9.0
std-8619,female,group D,some college,0,0,92,30,41,27,190,D,47.5,69.3,4.3
std-8620,female,group C,bachelor's degree,1,0,52,70,100,71,293,B,73.25,77.8,8.5
std-8621,female,group C,bachelor's degree,0,0,64,85,75,69,293,B,73.25,79.0,8.5
std-8622,female,group E,associate's degree,0,1,95,79,49,77,300,B,75.0,83.8,9.7
std-8623,female,group D,some high school,0,1,80,85,100,55,320,A,80.0,81.6,10.3
std-8624,female,group B,associate's degree,1,1,67,76,80,97,320,A,80.0,83.4,10.1
std-8625,female,group C,some college,1,1,47,55,82,94,278,B,69.5,49.3,6.8
std-8626,female,group E,master's degree,1,0,55,91,59,85,290,B,72.5,82.6,4.9
std-8627,female,group C,bachelor's degree,0,1,71,100,82,70,323,A,80.75,85.0,8.1
std-8628,female,group D,some high school,0,1,56,78,75,64,273,B,68.25,90.0,4.7
std-8629,female,group A,some college,0,0,45,39,89,83,256,B,64.0,91.1,6.1
std-8630,female,group D,bachelor's degree,0,0,27,70,74,81,252,B,63.0,77.3,5.6
std-8631,female,group D,some college,0,0,27,66,49,49,191,D,47.75,81.2,6.2
std-8632,female,group B,master's degree,1,0,73,98,69,67,307,B,76.75,73.6,10.1
std-8633,female,group D,high school,0,0,79,65,82,80,306,B,76.5,90.3,10.3
std-8634,female,group E,associate's degree,1,1,81,74,91,61,307,B,76.75,78.3,13.0
std-8635,female,group E,some college,0,0,74,74,73,54,275,B,68.75,70.2,4.3
std-8636,female,group D,high school,1,1,61,51,99,38,249,C,62.25,77.0,4.5
std-8637,female,group C,some high school,1,1,31,72,65,100,268,B,67.0,92.9,10.9
std-8638,female,group E,bachelor's degree,0,0,74,49,100,98,321,A,80.25,86.3,10.8
std-8639,female,group A,some college,1,0,56,100,79,86,321,A,80.25,98.1,11.2
std-8640,female,group A,master's degree,1,0,74,76,57,70,277,B,69.25,74.3,7.5
std-8641,female,group B,bachelor's degree,0,0,81,51,96,71,299,B,74.75,92.3,1.8
std-8642,female,group D,bachelor's degree,0,1,87,63,98,59,307,B,76.75,77.6,10.4
std-8643,female,group E,some college,1,1,77,64,52,70,263,B,65.75,81.9,9.8
std-8644,female,group D,associate's degree,0,0,49,84,98,100,331,A,82.75,87.4,10.7
std-8645,female,group C,associate's degree,1,0,60,65,54,59,238,C,59.5,83.7,8.9
std-8646,female,group B,some college,1,1,61,87,73,84,305,B,76.25,85.6,11.7
std-8647,female,group D,associate's degree,1,1,70,69,70,41,250,B,62.5,72.1,6.7
std-8648,female,group D,some college,1,0,99,68,95,74,336,A,84.0,93.8,5.1
std-8649,female,group B,bachelor's degree,0,0,84,44,79,77,284,B,71.0,97.2,7.8
std-8650,female,group E,high school,1,0,36,76,64,82,258,B,64.5,74.2,3.9
std-8651,female,group A,high school,1,0,46,64,70,71,251,B,62.75,62.3,9.4
std-8652,female,group D,some college,1,0,75,73,86,64,298,B,74.5,87.2,2.5
std-8653,female,group C,bachelor's degree,0,0,62,95,74,55,286,B,71.5,78.8,7.9
std-8654,female,group C,associate's degree,1,0,41,89,44,79,253,B,63.25,77.8,6.5
std-8655,female,group B,associate's degree,0,1,47,73,100,91,311,B,77.75,88.8,9.1
std-8656,female,group B,some high school,1,1,56,84,69,45,254,B,63.5,75.0,5.9
std-8657,female,group D,associate's degree,1,0,73,63,96,68,300,B,75.0,80.5,1.7
std-8658,female,group D,associate's degree,1,0,52,91,100,91,334,A,83.5,84.8,6.3
std-8659,female,group C,associate's degree,0,0,66,56,95,51,268,B,67.0,93.5,4.8
std-8660,female,group C,bachelor's degree,1,0,100,40,96,64,300,B,75.0,83.2,9.6
std-8661,female,group B,some high school,1,1,76,66,64,57,263,B,65.75,68.7,6.5
std-8662,female,group A,associate's degree,0,0,51,50,92,64,257,B,64.25,68.6,6.9
std-8663,female,group B,some high school,1,0,60,49,100,70,279,B,69.75,82.4,3.1
std-8664,female,group A,some high school,1,1,65,64,82,61,272,B,68.0,70.4,9.9
std-8665,female,group A,bachelor's degree,1,0,82,49,66,30,227,C,56.75,62.8,0.0
std-8666,female,group D,some high school,0,0,64,29,55,59,207,C,51.75,80.9,9.9
std-8667,female,group B,some high school,1,1,41,99,83,58,281,B,70.25,87.5,8.5
std-8668,female,group C,some high school,1,0,60,50,74,49,233,C,58.25,74.1,0.0
std-8669,female,group C,bachelor's degree,1,1,66,97,73,61,297,B,74.25,85.3,7.5
std-8670,female,group D,some college,0,0,91,62,38,50,241,C,60.25,79.7,3.2
std-8671,female,group C,master's degree,0,1,79,51,64,58,252,B,63.0,84.4,6.6
std-8672,female,group B,some high school,1,0,63,62,96,85,306,B,76.5,88.9,6.1
std-8673,female,group C,some college,1,0,40,70,57,85,252,B,63.0,55.5,4.0
std-8674,female,group C,high school,1,1,55,79,53,79,266,B,66.5,77.9,6.5
std-8675,female,group A,bachelor's degree,0,1,67,68,76,68,279,B,69.75,85.8,5.9
std-8676,female,group B,some college,0,1,58,88,53,44,243,C,60.75,74.5,10.0
std-8677,female,group E,some high school,0,0,33,100,74,65,272,B,68.0,80.9,9.2
std-8678,female,group D,some college,1,1,84,66,72,63,285,B,71.25,88.4,8.3
std-8679,female,group D,some high school,1,1,79,59,95,59,292,B,73.0,83.0,9.1
std-8680,female,group C,some college,1,0,56,70,66,70,262,B,65.5,93.3,3.1
std-8681,female,group B,some college,0,0,87,23,68,62,240,C,60.0,88.1,5.6
std-8682,female,group B,bachelor's degree,1,0,99,83,71,49,302,B,75.5,82.0,7.5
std-8683,female,group D,some high school,1,0,50,98,95,57,300,B,75.0,81.1,6.3
std-8684,female,group D,some high school,1,1,59,53,87,62,261,B,65.25,54.0,9.4
std-8685,female,group D,high school,1,0,61,65,93,53,272,B,68.0,77.7,6.9
std-8686,female,group E,associate's degree,1,1,56,98,54,52,260,B,65.0,67.4,5.8
std-8687,female,group B,bachelor's degree,1,0,42,90,66,67,265,B,66.25,82.0,9.0
std-8688,female,group B,master's degree,1,1,75,96,94,83,348,A,87.0,88.3,9.9
std-8689,female,group D,high school,1,0,56,68,75,76,275,B,68.75,87.1,10.4
std-8690,female,group E,high school,1,1,79,78,84,67,308,B,77.0,96.1,10.6
std-8691,female,group A,associate's degree,0,0,84,63,46,61,254,B,63.5,78.9,10.7
std-8692,female,group C,some high school,1,0,58,77,89,73,297,B,74.25,100.0,9.7
std-8693,female,group C,some college,1,1,48,64,100,85,297,B,74.25,84.8,9.8
std-8694,female,group A,high school,1,1,100,74,74,63,311,B,77.75,72.0,7.8
std-8695,female,group C,associate's degree,1,1,76,46,100,74,296,B,74.0,77.5,7.5
std-8696,female,group D,high school,1,0,66,100,78,75,319,B,79.75,81.1,8.6
std-8697,female,group C,high school,1,1,67,40,94,77,278,B,69.5,86.4,9.2
std-8698,female,group A,associate's degree,1,1,76,44,15,56,191,D,47.75,65.4,5.3
std-8699,female,group C,some high school,0,0,77,35,80,86,278,B,69.5,78.4,8.4
std-8700,female,group E,some high school,1,0,59,81,79,69,288,B,72.0,80.5,6.6
std-8701,female,group E,associate's degree,1,1,70,96,47,72,285,B,71.25,77.6,11.1
std-8702,female,group B,high school,0,0,52,80,80,80,292,B,73.0,89.6,4.2
std-8703,female,group E,some high school,0,1,27,87,98,70,282,B,70.5,87.2,11.4
std-8704,female,group C,bachelor's degree,1,1,83,56,92,69,300,B,75.0,93.4,10.6
std-8705,female,group C,high school,0,1,70,42,76,60,248,C,62.0,75.6,11.1
std-8706,female,group C,high school,1,0,71,68,72,72,283,B,70.75,92.3,8.9
std-8707,female,group E,some college,1,0,78,49,79,100,306,B,76.5,71.1,6.8
std-8708,female,group E,master's degree,0,0,79,51,61,34,225,C,56.25,64.2,4.6
std-8709,female,group B,some college,1,1,66,60,60,55,241,C,60.25,67.1,12.4
std-8710,female,group B,associate's degree,0,0,70,70,91,80,311,B,77.75,83.9,6.4
std-8711,female,group D,some high school,1,0,74,64,93,65,296,B,74.0,93.4,8.6
std-8712,female,group D,high school,1,1,62,44,58,81,245,C,61.25,72.9,7.1
std-8713,female,group A,high school,1,0,83,58,61,83,285,B,71.25,77.4,1.8
std-8714,female,group C,master's degree,1,1,53,81,86,100,320,A,80.0,82.6,6.7
std-8715,female,group B,high school,1,0,77,89,96,88,350,A,87.5,92.2,9.0
std-8716,female,group D,some college,1,0,62,86,79,61,288,B,72.0,77.6,8.3
std-8717,female,group A,associate's degree,0,1,47,92,41,68,248,C,62.0,73.8,9.1
std-8718,female,group E,associate's degree,1,0,71,100,43,63,277,B,69.25,68.9,9.2
std-8719,female,group E,some high school,1,0,74,31,90,69,264,B,66.0,74.8,7.0
std-8720,female,group E,some college,1,0,66,67,81,80,294,B,73.5,93.0,4.8
std-8721,female,group D,master's degree,0,0,40,78,80,53,251,B,62.75,79.7,7.2
std-8722,female,group B,some high school,1,1,85,69,71,90,315,B,78.75,77.5,10.1
std-8723,female,group E,some high school,0,1,52,69,53,74,248,C,62.0,89.7,6.7
std-8724,female,group C,high school,1,1,40,81,62,92,275,B,68.75,75.6,9.9
std-8725,female,group D,high school,1,0,73,79,77,57,286,B,71.5,94.5,6.7
std-8726,female,group D,master's degree,1,1,88,80,86,78,332,A,83.0,98.2,8.6
std-8727,female,group A,high school,0,1,31,71,97,78,277,B,69.25,81.5,8.3
std-8728,female,group E,some high school,0,0,51,54,77,75,257,B,64.25,65.9,9.4
std-8729,female,group A,some college,1,1,58,56,78,59,251,B,62.75,99.5,11.6
std-8730,female,group B,some high school,1,1,98,31,76,95,300,B,75.0,86.4,9.8
std-8731,female,group E,some college,0,0,71,67,89,76,303,B,75.75,80.2,7.0
std-8732,female,group E,some high school,0,0,96,72,70,36,274,B,68.5,89.4,2.6
std-8733,female,group B,some college,1,0,39,84,67,81,271,B,67.75,86.8,10.4
std-8734,female,group C,bachelor's degree,1,0,85,71,78,78,312,B,78.0,95.7,9.7
std-8735,female,group B,associate's degree,0,0,69,65,85,78,297,B,74.25,76.7,8.6
std-8736,female,group A,associate's degree,1,0,67,100,86,97,350,A,87.5,89.9,2.3
std-8737,female,group D,associate's degree,1,0,63,57,86,80,286,B,71.5,71.1,6.6
std-8738,female,group C,some high school,1,1,85,70,67,41,263,B,65.75,85.9,8.1
std-8739,female,group E,associate's degree,0,1,47,100,65,62,274,B,68.5,80.6,10.4
std-8740,female,group A,associate's degree,0,1,58,82,89,64,293,B,73.25,84.9,8.0
std-8741,female,group B,some high school,1,0,62,46,80,63,251,B,62.75,77.5,5.1
std-8742,female,group B,high school,0,1,86,63,83,94,326,A,81.5,82.8,11.5
std-8743,female,group A,some college,1,0,35,51,91,97,274,B,68.5,72.9,4.3
std-8744,female,group B,bachelor's degree,0,1,65,52,78,34,229,C,57.25,84.2,6.2
std-8745,female,group E,high school,1,1,79,39,100,78,296,B,74.0,96.0,9.7
std-8746,female,group C,bachelor's degree,1,1,53,100,75,73,301,B,75.25,78.0,12.7
std-8747,female,group C,some high school,1,0,91,71,91,97,350,A,87.5,92.0,10.0
std-8748,female,group C,associate's degree,0,0,96,91,61,38,286,B,71.5,85.6,9.2
std-8749,female,group E,bachelor's degree,1,1,46,67,65,95,273,B,68.25,80.8,8.9
std-8750,female,group B,high school,1,0,55,68,95,78,296,B,74.0,68.8,10.5
std-8751,female,group C,some high school,1,0,61,60,66,89,276,B,69.0,69.2,1.9
std-8752,female,group D,some college,1,0,77,85,84,43,289,B,72.25,75.0,11.6
std-8753,female,group A,some high school,1,0,100,46,69,93,308,B,77.0,64.3,12.4
std-8754,female,group C,associate's degree,1,1,32,63,67,94,256,B,64.0,91.9,9.4
std-8755,female,group D,some high school,1,1,74,54,36,51,215,C,53.75,79.2,9.4
std-8756,female,group B,associate's degree,1,0,86,91,55,64,296,B,74.0,82.3,6.6
std-8757,female,group D,some high school,0,0,73,100,96,75,344,A,86.0,66.8,7.3
std-8758,female,group C,some high school,1,0,49,89,79,86,303,B,75.75,66.7,5.4
std-8759,female,group E,some high school,1,0,46,78,80,80,284,B,71.0,81.6,6.3
std-8760,female,group C,some high school,1,1,60,89,82,68,299,B,74.75,100.0,10.7
std-8761,female,group D,high school,0,0,58,82,97,61,298,B,74.5,76.5,7.8
std-8762,female,group D,some college,0,1,76,75,47,88,286,B,71.5,89.5,14.0
std-8763,female,group D,high school,1,0,84,100,80,41,305,B,76.25,79.0,7.2
std-8764,female,group D,high school,1,0,60,52,73,68,253,B,63.25,79.5,2.0
std-8765,female,group C,some college,1,1,64,36,94,100,294,B,73.5,93.4,13.3
std-8766,female,group C,some high school,1,0,72,85,74,68,299,B,74.75,79.7,3.8
std-8767,female,group B,associate's degree,1,1,57,61,80,54,252,B,63.0,72.7,6.8
std-8768,female,group E,bachelor's degree,0,0,33,100,53,62,248,C,62.0,91.4,6.3
std-8769,female,group B,high school,1,1,68,52,70,80,270,B,67.5,80.8,9.7
std-8770,female,group A,some high school,1,1,48,100,86,84,318,B,79.5,94.2,6.1
std-8771,female,group C,high school,1,0,55,86,83,90,314,B,78.5,77.9,5.3
std-8772,female,group D,some high school,0,1,74,89,97,69,329,A,82.25,98.0,6.3
std-8773,female,group A,associate's degree,1,1,78,44,63,82,267,B,66.75,82.6,10.1
std-8774,female,group E,bachelor's degree,0,0,67,84,71,46,268,B,67.0,84.2,9.0
std-8775,female,group A,some college,1,1,35,45,83,52,215,C,53.75,77.1,4.3
std-8776,female,group C,associate's degree,0,0,53,92,86,45,276,B,69.0,76.4,8.8
std-8777,female,group B,high school,1,1,91,84,81,46,302,B,75.5,83.1,11.7
std-8778,female,group C,some college,1,0,70,32,76,75,253,B,63.25,75.0,4.1
std-8779,female,group C,some high school,1,0,87,96,100,100,383,A,95.75,98.4,3.8
std-8780,female,group C,associate's degree,0,1,52,59,43,97,251,B,62.75,77.0,5.5
std-8781,female,group A,some high school,0,1,94,56,100,83,333,A,83.25,72.2,8.6
std-8782,female,group B,bachelor's degree,1,1,45,79,79,53,256,B,64.0,64.2,12.1
std-8783,female,group D,some high school,0,0,33,50,88,42,213,C,53.25,60.2,4.5
std-8784,female,group D,master's degree,1,0,30,53,89,80,252,B,63.0,84.5,3.2
std-8785,female,group D,some college,1,1,88,45,82,93,308,B,77.0,73.2,9.9
std-8786,female,group B,some high school,1,1,33,56,43,37,169,D,42.25,74.8,3.0
std-8787,female,group C,bachelor's degree,1,0,72,42,98,51,263,B,65.75,81.1,7.2
std-8788,female,group A,some high school,1,0,98,66,62,56,282,B,70.5,80.8,4.0
std-8789,female,group D,some college,1,0,43,28,81,45,197,D,49.25,78.3,2.3
std-8790,female,group D,bachelor's degree,1,1,65,81,88,90,324,A,81.0,86.3,10.8
std-8791,female,group B,high school,1,0,70,46,99,65,280,B,70.0,56.9,10.7
std-8792,female,group A,some high school,0,0,85,97,89,66,337,A,84.25,83.1,13.2
std-8793,female,group B,some high school,1,0,98,90,78,56,322,A,80.5,88.6,4.8
std-8794,female,group A,some college,0,1,68,60,79,54,261,B,65.25,94.5,6.9
std-8795,female,group E,bachelor's degree,1,1,62,57,95,37,251,B,62.75,94.0,9.5
std-8796,female,group E,bachelor's degree,1,1,28,70,55,34,187,D,46.75,61.3,9.6
std-8797,female,group A,high school,1,0,61,82,69,88,300,B,75.0,79.8,1.4
std-8798,female,group C,some college,1,1,58,63,53,80,254,B,63.5,65.0,8.5
std-8799,female,group A,some college,0,0,83,49,56,77,265,B,66.25,93.7,4.8
std-8800,female,group A,some college,0,0,81,70,88,70,309,B,77.25,92.8,2.2
std-8801,female,group D,some college,0,0,57,99,85,68,309,B,77.25,86.8,3.7
std-8802,female,group C,some college,1,1,76,39,76,63,254,B,63.5,80.6,6.8
std-8803,female,group C,associate's degree,1,0,43,36,68,71,218,C,54.5,88.6,5.0
std-8804,female,group E,associate's degree,1,0,81,69,42,59,251,B,62.75,89.8,8.2
std-8805,female,group D,high school,0,1,85,84,94,65,328,A,82.0,95.7,10.9
std-8806,female,group A,associate's degree,1,0,49,66,53,54,222,C,55.5,80.6,7.4
std-8807,female,group C,high school,1,1,60,44,79,43,226,C,56.5,73.7,7.7
std-8808,female,group C,high school,1,0,75,83,60,88,306,B,76.5,90.3,5.2
std-8809,female,group D,some high school,1,1,50,82,100,80,312,B,78.0,91.3,9.2
std-8810,female,group E,some high school,1,1,55,82,78,44,259,B,64.75,77.8,10.1
std-8811,female,group E,associate's degree,1,1,75,80,44,62,261,B,65.25,76.5,11.0
std-8812,female,group B,bachelor's degree,0,0,60,69,83,75,287,B,71.75,92.0,6.2
std-8813,female,group A,some high school,1,1,81,72,40,32,225,C,56.25,91.7,5.2
std-8814,female,group C,bachelor's degree,1,0,59,80,65,97,301,B,75.25,76.3,7.7
std-8815,female,group C,some college,1,0,95,62,81,45,283,B,70.75,79.1,7.6
std-8816,female,group A,bachelor's degree,1,1,27,57,79,61,224,C,56.0,79.8,10.6
std-8817,female,group D,high school,1,1,80,70,76,53,279,B,69.75,85.6,7.1
std-8818,female,group C,high school,0,1,84,50,85,64,283,B,70.75,76.8,7.3
std-8819,female,group C,bachelor's degree,1,0,74,66,50,73,263,B,65.75,96.8,7.8
std-8820,female,group E,high school,1,1,83,77,59,61,280,B,70.0,85.1,7.8
std-8821,female,group C,bachelor's degree,1,0,27,91,100,85,303,B,75.75,87.9,5.8
std-8822,female,group D,some college,1,1,71,99,100,69,339,A,84.75,100.0,13.4
std-8823,female,group C,associate's degree,1,0,50,70,90,90,300,B,75.0,78.9,3.4
std-8824,female,group A,high school,0,1,41,88,99,46,274,B,68.5,80.0,13.9
std-8825,female,group C,some college,1,0,31,86,61,61,239,C,59.75,66.6,3.9
std-8826,female,group D,high school,1,0,80,74,99,86,339,A,84.75,84.6,9.9
std-8827,female,group A,some college,1,1,61,84,79,74,298,B,74.5,69.3,9.0
std-8828,female,group C,some college,0,0,73,69,81,66,289,B,72.25,88.7,7.3
std-8829,female,group D,some high school,0,0,60,58,70,35,223,C,55.75,80.3,4.4
std-8830,female,group B,high school,1,1,69,76,81,51,277,B,69.25,78.5,10.9
std-8831,female,group A,associate's degree,1,1,69,96,85,74,324,A,81.0,84.0,9.0
std-8832,female,group D,some high school,0,1,58,88,77,83,306,B,76.5,90.3,8.0
std-8833,female,group C,some college,0,1,39,72,87,92,290,B,72.5,71.9,13.6
std-8834,female,group E,bachelor's degree,0,0,75,71,50,97,293,B,73.25,84.2,6.7
std-8835,female,group C,high school,1,1,34,65,66,97,262,B,65.5,86.1,6.7
std-8836,female,group D,some college,1,0,73,79,56,44,252,B,63.0,62.9,2.0
std-8837,female,group D,high school,1,1,64,50,73,100,287,B,71.75,88.0,13.7
std-8838,female,group A,bachelor's degree,0,1,60,57,95,58,270,B,67.5,65.4,7.2
std-8839,female,group B,high school,1,0,68,38,65,85,256,B,64.0,78.2,10.9
std-8840,female,group D,high school,0,0,59,100,84,49,292,B,73.0,71.8,7.6
std-8841,female,group D,high school,0,1,46,67,53,49,215,C,53.75,88.8,7.7
std-8842,female,group D,some high school,1,0,82,92,84,74,332,A,83.0,75.1,8.0
std-8843,female,group C,some high school,0,0,78,100,95,41,314,B,78.5,69.2,12.7
std-8844,female,group B,some high school,0,0,56,59,64,46,225,C,56.25,77.9,0.0
std-8845,female,group B,bachelor's degree,0,0,49,91,67,70,277,B,69.25,77.3,6.8
std-8846,female,group B,associate's degree,1,0,74,70,96,76,316,B,79.0,70.7,6.5
std-8847,female,group C,associate's degree,1,1,68,40,93,88,289,B,72.25,86.7,8.5
std-8848,female,group A,bachelor's degree,1,0,65,94,93,82,334,A,83.5,67.8,8.0
std-8849,female,group B,master's degree,0,0,65,77,100,64,306,B,76.5,74.1,6.3
std-8850,female,group C,master's degree,1,0,95,84,45,76,300,B,75.0,77.7,7.3
std-8851,female,group D,some college,0,0,27,62,60,56,205,C,51.25,82.3,4.5
std-8852,female,group C,high school,1,1,44,76,65,28,213,C,53.25,87.4,4.0
std-8853,female,group C,master's degree,0,1,44,77,100,85,306,B,76.5,93.3,10.4
std-8854,female,group B,some high school,0,1,27,60,100,91,278,B,69.5,79.7,10.6
std-8855,female,group A,some college,1,0,69,45,83,86,283,B,70.75,59.7,5.1
std-8856,female,group A,associate's degree,1,0,81,85,62,74,302,B,75.5,86.6,11.5
std-8857,female,group C,some college,1,1,37,46,73,71,227,C,56.75,90.1,10.9
std-8858,female,group C,associate's degree,1,1,55,63,32,81,231,C,57.75,88.3,9.8
std-8859,female,group D,associate's degree,0,0,75,82,31,87,275,B,68.75,85.0,8.3
std-8860,female,group B,some college,1,0,35,58,94,80,267,B,66.75,69.5,6.1
std-8861,female,group B,some college,1,1,87,81,63,62,293,B,73.25,77.6,12.0
std-8862,female,group C,associate's degree,1,1,50,55,89,43,237,C,59.25,95.1,11.8
std-8863,female,group D,master's degree,0,0,29,92,100,78,299,B,74.75,70.1,8.8
std-8864,female,group B,some high school,0,1,84,70,100,84,338,A,84.5,75.7,8.8
std-8865,female,group D,associate's degree,0,0,34,58,52,45,189,D,47.25,82.2,4.1
std-8866,female,group C,high school,1,0,91,60,99,91,341,A,85.25,82.4,9.2
std-8867,female,group B,master's degree,1,1,85,85,97,63,330,A,82.5,74.8,12.1
std-8868,female,group E,bachelor's degree,1,0,89,100,86,93,368,A,92.0,100.0,8.2
std-8869,female,group C,some college,0,0,57,62,70,100,289,B,72.25,86.2,5.2
std-8870,female,group B,some college,1,1,59,92,90,57,298,B,74.5,79.3,13.2
std-8871,female,group D,master's degree,1,1,70,72,38,65,245,C,61.25,68.1,5.4
std-8872,female,group E,high school,1,0,63,53,52,86,254,B,63.5,97.5,3.4
std-8873,female,group D,some college,1,1,55,65,83,30,233,C,58.25,77.2,4.4
std-8874,female,group B,associate's degree,1,1,62,59,100,97,318,B,79.5,97.0,7.4
std-8875,female,group D,bachelor's degree,1,0,62,96,74,58,290,B,72.5,90.1,9.7
std-8876,female,group C,some college,1,0,73,91,84,62,310,B,77.5,79.1,10.3
std-8877,female,group B,high school,1,0,68,79,87,62,296,B,74.0,78.0,6.6
std-8878,female,group B,associate's degree,0,1,57,80,70,50,257,B,64.25,92.4,9.6
std-8879,female,group E,some college,0,0,79,47,61,41,228,C,57.0,90.1,5.1
std-8880,female,group D,associate's degree,0,1,71,82,100,67,320,A,80.0,67.7,6.8
std-8881,female,group A,bachelor's degree,0,0,56,63,58,88,265,B,66.25,85.0,11.6
std-8882,female,group D,some high school,0,1,62,73,92,37,264,B,66.0,78.8,11.9
std-8883,female,group B,high school,1,1,45,55,59,69,228,C,57.0,67.7,8.5
std-8884,female,group D,associate's degree,1,0,59,60,95,87,301,B,75.25,85.4,4.7
std-8885,female,group A,some high school,0,1,68,54,88,89,299,B,74.75,70.7,8.7
std-8886,female,group C,high school,1,0,72,84,70,71,297,B,74.25,78.5,5.0
std-8887,female,group C,associate's degree,1,1,36,36,79,36,187,D,46.75,66.4,6.9
std-8888,female,group B,high school,1,1,80,54,53,42,229,C,57.25,72.5,8.4
std-8889,female,group B,bachelor's degree,1,1,30,55,83,60,228,C,57.0,76.3,6.8
std-8890,female,group C,associate's degree,0,0,50,100,58,71,279,B,69.75,72.0,2.7
std-8891,female,group B,high school,1,0,79,84,62,37,262,B,65.5,93.9,11.3
std-8892,female,group C,high school,1,1,84,53,59,57,253,B,63.25,83.5,8.8
std-8893,female,group B,bachelor's degree,1,1,69,82,59,84,294,B,73.5,98.6,10.3
std-8894,female,group C,master's degree,1,1,59,75,93,78,305,B,76.25,81.9,8.4
std-8895,female,group C,some high school,1,1,28,34,70,78,210,C,52.5,70.5,3.3
std-8896,female,group A,some high school,1,1,74,87,71,74,306,B,76.5,99.2,9.3
std-8897,female,group D,some college,0,0,71,65,95,65,296,B,74.0,77.4,5.9
std-8898,female,group E,some high school,1,0,74,39,78,78,269,B,67.25,78.7,7.9
std-8899,female,group C,some high school,1,0,85,81,95,87,348,A,87.0,93.4,10.2
std-8900,female,group C,high school,1,0,76,32,92,94,294,B,73.5,71.3,8.6
std-8901,female,group B,bachelor's degree,1,1,55,78,100,67,300,B,75.0,89.3,11.8
std-8902,female,group E,some college,1,0,44,77,100,76,297,B,74.25,87.9,11.3
std-8903,female,group C,some college,1,1,27,68,100,72,267,B,66.75,91.6,9.5
std-8904,female,group C,high school,0,0,90,85,50,57,282,B,70.5,89.4,9.2
std-8905,female,group D,bachelor's degree,0,1,97,97,73,60,327,A,81.75,96.8,11.2
std-8906,female,group D,bachelor's degree,0,1,40,100,57,87,284,B,71.0,80.6,4.2
std-8907,female,group D,bachelor's degree,0,1,60,61,94,68,283,B,70.75,73.7,8.5
std-8908,female,group E,some college,1,0,62,57,67,85,271,B,67.75,99.5,4.0
std-8909,female,group D,some high school,1,0,51,43,83,50,227,C,56.75,63.1,5.7
std-8910,female,group E,associate's degree,1,1,70,90,67,66,293,B,73.25,69.5,7.2
std-8911,female,group C,high school,1,1,44,73,73,84,274,B,68.5,85.8,10.2
std-8912,female,group B,some high school,0,0,64,100,100,56,320,A,80.0,99.2,9.8
std-8913,female,group C,some college,1,0,84,92,45,57,278,B,69.5,82.8,9.3
std-8914,female,group E,some high school,1,1,34,80,53,56,223,C,55.75,85.5,11.6
std-8915,female,group D,some college,1,1,54,97,79,46,276,B,69.0,63.0,4.6
std-8916,female,group B,some high school,1,0,47,50,56,68,221,C,55.25,71.9,2.0
std-8917,female,group B,high school,1,0,80,81,92,58,311,B,77.75,67.0,14.4
std-8918,female,group B,some college,1,1,74,72,80,73,299,B,74.75,89.9,11.8
std-8919,female,group A,bachelor's degree,0,1,85,88,64,78,315,B,78.75,70.2,10.2
std-8920,female,group E,high school,1,0,68,59,74,87,288,B,72.0,70.4,6.6
std-8921,female,group C,some high school,1,0,80,37,72,82,271,B,67.75,85.1,6.0
std-8922,female,group C,associate's degree,1,1,75,77,66,68,286,B,71.5,91.3,4.2
std-8923,female,group B,associate's degree,1,0,72,56,82,49,259,B,64.75,78.1,3.9
std-8924,female,group B,associate's degree,0,1,56,54,100,79,289,B,72.25,87.1,8.8
std-8925,female,group D,associate's degree,1,1,55,43,71,94,263,B,65.75,84.7,6.7
std-8926,female,group C,some high school,1,0,55,80,55,62,252,B,63.0,77.0,4.2
std-8927,female,group D,some college,1,0,65,58,27,92,242,C,60.5,68.3,11.9
std-8928,female,group A,some high school,1,0,42,77,84,93,296,B,74.0,87.7,6.1
std-8929,female,group A,associate's degree,1,1,72,50,64,29,215,C,53.75,81.4,8.0
std-8930,female,group D,some high school,1,1,56,71,89,58,274,B,68.5,88.8,9.3
std-8931,female,group D,some college,0,0,67,61,52,62,242,C,60.5,80.9,6.9
std-8932,female,group E,high school,0,0,68,66,68,89,291,B,72.75,71.7,5.4
std-8933,female,group D,associate's degree,1,1,86,58,74,87,305,B,76.25,89.5,12.6
std-8934,female,group D,some college,1,0,44,70,98,54,266,B,66.5,80.1,7.1
std-8935,female,group C,high school,1,0,37,49,79,69,234,C,58.5,73.1,2.1
std-8936,female,group B,high school,0,1,62,82,44,44,232,C,58.0,74.6,7.5
std-8937,female,group C,associate's degree,1,0,74,57,79,84,294,B,73.5,76.2,6.3
std-8938,female,group B,master's degree,1,1,51,68,67,73,259,B,64.75,87.5,7.8
std-8939,female,group B,bachelor's degree,1,1,55,66,24,72,217,C,54.25,63.3,8.6
std-8940,female,group C,high school,1,1,45,59,87,100,291,B,72.75,73.2,10.7
std-8941,female,group C,some high school,1,0,89,67,74,89,319,B,79.75,81.5,8.6
std-8942,female,group C,some college,0,0,64,54,92,79,289,B,72.25,96.5,7.4
std-8943,female,group D,associate's degree,1,0,72,62,75,46,255,B,63.75,88.7,6.0
std-8944,female,group C,bachelor's degree,1,1,46,70,72,90,278,B,69.5,66.3,3.4
std-8945,female,group C,some college,1,0,37,100,76,61,274,B,68.5,92.9,8.2
std-8946,female,group D,high school,1,0,72,67,78,83,300,B,75.0,95.1,8.1
std-8947,female,group B,high school,0,0,67,60,80,45,252,B,63.0,68.4,3.2
std-8948,female,group E,high school,1,0,78,87,96,100,361,A,90.25,65.3,9.0
std-8949,female,group E,associate's degree,1,0,96,76,69,68,309,B,77.25,83.0,8.7
std-8950,female,group C,some high school,1,1,64,69,85,75,293,B,73.25,92.4,12.1
std-8951,female,group D,high school,1,0,54,49,91,72,266,B,66.5,94.4,7.3
std-8952,female,group C,high school,1,0,60,61,85,59,265,B,66.25,72.2,6.8
std-8953,female,group C,some high school,1,0,55,39,58,61,213,C,53.25,91.5,7.1
std-8954,female,group C,high school,0,1,61,76,94,65,296,B,74.0,62.5,8.5
std-8955,female,group A,associate's degree,1,0,65,82,74,74,295,B,73.75,79.2,7.7
std-8956,female,group E,associate's degree,1,1,37,85,78,64,264,B,66.0,76.2,6.9
std-8957,female,group C,associate's degree,0,0,68,55,73,62,258,B,64.5,89.8,8.6
std-8958,female,group C,some college,1,0,100,100,68,60,328,A,82.0,96.9,3.5
std-8959,female,group E,associate's degree,1,1,62,57,88,37,244,C,61.0,86.9,10.1
std-8960,female,group D,some high school,0,0,88,57,86,75,306,B,76.5,71.3,7.0
std-8961,female,group D,master's degree,1,1,63,66,81,78,288,B,72.0,89.7,11.5
std-8962,female,group B,high school,1,0,60,81,84,79,304,B,76.0,87.8,5.0
std-8963,female,group D,some high school,1,1,63,34,80,99,276,B,69.0,65.9,9.0
std-8964,female,group E,bachelor's degree,1,1,60,36,75,86,257,B,64.25,60.8,8.5
std-8965,female,group D,some high school,0,1,100,74,100,55,329,A,82.25,94.7,11.1
std-8966,female,group A,bachelor's degree,1,0,67,100,66,76,309,B,77.25,82.0,4.4
std-8967,female,group C,some high school,0,1,58,66,86,84,294,B,73.5,70.9,10.8
std-8968,female,group D,bachelor's degree,1,0,65,96,84,69,314,B,78.5,82.2,2.5
std-8969,female,group D,some high school,1,0,65,44,75,48,232,C,58.0,80.6,3.6
std-8970,female,group E,some high school,1,0,37,72,58,71,238,C,59.5,77.0,1.5
std-8971,female,group C,high school,1,1,63,59,91,100,313,B,78.25,70.0,11.7
std-8972,female,group D,some college,1,1,57,78,65,88,288,B,72.0,98.9,10.0
std-8973,female,group D,master's degree,1,1,27,95,88,59,269,B,67.25,89.4,9.7
std-8974,female,group D,bachelor's degree,0,0,86,43,88,70,287,B,71.75,78.8,10.2
std-8975,female,group E,bachelor's degree,1,0,62,39,56,75,232,C,58.0,74.6,4.4
std-8976,female,group C,associate's degree,0,1,38,100,94,51,283,B,70.75,84.7,10.5
std-8977,female,group B,high school,1,0,88,28,71,82,269,B,67.25,70.2,6.3
std-8978,female,group C,associate's degree,1,0,62,93,70,87,312,B,78.0,86.8,6.9
std-8979,female,group A,some college,1,1,73,51,84,76,284,B,71.0,69.6,12.2
std-8980,female,group D,some high school,0,1,60,82,58,69,269,B,67.25,79.7,13.8
std-8981,female,group A,high school,1,0,68,64,75,94,301,B,75.25,72.5,5.8
std-8982,female,group D,some high school,1,1,78,60,96,55,289,B,72.25,71.9,11.2
std-8983,female,group E,some college,0,0,40,100,66,60,266,B,66.5,94.9,6.8
std-8984,female,group A,high school,0,0,58,95,72,43,268,B,67.0,80.8,6.9
std-8985,female,group D,some high school,1,0,58,63,88,76,285,B,71.25,83.5,7.1
std-8986,female,group B,high school,0,0,78,26,77,85,266,B,66.5,62.0,5.2
std-8987,female,group D,some college,0,1,46,68,62,56,232,C,58.0,71.9,0.0
std-8988,female,group B,some college,0,0,100,44,89,61,294,B,73.5,86.6,10.5
std-8989,female,group E,bachelor's degree,0,1,44,83,95,83,305,B,76.25,85.1,7.7
std-8990,female,group A,some college,0,0,85,38,72,50,245,C,61.25,59.0,4.9
std-8991,female,group A,bachelor's degree,0,1,80,53,94,95,322,A,80.5,86.6,9.3
std-8992,female,group A,some college,1,1,76,75,87,100,338,A,84.5,89.4,8.3
std-8993,female,group D,some high school,0,0,67,57,93,40,257,B,64.25,90.9,6.4
std-8994,female,group E,some college,1,1,47,82,83,61,273,B,68.25,74.8,8.6
std-8995,female,group C,some high school,0,1,72,85,49,69,275,B,68.75,60.7,7.0
std-8996,female,group D,associate's degree,1,0,55,64,85,41,245,C,61.25,69.4,5.9
std-8997,female,group E,master's degree,1,1,90,72,75,82,319,B,79.75,74.6,9.7
std-8998,female,group D,some college,1,1,70,57,70,45,242,C,60.5,84.7,10.3
std-8999,female,group B,associate's degree,1,0,48,57,64,78,247,C,61.75,54.1,2.2
std-9000,female,group C,some high school,0,1,90,71,77,66,304,B,76.0,79.2,7.4
std-9001,female,group E,master's degree,1,0,59,41,48,99,247,C,61.75,91.4,7.4
std-9002,female,group C,some high school,1,0,76,82,75,54,287,B,71.75,81.9,4.9
std-9003,female,group D,some college,1,1,65,63,77,61,266,B,66.5,88.2,6.3
std-9004,female,group C,high school,1,1,57,65,93,85,300,B,75.0,68.1,7.9
std-9005,female,group C,bachelor's degree,1,1,76,32,95,93,296,B,74.0,68.2,9.0
std-9006,female,group B,some college,0,0,74,66,76,81,297,B,74.25,95.6,6.5
std-9007,female,group D,some high school,0,0,70,56,84,58,268,B,67.0,81.2,5.6
std-9008,female,group A,associate's degree,0,0,78,58,77,54,267,B,66.75,81.1,3.5
std-9009,female,group A,some college,1,1,49,79,88,34,250,B,62.5,68.7,10.1
std-9010,female,group E,some high school,0,0,92,67,61,87,307,B,76.75,84.4,10.3
std-9011,female,group E,high school,1,0,80,86,63,51,280,B,70.0,70.9,1.6
std-9012,female,group C,associate's degree,0,1,61,77,87,80,305,B,76.25,94.0,5.6
std-9013,female,group B,high school,1,1,58,89,48,66,261,B,65.25,100.0,10.9
std-9014,female,group A,some college,0,0,33,46,72,74,225,C,56.25,81.1,9.0
std-9015,female,group A,associate's degree,0,1,74,33,100,71,278,B,69.5,75.4,3.5
std-9016,female,group C,bachelor's degree,0,0,62,78,100,96,336,A,84.0,63.1,9.7
std-9017,female,group C,high school,0,0,59,66,26,60,211,C,52.75,60.4,8.8
std-9018,female,group C,master's degree,1,0,28,33,84,23,168,D,42.0,86.0,1.6
std-9019,female,group D,high school,1,1,64,70,69,71,274,B,68.5,71.5,12.7
std-9020,female,group B,some high school,1,0,70,71,87,94,322,A,80.5,81.4,6.9
std-9021,female,group C,associate's degree,0,0,61,68,74,77,280,B,70.0,87.2,7.1
std-9022,female,group D,associate's degree,1,0,52,52,75,70,249,C,62.25,92.0,3.8
std-9023,female,group B,bachelor's degree,1,0,65,74,64,73,276,B,69.0,79.1,8.8
std-9024,female,group A,high school,1,0,47,74,100,64,285,B,71.25,78.0,8.6
std-9025,female,group E,some high school,1,0,73,65,81,55,274,B,68.5,81.4,10.5
std-9026,female,group E,some college,1,0,27,39,82,91,239,C,59.75,72.2,9.0
std-9027,female,group B,some college,1,0,50,86,46,83,265,B,66.25,74.9,6.0
std-9028,female,group A,master's degree,0,1,60,73,54,93,280,B,70.0,85.0,16.6
std-9029,female,group E,some college,1,0,89,71,88,52,300,B,75.0,84.6,10.2
std-9030,female,group A,master's degree,1,1,59,58,61,85,263,B,65.75,99.0,9.8
std-9031,female,group C,some high school,1,1,44,45,72,61,222,C,55.5,80.4,5.0
std-9032,female,group C,high school,1,1,74,79,91,87,331,A,82.75,95.8,6.2
std-9033,female,group B,bachelor's degree,1,1,77,76,88,58,299,B,74.75,73.2,5.7
std-9034,female,group B,some college,1,1,100,79,73,69,321,A,80.25,89.4,7.5
std-9035,female,group C,high school,0,1,57,59,81,65,262,B,65.5,73.3,11.9
std-9036,female,group D,bachelor's degree,1,1,98,78,65,94,335,A,83.75,89.4,11.4
std-9037,female,group E,some college,1,1,53,70,81,78,282,B,70.5,87.6,7.4
std-9038,female,group D,bachelor's degree,1,0,46,83,92,89,310,B,77.5,84.2,6.7
std-9039,female,group D,bachelor's degree,0,0,73,66,61,67,267,B,66.75,100.0,5.4
std-9040,female,group A,high school,0,1,72,92,84,78,326,A,81.5,97.9,11.9
std-9041,female,group B,high school,1,0,50,100,69,79,298,B,74.5,93.3,4.6
std-9042,female,group C,high school,0,1,34,80,72,40,226,C,56.5,83.7,8.5
std-9043,female,group B,some college,1,0,82,32,40,59,213,C,53.25,91.6,5.5
std-9044,female,group C,some high school,1,0,41,45,98,99,283,B,70.75,68.6,4.3
std-9045,female,group C,master's degree,0,0,86,53,87,51,277,B,69.25,93.3,10.3
std-9046,female,group D,some college,1,1,82,70,90,67,309,B,77.25,74.7,8.8
std-9047,female,group C,some college,1,1,74,56,96,64,290,B,72.5,77.0,6.6
std-9048,female,group B,high school,1,0,83,87,30,78,278,B,69.5,86.1,8.4
std-9049,female,group A,some college,1,1,84,75,51,69,279,B,69.75,92.3,9.0
std-9050,female,group D,some high school,0,1,64,100,77,78,319,B,79.75,74.1,10.8
std-9051,female,group C,some college,0,0,41,73,36,58,208,C,52.0,70.7,1.7
std-9052,female,group A,bachelor's degree,0,1,49,70,91,44,254,B,63.5,80.0,10.3
std-9053,female,group C,some college,1,0,81,91,78,37,287,B,71.75,80.2,12.0
std-9054,female,group E,some college,1,0,76,23,77,54,230,C,57.5,84.8,2.0
std-9055,female,group B,bachelor's degree,1,0,95,99,100,60,354,A,88.5,100.0,9.0
std-9056,female,group C,high school,0,0,94,62,47,54,257,B,64.25,83.1,3.9
std-9057,female,group D,associate's degree,1,0,90,97,69,60,316,B,79.0,77.6,13.9
std-9058,female,group D,some college,1,0,35,62,100,98,295,B,73.75,70.8,9.8
std-9059,female,group D,some high school,1,0,74,93,73,56,296,B,74.0,79.7,7.4
std-9060,female,group C,bachelor's degree,1,1,95,73,72,52,292,B,73.0,73.8,6.1
std-9061,female,group D,master's degree,1,1,60,78,79,58,275,B,68.75,85.1,6.3
std-9062,female,group D,bachelor's degree,1,0,28,56,97,43,224,C,56.0,80.7,6.9
std-9063,female,group D,some college,0,0,84,72,63,34,253,B,63.25,74.9,2.3
std-9064,female,group C,some high school,0,0,79,98,81,90,348,A,87.0,100.0,4.6
std-9065,female,group D,high school,1,0,76,77,59,79,291,B,72.75,75.6,6.6
std-9066,female,group E,some high school,1,0,27,49,77,68,221,C,55.25,75.3,5.3
std-9067,female,group A,master's degree,0,0,75,78,64,61,278,B,69.5,86.8,7.3
std-9068,female,group C,some college,0,1,50,58,51,57,216,C,54.0,84.0,6.2
std-9069,female,group D,some high school,1,0,77,77,56,59,269,B,67.25,91.8,8.4
std-9070,female,group E,high school,1,1,78,82,46,90,296,B,74.0,86.4,7.1
std-9071,female,group D,associate's degree,1,0,79,30,73,81,263,B,65.75,89.3,7.5
std-9072,female,group D,high school,1,0,64,66,82,73,285,B,71.25,75.7,7.0
std-9073,female,group C,associate's degree,0,0,94,45,78,59,276,B,69.0,89.2,7.8
std-9074,female,group B,high school,1,0,87,70,78,90,325,A,81.25,93.1,10.4
std-9075,female,group B,associate's degree,1,0,70,69,73,42,254,B,63.5,92.7,4.6
std-9076,female,group E,high school,1,1,32,87,43,91,253,B,63.25,64.0,6.6
std-9077,female,group D,associate's degree,1,0,51,89,87,58,285,B,71.25,73.5,2.3
std-9078,female,group D,some college,1,0,58,33,68,40,199,D,49.75,82.0,0.0
std-9079,female,group C,associate's degree,1,1,65,96,68,83,312,B,78.0,60.0,9.2
std-9080,female,group B,some high school,1,1,35,67,61,96,259,B,64.75,84.0,8.1
std-9081,female,group C,some college,1,0,83,82,87,79,331,A,82.75,95.0,4.9
std-9082,female,group C,some college,1,0,77,64,82,81,304,B,76.0,78.1,4.7
std-9083,female,group D,some college,1,0,88,56,97,63,304,B,76.0,79.4,10.7
std-9084,female,group B,associate's degree,1,0,63,69,84,31,247,C,61.75,68.9,7.8
std-9085,female,group E,some high school,0,1,60,64,88,78,290,B,72.5,77.4,5.9
std-9086,female,group C,some high school,1,1,39,23,76,80,218,C,54.5,71.7,6.3
std-9087,female,group D,associate's degree,1,1,38,100,78,63,279,B,69.75,75.0,9.9
std-9088,female,group C,high school,1,1,73,56,95,65,289,B,72.25,75.4,7.5
std-9089,female,group B,some high school,0,0,71,35,47,67,220,C,55.0,73.9,2.9
std-9090,female,group E,some college,1,1,81,43,59,75,258,B,64.5,76.9,7.5
std-9091,female,group C,associate's degree,1,0,63,65,74,80,282,B,70.5,98.3,9.1
std-9092,female,group A,some college,1,0,34,82,65,70,251,B,62.75,75.3,8.6
std-9093,female,group E,bachelor's degree,1,1,55,93,55,58,261,B,65.25,82.8,6.6
std-9094,female,group D,some high school,0,0,80,39,74,43,236,C,59.0,72.4,6.5
std-9095,female,group D,bachelor's degree,1,0,43,28,68,55,194,D,48.5,68.8,4.3
std-9096,female,group B,associate's degree,1,1,29,74,100,98,301,B,75.25,67.7,6.8
std-9097,female,group D,some college,1,1,52,54,87,37,230,C,57.5,63.0,6.9
std-9098,female,group E,high school,1,0,74,88,79,69,310,B,77.5,72.9,3.9
std-9099,female,group C,bachelor's degree,0,0,72,41,38,87,238,C,59.5,79.4,8.3
std-9100,female,group A,associate's degree,0,1,55,52,72,75,254,B,63.5,88.8,12.1
std-9101,female,group D,some high school,1,0,92,92,79,55,318,B,79.5,68.3,6.2
std-9102,female,group C,some high school,0,0,56,68,88,73,285,B,71.25,76.7,4.9
std-9103,female,group D,some college,1,1,58,62,100,73,293,B,73.25,70.0,11.8
std-9104,female,group C,some high school,1,1,69,76,93,74,312,B,78.0,81.5,12.7
std-9105,female,group B,some college,0,0,55,74,100,73,302,B,75.5,92.8,4.1
std-9106,female,group D,some high school,0,0,62,100,46,71,279,B,69.75,77.2,6.0
std-9107,female,group A,some college,1,0,33,58,74,62,227,C,56.75,76.4,5.0
std-9108,female,group A,some college,1,0,64,87,100,42,293,B,73.25,95.4,4.7
std-9109,female,group E,some high school,0,0,57,100,93,57,307,B,76.75,87.6,8.0
std-9110,female,group C,some high school,0,0,93,97,69,78,337,A,84.25,79.1,6.0
std-9111,female,group C,bachelor's degree,1,0,74,62,93,92,321,A,80.25,86.1,6.0
std-9112,female,group D,associate's degree,0,0,90,70,100,66,326,A,81.5,77.6,7.2
std-9113,female,group D,some college,1,0,72,49,80,84,285,B,71.25,85.5,2.8
std-9114,female,group D,some college,0,1,76,72,76,83,307,B,76.75,88.1,4.4
std-9115,female,group B,associate's degree,1,1,84,90,95,67,336,A,84.0,73.6,12.5
std-9116,female,group C,some high school,0,0,73,59,100,79,311,B,77.75,85.4,5.2
std-9117,female,group C,associate's degree,1,0,55,67,75,48,245,C,61.25,77.3,10.9
std-9118,female,group C,some high school,0,0,49,68,37,86,240,C,60.0,82.9,10.3
std-9119,female,group C,some college,1,0,60,95,60,80,295,B,73.75,90.0,5.4
std-9120,female,group A,some college,1,0,66,80,88,85,319,B,79.75,88.8,13.1
std-9121,female,group B,master's degree,0,1,68,83,80,31,262,B,65.5,77.0,10.8
std-9122,female,group B,master's degree,0,1,55,44,57,75,231,C,57.75,85.6,6.1
std-9123,female,group D,some high school,1,0,56,35,85,44,220,C,55.0,68.4,0.0
std-9124,female,group D,bachelor's degree,1,0,73,69,69,69,280,B,70.0,69.4,8.1
std-9125,female,group C,some college,1,1,79,54,70,72,275,B,68.75,52.1,8.8
std-9126,female,group D,some high school,1,0,38,100,84,100,322,A,80.5,84.1,8.4
std-9127,female,group B,high school,1,0,77,99,86,86,348,A,87.0,79.5,7.4
std-9128,female,group C,some college,1,0,27,54,81,63,225,C,56.25,80.3,2.2
std-9129,female,group B,some high school,1,1,65,58,95,100,318,B,79.5,66.7,8.7
std-9130,female,group E,bachelor's degree,1,0,79,68,58,42,247,C,61.75,72.7,7.3
std-9131,female,group B,associate's degree,1,1,50,82,100,51,283,B,70.75,85.7,8.0
std-9132,female,group D,high school,0,1,59,70,60,66,255,B,63.75,69.9,7.4
std-9133,female,group B,bachelor's degree,1,1,33,93,71,63,260,B,65.0,83.3,4.6
std-9134,female,group D,bachelor's degree,1,1,66,52,77,66,261,B,65.25,74.7,8.6
std-9135,female,group D,some college,1,0,79,73,100,79,331,A,82.75,85.2,4.8
std-9136,female,group D,high school,0,1,55,77,100,23,255,B,63.75,84.5,10.6
std-9137,female,group D,high school,1,0,65,54,77,100,296,B,74.0,91.2,4.9
std-9138,female,group C,high school,1,0,76,89,76,60,301,B,75.25,83.8,6.1
std-9139,female,group C,high school,1,1,85,46,52,90,273,B,68.25,73.4,14.1
std-9140,female,group B,some college,1,1,27,78,80,45,230,C,57.5,73.0,6.9
std-9141,female,group C,associate's degree,0,0,81,51,99,31,262,B,65.5,85.5,4.8
std-9142,female,group C,some college,0,0,70,97,69,59,295,B,73.75,73.3,8.2
std-9143,female,group C,some high school,1,1,76,61,74,84,295,B,73.75,80.9,4.8
std-9144,female,group E,bachelor's degree,0,0,67,78,77,77,299,B,74.75,79.4,9.9
std-9145,female,group B,associate's degree,0,0,77,79,95,80,331,A,82.75,84.5,10.1
std-9146,female,group C,some college,1,0,48,79,54,68,249,C,62.25,69.6,6.9
std-9147,female,group D,high school,0,1,74,84,100,71,329,A,82.25,68.6,1.6
std-9148,female,group A,some high school,1,0,61,100,69,60,290,B,72.5,86.8,5.9
std-9149,female,group D,associate's degree,1,0,47,45,100,95,287,B,71.75,90.5,3.3
std-9150,female,group D,some college,0,0,56,83,68,100,307,B,76.75,67.4,9.8
std-9151,female,group B,some college,1,0,99,58,88,56,301,B,75.25,86.3,9.5
std-9152,female,group D,bachelor's degree,1,0,53,67,59,90,269,B,67.25,90.1,7.1
std-9153,female,group C,some high school,0,0,75,73,78,76,302,B,75.5,88.4,3.9
std-9154,female,group B,bachelor's degree,1,1,59,23,82,46,210,C,52.5,71.7,10.9
std-9155,female,group B,associate's degree,1,0,76,31,91,72,270,B,67.5,71.9,5.5
std-9156,female,group D,some college,1,0,64,76,100,100,340,A,85.0,87.0,12.3
std-9157,female,group D,master's degree,1,0,45,60,73,55,233,C,58.25,79.6,5.9
std-9158,female,group B,bachelor's degree,0,1,70,68,78,61,277,B,69.25,81.9,10.1
std-9159,female,group B,bachelor's degree,1,1,52,59,84,78,273,B,68.25,79.1,7.5
std-9160,female,group C,high school,0,1,87,55,50,53,245,C,61.25,68.6,11.6
std-9161,female,group C,some high school,1,0,76,81,95,79,331,A,82.75,89.3,9.1
std-9162,female,group D,some college,1,1,59,91,65,43,258,B,64.5,83.7,11.9
std-9163,female,group C,bachelor's degree,1,1,49,77,93,91,310,B,77.5,85.5,10.0
std-9164,female,group B,high school,0,1,83,80,78,45,286,B,71.5,82.8,8.9
std-9165,female,group B,some college,1,0,90,61,87,45,283,B,70.75,96.6,7.9
std-9166,female,group C,some college,0,0,57,60,96,61,274,B,68.5,75.1,9.8
std-9167,female,group A,associate's degree,0,0,54,60,59,47,220,C,55.0,87.8,7.5
std-9168,female,group D,bachelor's degree,1,0,100,68,63,57,288,B,72.0,75.3,6.9
std-9169,female,group A,some high school,1,0,91,64,95,57,307,B,76.75,93.5,2.4
std-9170,female,group C,high school,1,1,57,100,93,66,316,B,79.0,95.3,11.7
std-9171,female,group C,some college,1,1,79,71,53,57,260,B,65.0,77.0,4.8
std-9172,female,group C,bachelor's degree,1,0,31,77,99,78,285,B,71.25,96.6,6.6
std-9173,female,group C,associate's degree,1,0,62,78,92,86,318,B,79.5,88.6,7.0
std-9174,female,group E,high school,1,1,79,95,85,64,323,A,80.75,76.9,6.3
std-9175,female,group D,associate's degree,1,0,95,81,70,81,327,A,81.75,81.8,8.4
std-9176,female,group A,some college,0,0,39,75,99,77,290,B,72.5,92.3,12.0
std-9177,female,group D,some college,0,1,51,50,100,89,290,B,72.5,90.4,8.3
std-9178,female,group C,bachelor's degree,0,1,87,63,82,88,320,A,80.0,75.0,11.7
std-9179,female,group C,associate's degree,0,0,59,70,82,81,292,B,73.0,81.0,12.5
std-9180,female,group C,some high school,1,0,49,100,84,55,288,B,72.0,83.8,8.7
std-9181,female,group D,bachelor's degree,1,0,72,62,83,55,272,B,68.0,76.0,4.6
std-9182,female,group B,bachelor's degree,1,0,100,95,96,86,377,A,94.25,100.0,9.2
std-9183,female,group D,associate's degree,0,0,67,77,74,68,286,B,71.5,83.9,7.7
std-9184,female,group E,high school,0,1,48,100,77,89,314,B,78.5,83.5,13.2
std-9185,female,group C,some college,1,0,59,70,62,44,235,C,58.75,88.3,8.3
std-9186,female,group A,master's degree,0,0,93,50,81,69,293,B,73.25,79.0,0.0
std-9187,female,group A,bachelor's degree,1,1,61,90,100,39,290,B,72.5,91.2,7.0
std-9188,female,group C,associate's degree,1,1,65,24,63,50,202,C,50.5,59.8,6.8
std-9189,female,group B,associate's degree,1,0,57,62,97,51,267,B,66.75,76.1,3.5
std-9190,female,group A,high school,1,1,90,37,62,81,270,B,67.5,89.9,0.0
std-9191,female,group C,some high school,1,0,58,72,95,100,325,A,81.25,99.1,5.6
std-9192,female,group D,some college,0,0,70,79,78,65,292,B,73.0,75.3,6.6
std-9193,female,group B,some college,1,1,49,91,100,75,315,B,78.75,76.1,8.4
std-9194,female,group A,master's degree,1,0,29,35,86,61,211,C,52.75,80.7,2.2
std-9195,female,group E,some college,1,0,75,64,41,88,268,B,67.0,74.7,6.2
std-9196,female,group C,high school,0,0,31,72,68,46,217,C,54.25,73.6,5.7
std-9197,female,group C,associate's degree,1,0,27,100,76,71,274,B,68.5,88.7,5.0
std-9198,female,group C,some high school,1,1,74,80,74,67,295,B,73.75,77.6,12.6
std-9199,female,group C,some college,1,0,64,100,86,66,316,B,79.0,66.5,7.4
std-9200,female,group D,master's degree,0,0,52,82,95,54,283,B,70.75,69.8,4.3
std-9201,female,group C,associate's degree,1,0,70,23,100,39,232,C,58.0,77.4,2.4
std-9202,female,group A,associate's degree,1,1,37,34,78,76,225,C,56.25,59.9,7.0
std-9203,female,group A,associate's degree,1,1,51,100,74,56,281,B,70.25,78.7,11.7
std-9204,female,group C,high school,1,0,50,80,94,83,307,B,76.75,71.0,4.9
std-9205,female,group C,associate's degree,1,1,69,63,57,80,269,B,67.25,95.1,10.1
std-9206,female,group D,master's degree,0,0,44,71,56,77,248,C,62.0,98.1,5.8
std-9207,female,group C,associate's degree,1,1,55,87,86,83,311,B,77.75,74.3,14.6
std-9208,female,group C,bachelor's degree,1,1,71,47,93,100,311,B,77.75,86.1,10.6
std-9209,female,group A,associate's degree,1,1,72,94,87,83,336,A,84.0,77.2,8.4
std-9210,female,group A,some high school,0,1,60,66,100,59,285,B,71.25,78.9,10.8
std-9211,female,group D,some college,0,1,89,61,74,60,284,B,71.0,97.8,10.9
std-9212,female,group C,bachelor's degree,1,1,62,76,51,71,260,B,65.0,75.4,7.4
std-9213,female,group E,high school,1,1,78,81,55,41,255,B,63.75,76.6,5.4
std-9214,female,group B,some high school,1,1,100,76,100,92,368,A,92.0,80.1,12.3
std-9215,female,group E,master's degree,1,1,59,43,80,54,236,C,59.0,87.9,8.0
std-9216,female,group C,associate's degree,1,1,32,30,64,55,181,D,45.25,43.7,2.7
std-9217,female,group C,associate's degree,0,0,83,79,50,90,302,B,75.5,79.1,7.5
std-9218,female,group C,some high school,0,0,59,66,100,49,274,B,68.5,80.4,4.6
std-9219,female,group B,some high school,0,0,84,59,66,68,277,B,69.25,75.1,2.5
std-9220,female,group E,high school,1,1,50,49,51,65,215,C,53.75,83.7,6.4
std-9221,female,group D,high school,1,1,53,87,82,70,292,B,73.0,93.1,12.4
std-9222,female,group C,some high school,1,0,58,23,74,89,244,C,61.0,65.6,8.5
std-9223,female,group B,some high school,1,0,45,74,82,84,285,B,71.25,100.0,8.8
std-9224,female,group B,associate's degree,1,1,51,51,68,100,270,B,67.5,67.6,9.3
std-9225,female,group C,some college,1,1,70,72,100,74,316,B,79.0,95.8,11.2
std-9226,female,group A,associate's degree,1,0,64,70,72,58,264,B,66.0,81.3,6.2
std-9227,female,group C,high school,1,1,56,74,64,78,272,B,68.0,76.1,5.9
std-9228,female,group B,bachelor's degree,0,1,75,67,92,77,311,B,77.75,80.1,7.3
std-9229,female,group E,high school,0,0,100,95,72,83,350,A,87.5,86.7,6.5
std-9230,female,group E,some high school,0,0,93,48,69,68,278,B,69.5,83.0,9.8
std-9231,female,group E,associate's degree,1,0,63,32,98,67,260,B,65.0,71.3,8.6
std-9232,female,group D,some college,1,0,34,31,100,41,206,C,51.5,73.0,1.9
std-9233,female,group C,some college,1,0,84,64,88,45,281,B,70.25,74.4,6.5
std-9234,female,group E,some college,0,1,68,70,63,40,241,C,60.25,67.1,6.9
std-9235,female,group D,some college,1,0,77,63,71,71,282,B,70.5,74.1,6.0
std-9236,female,group C,some high school,1,0,65,74,70,70,279,B,69.75,70.8,5.0
std-9237,female,group D,some high school,1,0,50,57,71,59,237,C,59.25,73.9,8.9
std-9238,female,group C,some college,1,0,89,79,80,80,328,A,82.0,89.1,7.4
std-9239,female,group C,associate's degree,1,0,62,64,69,87,282,B,70.5,82.5,6.9
std-9241,female,group C,high school,1,0,69,68,49,81,267,B,66.75,98.0,6.6
std-9242,female,group C,associate's degree,1,0,92,64,40,73,269,B,67.25,60.5,3.5
std-9243,female,group A,some college,1,1,57,85,77,66,285,B,71.25,85.9,9.2
std-9244,female,group A,some high school,1,0,95,53,82,48,278,B,69.5,81.2,9.0
std-9245,female,group D,some college,1,0,52,52,63,100,267,B,66.75,87.5,9.7
std-9246,female,group D,some high school,1,0,49,81,38,78,246,C,61.5,84.9,2.7
std-9247,female,group D,some high school,1,0,90,56,85,70,301,B,75.25,81.5,3.1
std-9248,female,group C,high school,0,0,72,77,59,41,249,C,62.25,80.2,5.8
std-9249,female,group C,some college,1,1,45,37,77,71,230,C,57.5,70.4,10.5
std-9250,female,group D,some high school,1,0,67,100,65,62,294,B,73.5,87.9,7.6
std-9251,female,group D,high school,0,0,30,67,94,36,227,C,56.75,60.0,6.8
std-9252,female,group B,some college,1,0,54,79,54,41,228,C,57.0,83.9,1.7
std-9253,female,group C,master's degree,1,1,80,51,84,64,279,B,69.75,81.0,7.4
std-9254,female,group C,some college,0,0,65,89,79,73,306,B,76.5,79.0,1.5
std-9255,female,group C,associate's degree,0,1,70,79,76,92,317,B,79.25,82.2,9.4
std-9256,female,group E,master's degree,1,0,46,100,68,100,314,B,78.5,82.6,1.8
std-9257,female,group C,some high school,1,0,75,71,68,87,301,B,75.25,94.7,10.2
std-9258,female,group E,associate's degree,1,0,64,52,53,64,233,C,58.25,100.0,9.1
std-9259,female,group B,some college,1,0,88,56,98,79,321,A,80.25,95.6,7.7
std-9260,female,group B,some high school,1,1,64,83,66,90,303,B,75.75,78.1,5.6
std-9261,female,group B,high school,1,0,49,92,90,36,267,B,66.75,85.9,7.0
std-9262,female,group A,associate's degree,1,0,95,88,80,42,305,B,76.25,89.4,11.6
std-9263,female,group A,high school,1,0,67,82,76,77,302,B,75.5,74.8,8.1
std-9264,female,group D,high school,1,0,65,57,51,32,205,C,51.25,63.7,7.5
std-9265,female,group E,associate's degree,1,0,73,77,92,100,342,A,85.5,85.8,6.6
std-9266,female,group D,associate's degree,1,0,80,86,63,69,298,B,74.5,90.0,4.6
std-9267,female,group E,high school,0,0,34,90,76,90,290,B,72.5,67.6,6.4
std-9268,female,group E,some college,1,1,37,40,95,98,270,B,67.5,73.9,3.8
std-9269,female,group C,high school,1,0,65,58,75,95,293,B,73.25,87.5,12.3
std-9270,female,group D,bachelor's degree,1,1,31,74,100,74,279,B,69.75,81.6,9.2
std-9271,female,group D,some high school,1,0,66,73,63,36,238,C,59.5,90.5,7.5
std-9272,female,group D,high school,0,1,81,100,55,91,327,A,81.75,72.4,8.8
std-9273,female,group B,some college,0,0,56,89,61,59,265,B,66.25,100.0,2.1
std-9274,female,group E,bachelor's degree,1,0,32,44,38,70,184,D,46.0,59.5,7.7
std-9275,female,group C,some college,1,1,42,81,64,54,241,C,60.25,59.8,5.1
std-9276,female,group B,associate's degree,1,1,100,100,53,61,314,B,78.5,83.5,10.5
std-9277,female,group C,high school,1,1,58,96,100,70,324,A,81.0,74.7,11.0
std-9278,female,group D,associate's degree,1,1,58,51,94,94,297,B,74.25,82.3,9.4
std-9279,female,group C,some college,1,0,51,100,82,100,333,A,83.25,85.0,5.7
std-9281,female,group A,high school,1,1,82,82,58,53,275,B,68.75,79.1,8.4
std-9282,female,group C,associate's degree,1,0,74,91,85,79,329,A,82.25,77.7,5.1
std-9283,female,group D,some college,1,1,33,23,100,82,238,C,59.5,81.7,9.9
std-9284,female,group B,some college,1,0,60,92,68,61,281,B,70.25,78.5,7.8
std-9285,female,group C,associate's degree,1,0,85,50,96,82,313,B,78.25,93.9,7.1
std-9286,female,group E,master's degree,1,0,54,58,77,50,239,C,59.75,76.2,4.0
std-9287,female,group C,bachelor's degree,1,1,89,83,75,76,323,A,80.75,76.1,15.1
std-9288,female,group C,associate's degree,1,1,66,45,53,91,255,B,63.75,64.0,5.0
std-9289,female,group D,high school,1,0,68,88,94,94,344,A,86.0,85.0,4.0
std-9290,female,group E,some college,1,0,62,78,69,81,290,B,72.5,70.7,6.4
std-9291,female,group C,some college,0,0,72,59,41,67,239,C,59.75,65.7,4.7
std-9292,female,group C,master's degree,0,1,27,80,65,68,240,C,60.0,82.7,10.7
std-9293,female,group D,bachelor's degree,1,1,60,57,100,44,261,B,65.25,63.7,10.0
std-9294,female,group B,associate's degree,1,1,81,76,56,48,261,B,65.25,92.4,8.5
std-9295,female,group D,associate's degree,0,1,55,26,15,66,162,D,40.5,72.9,7.3
std-9296,female,group A,some college,1,1,61,54,100,87,302,B,75.5,82.7,10.6
std-9297,female,group C,high school,0,0,39,56,83,58,236,C,59.0,68.3,10.6
std-9298,female,group C,some college,0,0,54,59,71,71,255,B,63.75,86.1,6.4
std-9299,female,group A,master's degree,1,1,49,57,74,58,238,C,59.5,77.8,6.2
std-9300,female,group C,master's degree,1,0,51,74,86,87,298,B,74.5,76.6,7.3
std-9301,female,group C,bachelor's degree,1,0,71,74,100,77,322,A,80.5,86.5,0.8
std-9302,female,group E,some college,0,0,90,90,83,70,333,A,83.25,70.5,7.5
std-9303,female,group E,high school,1,1,72,75,77,63,287,B,71.75,67.1,11.8
std-9304,female,group E,some high school,1,0,48,64,94,82,288,B,72.0,71.8,8.1
std-9305,female,group E,associate's degree,0,1,27,82,49,40,198,D,49.5,77.6,7.7
std-9306,female,group D,bachelor's degree,0,1,59,76,40,72,247,C,61.75,78.5,9.7
std-9307,female,group C,some high school,0,0,55,89,62,81,287,B,71.75,91.3,9.3
std-9308,female,group E,some high school,1,1,73,59,100,87,319,B,79.75,76.2,13.3
std-9309,female,group A,high school,0,0,71,83,26,41,221,C,55.25,81.6,6.1
std-9310,female,group C,associate's degree,1,1,64,100,73,76,313,B,78.25,83.0,8.8
std-9311,female,group C,associate's degree,0,0,67,100,77,75,319,B,79.75,76.0,1.5
std-9312,female,group C,some high school,0,0,57,39,73,73,242,C,60.5,81.6,7.9
std-9313,female,group A,some high school,1,1,64,68,59,86,277,B,69.25,80.4,10.1
std-9314,female,group B,high school,1,1,77,49,74,59,259,B,64.75,73.9,8.7
std-9315,female,group A,some college,1,1,64,45,45,69,223,C,55.75,76.9,5.8
std-9316,female,group D,associate's degree,0,0,34,92,66,57,249,C,62.25,77.5,8.0
std-9317,female,group D,associate's degree,1,0,93,72,95,48,308,B,77.0,82.2,6.4
std-9318,female,group D,some college,1,0,62,76,51,91,280,B,70.0,77.5,6.3
std-9319,female,group C,high school,1,0,73,53,97,60,283,B,70.75,69.8,6.3
std-9320,female,group D,associate's degree,1,0,27,56,85,58,226,C,56.5,77.5,6.2
std-9321,female,group D,associate's degree,0,0,64,100,79,65,308,B,77.0,76.4,4.2
std-9322,female,group C,high school,1,1,68,47,99,53,267,B,66.75,71.0,10.0
std-9323,female,group A,high school,0,0,70,47,79,62,258,B,64.5,77.3,4.0
std-9324,female,group C,high school,1,1,71,92,86,99,348,A,87.0,93.5,8.8
std-9325,female,group C,associate's degree,1,0,72,100,87,96,355,A,88.75,89.1,10.3
std-9326,female,group C,some high school,1,1,54,100,87,86,327,A,81.75,80.4,7.5
std-9327,female,group E,high school,0,1,58,88,73,83,302,B,75.5,77.9,11.6
std-9328,female,group D,associate's degree,1,0,79,74,77,68,298,B,74.5,88.5,7.0
std-9329,female,group D,high school,1,0,36,70,67,76,249,C,62.25,57.1,1.5
std-9330,female,group A,high school,1,0,91,73,97,65,326,A,81.5,92.2,10.9
std-9331,female,group E,bachelor's degree,1,0,97,31,79,37,244,C,61.0,61.4,6.3
std-9332,female,group C,bachelor's degree,1,1,27,94,100,91,312,B,78.0,71.2,10.6
std-9333,female,group E,associate's degree,1,0,31,85,96,72,284,B,71.0,77.0,9.0
std-9334,female,group D,high school,1,1,64,61,82,31,238,C,59.5,97.3,11.6
std-9335,female,group E,some high school,1,0,76,67,94,77,314,B,78.5,99.2,7.7
std-9336,female,group E,high school,0,0,53,61,53,64,231,C,57.75,83.6,6.7
std-9337,female,group D,some high school,0,0,27,89,79,91,286,B,71.5,85.0,7.4
std-9338,female,group D,high school,0,1,79,75,56,88,298,B,74.5,66.0,8.4
std-9339,female,group D,master's degree,1,0,62,59,100,75,296,B,74.0,84.0,2.8
std-9340,female,group D,some high school,1,1,62,78,72,79,291,B,72.75,77.2,9.7
std-9341,female,group C,associate's degree,1,0,63,86,100,63,312,B,78.0,76.6,10.6
std-9342,female,group A,associate's degree,1,1,87,26,55,58,226,C,56.5,78.2,9.0
std-9343,female,group C,bachelor's degree,1,0,49,34,98,40,221,C,55.25,72.1,2.3
std-9344,female,group A,some college,1,1,28,79,87,51,245,C,61.25,86.2,10.8
std-9345,female,group D,high school,1,0,58,100,42,49,249,C,62.25,61.3,4.9
std-9346,female,group E,high school,0,0,60,47,92,74,273,B,68.25,81.4,1.0
std-9347,female,group C,high school,1,0,72,83,34,65,254,B,63.5,71.2,8.3
std-9348,female,group D,associate's degree,1,0,48,73,86,57,264,B,66.0,76.2,3.6
std-9349,female,group D,associate's degree,0,0,83,50,100,75,308,B,77.0,86.3,11.5
std-9350,female,group C,bachelor's degree,0,0,70,72,73,85,300,B,75.0,72.9,9.7
std-9351,female,group E,some college,0,0,48,57,68,60,233,C,58.25,78.9,4.7
std-9352,female,group A,some college,1,0,57,100,76,74,307,B,76.75,81.6,8.1
std-9353,female,group C,high school,1,1,58,51,46,86,241,C,60.25,72.1,14.0
std-9354,female,group D,some college,1,0,93,57,60,67,277,B,69.25,76.8,8.8
std-9355,female,group B,associate's degree,0,0,67,89,59,46,261,B,65.25,78.3,6.5
std-9356,female,group D,some college,0,1,84,82,78,76,320,A,80.0,77.7,17.0
std-9357,female,group B,some college,1,0,66,83,56,63,268,B,67.0,80.3,6.4
std-9358,female,group C,associate's degree,0,0,70,38,99,35,242,C,60.5,75.6,6.9
std-9359,female,group B,associate's degree,1,0,57,47,83,65,252,B,63.0,73.4,3.4
std-9360,female,group B,high school,1,0,46,96,69,57,268,B,67.0,94.6,1.9
std-9361,female,group D,high school,1,0,49,83,80,67,279,B,69.75,84.9,5.6
std-9362,female,group A,associate's degree,1,0,76,68,84,75,303,B,75.75,79.7,7.0
std-9363,female,group E,some high school,1,1,71,82,82,77,312,B,78.0,85.2,10.4
std-9364,female,group B,associate's degree,0,1,59,98,72,64,293,B,73.25,73.1,5.6
std-9365,female,group E,associate's degree,1,0,68,73,59,84,284,B,71.0,77.7,8.1
std-9366,female,group E,associate's degree,1,1,96,51,94,81,322,A,80.5,81.9,7.8
std-9367,female,group B,associate's degree,0,1,59,62,27,33,181,D,45.25,61.8,8.0
std-9368,female,group C,high school,1,1,37,74,93,79,283,B,70.75,85.0,11.3
std-9369,female,group C,some college,1,1,51,37,65,48,201,C,50.25,70.2,6.0
std-9370,female,group C,high school,0,0,58,49,85,56,248,C,62.0,75.4,3.2
std-9371,female,group B,some high school,1,1,39,74,83,64,260,B,65.0,74.5,12.2
std-9372,female,group D,some high school,0,1,69,89,71,72,301,B,75.25,100.0,11.5
std-9373,female,group B,bachelor's degree,1,0,76,45,95,98,314,B,78.5,78.1,7.5
std-9374,female,group A,associate's degree,1,1,28,60,92,68,248,C,62.0,60.0,11.8
std-9375,female,group A,some college,0,1,73,51,58,63,245,C,61.25,64.0,8.2
std-9376,female,group A,bachelor's degree,0,1,86,59,39,55,239,C,59.75,84.7,6.3
std-9377,female,group D,some college,1,0,47,68,46,96,257,B,64.25,91.4,3.3
std-9378,female,group E,associate's degree,1,0,88,66,76,59,289,B,72.25,75.9,6.3
std-9379,female,group D,some college,1,0,60,96,93,99,348,A,87.0,98.4,9.9
std-9380,female,group E,some college,0,0,56,67,100,68,291,B,72.75,88.8,10.1
std-9381,female,group C,some high school,1,1,36,73,75,61,245,C,61.25,76.7,8.1
std-9382,female,group C,master's degree,1,1,60,100,61,50,271,B,67.75,78.2,11.7
std-9383,female,group E,associate's degree,0,0,43,72,87,51,253,B,63.25,80.7,5.2
std-9384,female,group A,associate's degree,1,1,42,71,82,60,255,B,63.75,87.1,6.3
std-9385,female,group D,associate's degree,1,0,59,49,71,70,249,C,62.25,82.3,2.4
std-9386,female,group B,some college,1,0,43,44,59,75,221,C,55.25,70.3,3.7
std-9387,female,group D,some high school,0,0,53,62,83,75,273,B,68.25,79.1,3.0
std-9388,female,group A,associate's degree,1,1,58,96,86,62,302,B,75.5,100.0,14.4
std-9389,female,group C,associate's degree,0,0,37,91,61,85,274,B,68.5,83.0,7.3
std-9390,female,group A,associate's degree,1,1,86,65,51,82,284,B,71.0,89.4,8.7
std-9391,female,group A,some college,1,0,56,65,92,75,288,B,72.0,86.8,10.9
std-9392,female,group A,associate's degree,1,0,73,53,86,37,249,C,62.25,81.2,2.4
std-9393,female,group D,associate's degree,1,0,86,59,82,95,322,A,80.5,85.7,7.0
std-9394,female,group D,some college,1,0,83,54,100,73,310,B,77.5,91.8,12.1
std-9395,female,group A,high school,1,0,68,84,77,27,256,B,64.0,85.7,5.4
std-9396,female,group C,master's degree,0,0,77,64,74,75,290,B,72.5,84.5,12.7
std-9397,female,group C,some high school,0,0,63,76,55,80,274,B,68.5,74.5,8.2
std-9398,female,group C,bachelor's degree,1,1,94,77,51,75,297,B,74.25,86.1,12.5
std-9399,female,group D,bachelor's degree,1,0,67,100,85,64,316,B,79.0,83.6,10.5
std-9400,female,group B,high school,0,0,59,91,99,45,294,B,73.5,79.6,6.7
std-9401,female,group B,bachelor's degree,1,1,92,96,74,80,342,A,85.5,100.0,9.1
std-9402,female,group A,associate's degree,0,1,48,93,80,86,307,B,76.75,69.6,9.2
std-9403,female,group C,high school,1,0,47,100,55,74,276,B,69.0,89.6,3.8
std-9404,female,group E,some college,1,1,83,56,68,47,254,B,63.5,71.3,8.1
std-9405,female,group B,associate's degree,0,1,74,76,95,91,336,A,84.0,87.1,10.2
std-9406,female,group C,some college,1,0,65,100,68,79,312,B,78.0,100.0,11.3
std-9407,female,group E,high school,1,1,53,48,45,80,226,C,56.5,68.1,9.1
std-9408,female,group C,some high school,1,0,63,45,89,68,265,B,66.25,73.5,11.9
std-9409,female,group C,high school,0,0,32,35,78,60,205,C,51.25,74.9,0.0
std-9410,female,group B,some college,0,1,59,94,95,62,310,B,77.5,76.1,6.5
std-9411,female,group A,associate's degree,1,0,64,81,42,64,251,B,62.75,86.8,4.8
std-9412,female,group A,some college,1,0,27,63,84,66,240,C,60.0,73.1,9.1
std-9413,female,group D,high school,1,1,61,54,81,63,259,B,64.75,85.4,8.1
std-9414,female,group E,some college,1,0,63,86,75,62,286,B,71.5,69.8,2.8
std-9415,female,group A,bachelor's degree,0,1,100,82,65,46,293,B,73.25,66.1,8.6
std-9416,female,group C,bachelor's degree,1,0,69,69,68,66,272,B,68.0,78.5,3.2
std-9417,female,group E,some college,1,0,27,73,100,63,263,B,65.75,65.7,2.5
std-9418,female,group A,some college,1,1,78,81,45,72,276,B,69.0,94.6,13.8
std-9419,female,group B,some high school,1,0,54,80,81,78,293,B,73.25,68.6,5.8
std-9420,female,group E,master's degree,0,1,39,100,97,78,314,B,78.5,74.7,10.1
std-9421,female,group B,some college,1,1,81,56,99,69,305,B,76.25,87.1,9.2
std-9422,female,group C,high school,1,0,65,90,67,80,302,B,75.5,77.8,6.3
std-9423,female,group D,bachelor's degree,0,1,80,59,79,78,296,B,74.0,68.9,7.1
std-9424,female,group C,master's degree,1,1,47,98,39,59,243,C,60.75,96.6,7.2
std-9425,female,group B,bachelor's degree,1,0,86,66,96,71,319,B,79.75,75.5,8.1
std-9426,female,group A,some college,0,0,47,49,71,53,220,C,55.0,74.5,8.5
std-9427,female,group A,high school,1,1,51,69,74,41,235,C,58.75,75.7,10.2
std-9428,female,group D,high school,1,0,64,85,70,75,294,B,73.5,88.8,3.6
std-9429,female,group A,bachelor's degree,0,0,76,50,96,76,298,B,74.5,86.9,9.3
std-9430,female,group E,some college,0,0,50,50,68,97,265,B,66.25,72.6,7.2
std-9431,female,group D,associate's degree,1,0,71,45,81,63,260,B,65.0,76.7,4.3
std-9432,female,group B,associate's degree,1,0,60,38,84,87,269,B,67.25,78.3,6.6
std-9433,female,group E,associate's degree,1,1,83,41,79,68,271,B,67.75,87.3,10.1
std-9434,female,group E,high school,0,0,85,34,76,75,270,B,67.5,69.9,6.2
std-9435,female,group A,associate's degree,0,0,30,58,70,47,205,C,51.25,93.2,5.8
std-9436,female,group D,some high school,1,1,85,70,79,89,323,A,80.75,78.0,7.7
std-9437,female,group B,some high school,1,0,61,92,69,83,305,B,76.25,83.2,11.9
std-9438,female,group A,associate's degree,0,1,91,94,67,53,305,B,76.25,72.9,4.6
std-9439,female,group C,some high school,0,0,66,69,62,78,275,B,68.75,69.2,7.7
std-9440,female,group E,bachelor's degree,1,0,85,96,63,71,315,B,78.75,76.3,8.1
std-9441,female,group A,some high school,1,0,58,34,76,77,245,C,61.25,69.6,7.1
std-9442,female,group C,bachelor's degree,0,0,27,95,69,79,270,B,67.5,76.7,4.4
std-9443,female,group C,high school,0,0,59,63,76,71,269,B,67.25,71.5,9.0
std-9444,female,group C,associate's degree,0,1,51,47,100,54,252,B,63.0,85.2,7.9
std-9445,female,group D,bachelor's degree,1,1,58,23,97,73,251,B,62.75,71.8,5.2
std-9446,female,group D,some college,0,0,51,89,73,39,252,B,63.0,70.9,3.0
std-9447,female,group D,associate's degree,0,1,72,84,88,82,326,A,81.5,81.5,10.3
std-9448,female,group C,some college,1,0,27,73,71,81,252,B,63.0,87.9,1.7
std-9449,female,group E,master's degree,0,0,78,62,100,62,302,B,75.5,85.0,11.4
std-9450,female,group A,associate's degree,0,0,91,70,83,82,326,A,81.5,84.2,10.1
std-9451,female,group C,master's degree,0,0,67,25,93,58,243,C,60.75,65.3,10.1
std-9452,female,group E,some high school,0,0,43,83,79,50,255,B,63.75,68.9,10.1
std-9453,female,group C,some college,1,0,92,83,74,86,335,A,83.75,74.3,6.8
std-9454,female,group A,bachelor's degree,0,0,65,58,44,79,246,C,61.5,90.2,3.4
std-9455,female,group C,bachelor's degree,1,1,83,77,80,50,290,B,72.5,86.9,2.4
std-9456,female,group B,some high school,1,0,59,99,72,92,322,A,80.5,77.0,6.3
std-9457,female,group A,associate's degree,0,0,100,75,69,49,293,B,73.25,77.3,11.1
std-9458,female,group D,some high school,0,1,76,58,59,39,232,C,58.0,69.9,5.7
std-9459,female,group C,high school,1,0,30,40,72,65,207,C,51.75,67.2,4.1
std-9460,female,group C,master's degree,1,0,70,74,99,52,295,B,73.75,86.6,5.3
std-9461,female,group D,master's degree,1,0,61,79,92,56,288,B,72.0,79.3,7.5
std-9462,female,group E,some high school,1,0,65,89,90,61,305,B,76.25,100.0,10.2
std-9463,female,group E,some college,1,0,84,58,86,60,288,B,72.0,93.2,2.7
std-9464,female,group D,some college,1,1,96,50,68,73,287,B,71.75,93.6,5.7
std-9465,female,group E,associate's degree,1,0,58,61,80,79,278,B,69.5,87.1,10.0
std-9466,female,group A,master's degree,0,1,92,63,57,64,276,B,69.0,77.1,10.6
std-9467,female,group A,high school,0,0,57,56,97,99,309,B,77.25,89.0,6.4
std-9468,female,group E,high school,0,0,83,96,95,23,297,B,74.25,79.5,11.0
std-9469,female,group D,associate's degree,1,1,65,72,85,40,262,B,65.5,94.4,5.0
std-9470,female,group D,associate's degree,1,0,69,59,53,77,258,B,64.5,83.1,8.2
std-9471,female,group A,some college,1,0,100,79,95,71,345,A,86.25,89.0,7.7
std-9472,female,group C,bachelor's degree,1,1,27,90,87,100,304,B,76.0,84.4,10.9
std-9473,female,group B,master's degree,1,0,38,62,55,76,231,C,57.75,92.9,0.0
std-9474,female,group A,some high school,0,0,45,86,68,57,256,B,64.0,66.4,5.1
std-9475,female,group A,master's degree,1,0,80,66,75,73,294,B,73.5,99.0,8.5
std-9476,female,group A,master's degree,0,1,45,41,83,35,204,C,51.0,73.3,6.9
std-9477,female,group A,high school,1,1,76,44,64,61,245,C,61.25,65.7,11.2
std-9478,female,group E,high school,1,1,45,51,75,48,219,C,54.75,69.4,10.5
std-9479,female,group D,master's degree,0,0,77,67,53,72,269,B,67.25,65.5,3.7
std-9480,female,group A,high school,0,0,93,67,81,97,338,A,84.5,91.9,9.8
std-9481,female,group E,associate's degree,0,0,58,29,64,65,216,C,54.0,66.6,2.4
std-9482,female,group D,some high school,1,0,78,45,97,80,300,B,75.0,84.4,7.0
std-9483,female,group D,some college,1,0,48,100,77,52,277,B,69.25,91.2,7.9
std-9484,female,group B,some college,0,0,51,42,100,88,281,B,70.25,75.3,4.3
std-9485,female,group C,bachelor's degree,1,1,27,75,76,81,259,B,64.75,77.1,10.3
std-9486,female,group D,some high school,1,0,42,91,92,50,275,B,68.75,69.1,5.0
std-9487,female,group D,some college,1,1,52,33,71,91,247,C,61.75,75.0,6.6
std-9488,female,group E,some high school,1,1,76,32,68,63,239,C,59.75,100.0,9.7
std-9489,female,group C,some high school,0,0,47,63,100,71,281,B,70.25,88.3,4.3
std-9490,female,group B,some college,1,1,61,83,80,70,294,B,73.5,80.0,7.0
std-9491,female,group D,bachelor's degree,0,1,66,61,100,60,287,B,71.75,76.3,11.6
std-9492,female,group E,associate's degree,1,1,46,97,98,84,325,A,81.25,84.6,10.2
std-9493,female,group A,bachelor's degree,1,0,80,92,88,77,337,A,84.25,87.1,4.1
std-9494,female,group D,associate's degree,1,1,58,79,95,62,294,B,73.5,78.6,11.3
std-9495,female,group B,some high school,1,0,60,56,93,42,251,B,62.75,83.6,4.7
std-9496,female,group C,some college,1,1,78,97,47,56,278,B,69.5,72.5,5.3
std-9497,female,group D,high school,1,0,54,32,34,32,152,D,38.0,62.0,0.0
std-9498,female,group C,bachelor's degree,1,0,73,90,93,66,322,A,80.5,88.1,9.6
std-9499,female,group B,some high school,1,0,67,48,91,86,292,B,73.0,71.7,4.5
std-9500,female,group A,some college,0,0,40,75,63,99,277,B,69.25,87.6,3.2
std-9501,female,group C,bachelor's degree,1,0,77,96,67,100,340,A,85.0,86.1,9.4
std-9502,female,group D,master's degree,1,1,27,92,60,80,259,B,64.75,63.1,10.4
std-9503,female,group A,associate's degree,0,1,44,98,80,54,276,B,69.0,81.9,6.8
std-9504,female,group A,bachelor's degree,1,0,69,71,69,70,279,B,69.75,66.0,8.6
std-9505,female,group B,some high school,1,0,27,94,51,76,248,C,62.0,84.9,10.7
std-9506,female,group D,bachelor's degree,1,0,79,42,82,46,249,C,62.25,76.5,9.0
std-9507,female,group A,bachelor's degree,0,1,53,37,73,38,201,C,50.25,91.4,10.0
std-9508,female,group D,high school,1,0,79,100,100,99,378,A,94.5,99.0,9.5
std-9509,female,group D,associate's degree,1,0,100,68,76,38,282,B,70.5,71.9,5.3
std-9510,female,group D,associate's degree,0,0,64,69,65,64,262,B,65.5,61.6,5.8
std-9511,female,group C,high school,1,1,51,99,61,51,262,B,65.5,73.0,9.5
std-9512,female,group D,bachelor's degree,1,0,46,51,55,66,218,C,54.5,65.1,1.8
std-9513,female,group E,high school,0,1,65,48,45,57,215,C,53.75,92.3,5.4
std-9514,female,group D,associate's degree,1,0,90,45,100,81,316,B,79.0,84.1,3.6
std-9515,female,group A,bachelor's degree,1,0,63,54,89,39,245,C,61.25,86.8,6.1
std-9516,female,group D,high school,1,0,100,56,37,69,262,B,65.5,77.2,6.1
std-9517,female,group E,some college,1,0,47,77,100,69,293,B,73.25,80.7,5.0
std-9518,female,group C,some college,1,0,100,86,100,64,350,A,87.5,86.8,10.1
std-9519,female,group D,some high school,0,0,60,53,88,52,253,B,63.25,89.0,3.1
std-9520,female,group D,some high school,1,0,86,35,70,34,225,C,56.25,79.5,3.3
std-9521,female,group E,some high school,1,1,67,62,70,65,264,B,66.0,70.4,10.4
std-9522,female,group A,some high school,1,1,82,50,74,60,266,B,66.5,94.7,10.9
std-9523,female,group C,bachelor's degree,1,0,69,61,65,50,245,C,61.25,75.7,3.5
std-9524,female,group C,associate's degree,1,0,65,61,65,55,246,C,61.5,74.3,6.1
std-9525,female,group A,high school,1,1,83,51,65,68,267,B,66.75,54.7,6.6
std-9526,female,group D,some high school,0,1,57,55,87,32,231,C,57.75,82.9,7.2
std-9527,female,group D,associate's degree,1,0,32,38,100,60,230,C,57.5,78.0,5.5
std-9528,female,group D,associate's degree,1,0,28,75,85,81,269,B,67.25,81.2,7.5
std-9529,female,group A,bachelor's degree,0,0,27,40,80,49,196,D,49.0,70.7,5.2
std-9530,female,group A,high school,0,1,70,51,88,71,280,B,70.0,76.1,9.5
std-9531,female,group B,high school,1,0,47,80,89,79,295,B,73.75,79.2,4.0
std-9532,female,group A,some college,1,1,68,63,64,60,255,B,63.75,83.4,9.2
std-9533,female,group C,some high school,0,1,40,88,96,89,313,B,78.25,89.7,11.0
std-9534,female,group E,master's degree,1,0,56,88,69,61,274,B,68.5,78.7,7.9
std-9535,female,group D,high school,0,0,76,66,68,35,245,C,61.25,86.9,3.7
std-9536,female,group E,some college,1,0,78,76,93,67,314,B,78.5,83.4,9.5
std-9537,female,group A,some high school,1,1,67,100,45,72,284,B,71.0,77.1,5.7
std-9538,female,group D,high school,1,0,72,57,80,86,295,B,73.75,84.3,5.6
std-9539,female,group C,some college,1,0,51,95,96,82,324,A,81.0,72.7,6.7
std-9540,female,group E,high school,1,1,69,100,76,71,316,B,79.0,86.3,6.6
std-9541,female,group E,high school,1,0,27,62,85,80,254,B,63.5,65.2,5.0
std-9542,female,group C,some high school,0,0,62,100,69,81,312,B,78.0,74.7,7.7
std-9543,female,group C,high school,0,1,89,100,80,77,346,A,86.5,68.6,5.9
std-9544,female,group C,some high school,1,1,75,82,86,66,309,B,77.25,82.1,8.6
std-9545,female,group A,bachelor's degree,0,0,72,47,65,75,259,B,64.75,94.0,1.5
std-9546,female,group C,some college,1,1,79,78,41,74,272,B,68.0,79.5,13.8
std-9547,female,group D,associate's degree,1,0,48,77,87,59,271,B,67.75,86.3,6.7
std-9548,female,group D,associate's degree,1,0,66,53,87,40,246,C,61.5,99.6,5.9
std-9549,female,group A,associate's degree,1,0,57,71,77,76,281,B,70.25,85.0,7.0
std-9550,female,group D,high school,0,0,93,71,65,67,296,B,74.0,75.7,8.2
std-9551,female,group E,associate's degree,1,1,70,67,69,69,275,B,68.75,75.2,11.2
std-9552,female,group D,bachelor's degree,1,1,65,33,69,49,216,C,54.0,76.0,3.4
std-9553,female,group C,some college,1,1,55,82,65,66,268,B,67.0,74.6,11.9
std-9554,female,group B,some high school,0,1,82,75,46,63,266,B,66.5,75.1,11.6
std-9555,female,group A,some college,0,1,61,77,54,65,257,B,64.25,88.2,8.2
std-9556,female,group D,high school,1,1,72,80,99,71,322,A,80.5,94.0,9.6
std-9557,female,group B,high school,1,1,55,56,100,88,299,B,74.75,68.0,1.6
std-9558,female,group D,some high school,1,1,31,61,86,83,261,B,65.25,72.3,5.3
std-9559,female,group B,high school,1,1,65,79,65,86,295,B,73.75,78.3,10.5
std-9560,female,group D,high school,1,0,65,79,60,74,278,B,69.5,86.5,9.3
std-9561,female,group D,bachelor's degree,1,0,65,43,100,54,262,B,65.5,90.1,7.8
std-9562,female,group D,bachelor's degree,1,1,80,41,71,84,276,B,69.0,100.0,8.6
std-9563,female,group B,some high school,0,0,59,65,77,58,259,B,64.75,75.3,10.7
std-9564,female,group E,master's degree,0,1,45,50,94,82,271,B,67.75,76.8,11.2
std-9565,female,group D,associate's degree,1,0,42,68,85,76,271,B,67.75,85.8,5.2
std-9566,female,group B,associate's degree,0,1,79,83,81,34,277,B,69.25,74.9,14.2
std-9567,female,group A,some high school,0,0,27,74,64,86,251,B,62.75,77.6,2.9
std-9568,female,group A,associate's degree,1,0,65,65,78,60,268,B,67.0,76.5,2.4
std-9569,female,group A,some high school,0,0,53,73,100,43,269,B,67.25,56.8,5.0
std-9570,female,group D,bachelor's degree,1,0,76,59,85,50,270,B,67.5,81.5,4.2
std-9571,female,group C,some high school,1,0,72,72,89,49,282,B,70.5,79.8,5.5
std-9572,female,group A,high school,1,1,61,59,86,74,280,B,70.0,92.7,10.9
std-9573,female,group B,bachelor's degree,1,1,73,87,73,80,313,B,78.25,84.0,9.6
std-9574,female,group A,master's degree,1,0,100,57,58,26,241,C,60.25,66.7,5.4
std-9575,female,group A,bachelor's degree,0,1,78,61,86,89,314,B,78.5,81.7,9.8
std-9576,female,group D,high school,0,1,55,80,56,88,279,B,69.75,62.4,3.1
std-9577,female,group D,high school,1,1,100,100,52,74,326,A,81.5,74.2,6.2
std-9578,female,group D,some college,0,1,93,68,53,82,296,B,74.0,88.3,8.3
std-9579,female,group D,some college,0,1,63,93,70,61,287,B,71.75,79.6,6.9
std-9580,female,group B,high school,1,1,48,92,71,68,279,B,69.75,89.5,8.3
std-9581,female,group C,associate's degree,1,0,70,77,67,60,274,B,68.5,63.1,9.7
std-9582,female,group C,associate's degree,1,1,57,54,64,46,221,C,55.25,74.2,7.3
std-9583,female,group D,associate's degree,1,0,75,49,59,88,271,B,67.75,76.2,2.8
std-9584,female,group A,bachelor's degree,1,0,86,38,55,65,244,C,61.0,86.9,3.5
std-9585,female,group B,some college,1,0,100,78,90,61,329,A,82.25,91.4,11.8
std-9586,female,group A,bachelor's degree,1,0,49,100,86,75,310,B,77.5,89.5,10.9
std-9587,female,group B,some high school,1,0,69,72,83,71,295,B,73.75,96.4,8.2
std-9588,female,group B,high school,0,0,48,71,75,85,279,B,69.75,77.9,2.4
std-9589,female,group B,high school,1,1,28,77,77,87,269,B,67.25,92.4,9.4
std-9590,female,group A,high school,1,1,74,56,100,98,328,A,82.0,75.8,11.0
std-9591,female,group E,some college,1,1,49,95,94,89,327,A,81.75,75.4,10.0
std-9592,female,group C,associate's degree,1,0,45,74,74,91,284,B,71.0,88.4,5.0
std-9593,female,group B,some college,1,1,54,94,100,73,321,A,80.25,71.1,8.9
std-9594,female,group D,some college,0,0,92,65,69,77,303,B,75.75,88.3,5.3
std-9595,female,group D,high school,1,0,41,100,59,77,277,B,69.25,81.9,3.4
std-9596,female,group B,associate's degree,0,1,93,80,69,60,302,B,75.5,92.7,12.8
std-9597,female,group C,associate's degree,0,0,73,68,100,52,293,B,73.25,81.8,8.9
std-9598,female,group D,master's degree,0,1,67,66,78,37,248,C,62.0,79.1,7.4
std-9599,female,group C,associate's degree,1,0,71,69,77,93,310,B,77.5,88.3,7.9
std-9600,female,group D,associate's degree,1,1,92,46,63,97,298,B,74.5,76.8,10.3
std-9601,female,group A,high school,1,0,59,66,86,80,291,B,72.75,75.8,12.5
std-9602,female,group C,bachelor's degree,1,1,89,85,56,73,303,B,75.75,87.4,11.6
std-9603,female,group C,high school,1,0,86,77,81,67,311,B,77.75,83.6,9.2
std-9604,female,group A,associate's degree,1,0,35,81,74,41,231,C,57.75,73.5,5.3
std-9605,female,group E,bachelor's degree,0,0,71,71,90,77,309,B,77.25,82.9,6.0
std-9606,female,group E,some high school,0,1,47,98,77,68,290,B,72.5,96.4,12.6
std-9607,female,group E,master's degree,0,0,88,84,66,71,309,B,77.25,79.7,8.7
std-9608,female,group E,high school,0,1,27,100,58,89,274,B,68.5,76.5,6.6
std-9609,female,group D,associate's degree,1,0,61,62,82,68,273,B,68.25,65.3,7.3
std-9610,female,group A,some college,0,0,60,47,80,57,244,C,61.0,77.9,7.6
std-9611,female,group D,master's degree,1,0,52,82,57,69,260,B,65.0,85.5,0.6
std-9612,female,group A,some high school,0,0,51,86,72,55,264,B,66.0,87.5,3.7
std-9613,female,group C,master's degree,0,0,70,53,80,59,262,B,65.5,80.7,6.8
std-9614,female,group C,associate's degree,1,1,63,72,85,87,307,B,76.75,92.1,4.7
std-9615,female,group D,high school,1,0,71,59,80,69,279,B,69.75,87.8,1.9
std-9616,female,group B,some college,1,0,32,63,78,77,250,B,62.5,88.8,5.0
std-9617,female,group D,bachelor's degree,1,0,65,48,54,60,227,C,56.75,85.7,6.3
std-9618,female,group E,associate's degree,1,0,59,56,68,77,260,B,65.0,93.7,7.2
std-9619,female,group C,some high school,1,0,59,62,91,77,289,B,72.25,80.5,10.5
std-9620,female,group C,some high school,1,1,86,24,94,54,258,B,64.5,67.5,8.5
std-9621,female,group A,high school,1,1,63,80,80,61,284,B,71.0,87.6,8.0
std-9622,female,group B,some high school,1,1,83,81,79,48,291,B,72.75,89.2,5.9
std-9623,female,group C,some high school,1,0,70,79,87,96,332,A,83.0,99.7,6.6
std-9624,female,group E,some high school,1,0,27,79,67,78,251,B,62.75,90.4,7.4
std-9625,female,group D,high school,1,1,51,54,47,44,196,D,49.0,91.8,8.8
std-9626,female,group A,master's degree,1,1,65,71,71,55,262,B,65.5,85.3,9.1
std-9627,female,group C,some high school,1,0,27,100,63,100,290,B,72.5,84.1,8.0
std-9628,female,group C,some high school,1,0,80,60,82,58,280,B,70.0,68.8,9.6
std-9629,female,group E,some high school,1,0,33,45,97,61,236,C,59.0,80.4,5.5
std-9630,female,group B,bachelor's degree,0,0,77,81,75,55,288,B,72.0,76.9,10.0
std-9631,female,group D,some high school,1,1,60,80,100,87,327,A,81.75,87.1,8.2
std-9632,female,group C,some high school,1,0,44,90,98,59,291,B,72.75,82.7,6.4
std-9633,female,group D,associate's degree,1,1,44,42,45,75,206,C,51.5,79.4,5.9
std-9634,female,group C,some high school,1,1,44,72,64,63,243,C,60.75,77.3,10.0
std-9635,female,group D,associate's degree,0,0,76,67,89,81,313,B,78.25,92.4,4.6
std-9636,female,group D,high school,0,0,70,51,71,67,259,B,64.75,55.0,5.1
std-9637,female,group D,high school,0,0,32,53,100,65,250,B,62.5,80.5,1.0
std-9638,female,group C,high school,0,0,71,28,88,58,245,C,61.25,89.2,7.0
std-9639,female,group B,some high school,1,0,79,44,79,71,273,B,68.25,97.5,9.3
std-9640,female,group A,associate's degree,1,0,44,57,100,60,261,B,65.25,86.3,8.2
std-9641,female,group C,some high school,1,0,85,71,84,50,290,B,72.5,97.3,8.6
std-9642,female,group C,some college,1,1,34,39,86,59,218,C,54.5,77.7,9.5
std-9643,female,group B,high school,1,0,28,55,87,98,268,B,67.0,80.3,7.8
std-9644,female,group E,associate's degree,1,0,69,95,68,100,332,A,83.0,90.3,9.1
std-9645,female,group A,bachelor's degree,1,0,66,32,70,84,252,B,63.0,78.9,7.4
std-9646,female,group C,some college,0,0,100,60,79,100,339,A,84.75,79.1,6.1
std-9647,female,group E,associate's degree,1,1,82,73,79,50,284,B,71.0,77.0,8.5
std-9648,female,group C,associate's degree,0,0,45,92,69,25,231,C,57.75,67.2,5.4
std-9649,female,group D,some high school,0,0,74,68,76,67,285,B,71.25,86.4,5.6
std-9650,female,group C,some college,1,1,58,50,75,88,271,B,67.75,80.6,4.7
std-9651,female,group E,high school,1,0,75,58,63,78,274,B,68.5,77.5,3.1
std-9652,female,group C,high school,0,0,44,82,73,67,266,B,66.5,75.0,6.6
std-9653,female,group D,high school,1,1,57,83,69,82,291,B,72.75,86.7,11.4
std-9654,female,group D,some college,1,1,68,55,66,84,273,B,68.25,87.7,8.7
std-9655,female,group A,high school,0,0,72,91,77,82,322,A,80.5,74.6,14.3
std-9656,female,group A,high school,1,1,83,100,71,73,327,A,81.75,73.6,7.7
std-9657,female,group C,high school,1,1,68,71,58,62,259,B,64.75,88.1,9.5
std-9658,female,group B,high school,1,0,71,53,45,58,227,C,56.75,64.5,8.3
std-9659,female,group D,high school,1,0,85,92,88,83,348,A,87.0,91.8,10.6
std-9660,female,group C,bachelor's degree,1,1,83,41,100,56,280,B,70.0,95.8,10.5
std-9661,female,group E,high school,1,0,99,86,89,84,358,A,89.5,100.0,10.9
std-9662,female,group B,master's degree,0,0,40,63,82,65,250,B,62.5,85.4,5.8
std-9663,female,group C,high school,1,0,46,54,74,47,221,C,55.25,82.8,9.1
std-9664,female,group B,associate's degree,1,0,62,56,59,43,220,C,55.0,96.6,8.1
std-9665,female,group D,some college,0,0,81,66,92,41,280,B,70.0,60.3,4.2
std-9666,female,group C,associate's degree,1,0,36,70,100,63,269,B,67.25,76.2,6.9
std-9667,female,group D,some college,1,0,29,70,92,94,285,B,71.25,89.3,2.6
std-9668,female,group C,some college,1,0,45,71,55,59,230,C,57.5,74.1,9.0
std-9669,female,group D,some college,0,1,56,58,85,86,285,B,71.25,92.8,9.5
std-9670,female,group D,some high school,1,1,71,52,82,73,278,B,69.5,80.7,12.2
std-9671,female,group C,associate's degree,0,0,60,80,73,61,274,B,68.5,81.9,5.9
std-9672,female,group C,some college,1,0,76,55,59,59,249,C,62.25,76.2,1.0
std-9673,female,group B,high school,1,0,68,82,55,53,258,B,64.5,74.7,12.4
std-9674,female,group C,associate's degree,1,0,42,93,76,68,279,B,69.75,76.3,6.7
std-9675,female,group E,some high school,0,0,63,50,41,65,219,C,54.75,78.7,2.4
std-9676,female,group B,some high school,0,1,84,74,74,75,307,B,76.75,76.5,12.4
std-9677,female,group C,associate's degree,1,1,59,86,92,59,296,B,74.0,91.2,14.3
std-9678,female,group E,high school,1,1,64,82,57,48,251,B,62.75,84.7,7.7
std-9679,female,group B,high school,0,0,60,79,71,84,294,B,73.5,92.3,6.4
std-9680,female,group B,some high school,0,1,34,85,85,69,273,B,68.25,70.5,9.3
std-9681,female,group E,some college,1,0,74,41,80,89,284,B,71.0,66.3,3.7
std-9682,female,group E,some high school,1,0,69,49,50,82,250,B,62.5,78.7,3.9
std-9683,female,group C,bachelor's degree,1,1,48,92,86,85,311,B,77.75,100.0,14.0
std-9684,female,group D,associate's degree,1,1,73,100,43,72,288,B,72.0,93.3,8.7
std-9685,female,group B,high school,1,0,90,98,70,67,325,A,81.25,80.0,5.3
std-9686,female,group C,some high school,0,0,77,53,100,47,277,B,69.25,84.8,5.2
std-9687,female,group D,some college,1,1,72,100,86,62,320,A,80.0,91.1,12.5
std-9688,female,group E,bachelor's degree,0,0,34,78,83,83,278,B,69.5,68.8,1.4
std-9689,female,group D,some college,1,1,71,45,79,52,247,C,61.75,90.9,8.7
std-9690,female,group E,associate's degree,1,1,80,57,74,93,304,B,76.0,81.7,15.6
std-9691,female,group A,some high school,1,1,56,68,66,79,269,B,67.25,79.5,13.7
std-9692,female,group C,bachelor's degree,0,0,65,73,64,91,293,B,73.25,82.5,8.1
std-9693,female,group E,master's degree,1,0,64,100,61,82,307,B,76.75,93.8,10.3
std-9694,female,group C,master's degree,1,1,67,89,83,62,301,B,75.25,76.2,12.6
std-9695,female,group C,some college,1,0,92,82,53,57,284,B,71.0,66.2,6.1
std-9696,female,group E,high school,0,0,63,65,78,54,260,B,65.0,82.5,8.2
std-9697,female,group E,some high school,0,0,61,99,80,68,308,B,77.0,65.2,11.5
std-9698,female,group A,bachelor's degree,0,0,71,25,78,56,230,C,57.5,74.4,2.0
std-9699,female,group E,associate's degree,1,0,79,60,66,48,253,B,63.25,89.7,7.2
std-9700,female,group C,master's degree,1,1,27,98,90,87,302,B,75.5,88.3,10.3
std-9701,female,group D,bachelor's degree,1,0,64,54,64,68,250,B,62.5,88.2,5.9
std-9702,female,group C,some high school,1,0,58,90,99,77,324,A,81.0,90.5,7.4
std-9703,female,group B,associate's degree,0,0,63,96,71,85,315,B,78.75,100.0,7.8
std-9704,female,group A,some college,0,0,58,61,83,68,270,B,67.5,75.1,6.9
std-9705,female,group C,bachelor's degree,1,0,42,82,60,87,271,B,67.75,84.1,8.9
std-9706,female,group C,high school,1,1,54,74,79,47,254,B,63.5,75.2,9.4
std-9707,female,group D,associate's degree,0,0,76,49,80,66,271,B,67.75,89.1,5.7
std-9708,female,group D,bachelor's degree,0,0,27,84,85,51,247,C,61.75,78.0,3.5
std-9709,female,group D,high school,0,0,57,79,76,55,267,B,66.75,95.7,4.9
std-9710,female,group D,some college,1,1,65,94,80,32,271,B,67.75,75.7,9.3
std-9711,female,group B,associate's degree,1,0,45,80,98,54,277,B,69.25,93.7,4.5
std-9712,female,group B,associate's degree,0,0,58,36,62,48,204,C,51.0,80.3,6.9
std-9713,female,group B,associate's degree,1,0,76,68,87,46,277,B,69.25,80.7,7.4
std-9714,female,group D,some college,1,0,28,50,96,34,208,C,52.0,80.2,7.5
std-9715,female,group C,high school,1,1,86,65,40,86,277,B,69.25,83.4,7.2
std-9716,female,group B,high school,0,0,49,80,86,66,281,B,70.25,84.5,4.3
std-9717,female,group C,high school,0,0,90,51,77,75,293,B,73.25,80.5,9.5
std-9718,female,group C,some college,0,1,27,53,99,94,273,B,68.25,74.4,9.0
std-9719,female,group A,associate's degree,1,0,99,66,79,60,304,B,76.0,80.2,6.4
std-9720,female,group D,bachelor's degree,1,0,79,77,95,60,311,B,77.75,68.7,8.8
std-9721,female,group C,high school,1,0,63,51,62,69,245,C,61.25,85.9,7.2
std-9722,female,group A,some college,1,0,48,72,69,60,249,C,62.25,67.6,2.5
std-9723,female,group E,high school,0,0,50,56,84,41,231,C,57.75,75.2,8.7
std-9724,female,group C,some high school,1,1,54,62,96,39,251,B,62.75,84.7,7.1
std-9725,female,group C,associate's degree,1,0,68,52,60,51,231,C,57.75,84.8,9.5
std-9726,female,group B,high school,1,1,69,70,100,57,296,B,74.0,66.6,5.9
std-9727,female,group E,some college,1,0,87,32,90,76,285,B,71.25,80.8,7.3
std-9728,female,group C,some college,0,0,76,80,100,70,326,A,81.5,89.2,7.0
std-9729,female,group C,some college,1,0,80,100,62,81,323,A,80.75,85.3,2.4
std-9730,female,group B,some high school,1,0,86,82,60,46,274,B,68.5,92.9,7.9
std-9731,female,group E,some high school,0,1,51,36,81,50,218,C,54.5,68.7,2.6
std-9732,female,group D,bachelor's degree,0,1,68,85,59,76,288,B,72.0,63.5,8.3
std-9733,female,group C,some college,1,0,43,80,90,63,276,B,69.0,88.2,9.0
std-9734,female,group B,associate's degree,1,1,42,48,100,57,247,C,61.75,73.7,6.8
std-9735,female,group E,associate's degree,1,0,64,41,97,75,277,B,69.25,65.2,4.0
std-9736,female,group D,high school,1,1,53,72,50,55,230,C,57.5,75.7,9.7
std-9737,female,group E,associate's degree,1,0,73,70,84,81,308,B,77.0,94.7,6.4
std-9738,female,group D,associate's degree,1,0,83,66,50,62,261,B,65.25,68.3,4.9
std-9739,female,group E,some high school,0,0,94,56,82,84,316,B,79.0,100.0,10.4
std-9740,female,group E,bachelor's degree,1,0,63,83,83,76,305,B,76.25,75.8,4.0
std-9741,female,group D,bachelor's degree,0,0,34,30,77,65,206,C,51.5,75.9,3.5
std-9742,female,group D,some college,1,0,57,66,76,80,279,B,69.75,70.2,8.5
std-9743,female,group B,associate's degree,1,0,51,67,77,93,288,B,72.0,82.3,3.5
std-9744,female,group C,some college,1,1,79,90,74,39,282,B,70.5,80.2,13.3
std-9745,female,group E,some high school,1,0,47,51,84,77,259,B,64.75,66.1,5.3
std-9746,female,group B,master's degree,1,1,49,89,57,68,263,B,65.75,100.0,10.6
std-9747,female,group C,bachelor's degree,1,0,57,70,51,80,258,B,64.5,75.0,8.0
std-9748,female,group D,master's degree,0,0,68,57,86,63,274,B,68.5,76.3,5.8
std-9749,female,group B,high school,0,0,65,87,63,98,313,B,78.25,92.7,5.9
std-9750,female,group C,master's degree,1,0,56,74,65,88,283,B,70.75,97.8,6.3
std-9751,female,group C,associate's degree,1,1,58,93,59,76,286,B,71.5,91.9,10.8
std-9752,female,group A,master's degree,1,1,30,56,65,79,230,C,57.5,66.3,5.2
std-9753,female,group D,some college,1,1,54,60,50,87,251,B,62.75,80.8,5.2
std-9754,female,group B,master's degree,1,0,85,62,87,71,305,B,76.25,66.4,10.7
std-9755,female,group E,some college,1,0,70,79,80,93,322,A,80.5,92.8,5.5
std-9756,female,group C,high school,0,0,65,49,74,53,241,C,60.25,63.3,6.3
std-9757,female,group D,master's degree,0,0,37,45,75,45,202,C,50.5,67.6,4.0
std-9758,female,group B,high school,0,0,82,83,86,88,339,A,84.75,86.1,7.4
std-9759,female,group A,high school,1,0,51,89,78,77,295,B,73.75,86.5,10.3
std-9760,female,group D,high school,1,1,76,63,62,77,278,B,69.5,78.7,8.6
std-9761,female,group E,associate's degree,1,1,54,57,26,45,182,D,45.5,86.8,5.7
std-9762,female,group C,some high school,1,1,60,54,81,99,294,B,73.5,88.9,8.5
std-9763,female,group C,associate's degree,1,1,74,86,100,70,330,A,82.5,91.2,8.8
std-9764,female,group C,bachelor's degree,1,0,61,95,95,66,317,B,79.25,73.3,5.6
std-9765,female,group A,some high school,1,0,56,80,70,91,297,B,74.25,98.0,5.5
std-9766,female,group C,associate's degree,0,0,29,23,81,82,215,C,53.75,68.7,9.0
std-9767,female,group E,high school,1,1,53,32,71,66,222,C,55.5,92.1,9.3
std-9768,female,group C,master's degree,1,0,79,67,70,66,282,B,70.5,99.6,5.5
std-9769,female,group B,master's degree,1,0,41,90,75,48,254,B,63.5,83.7,8.2
std-9770,female,group E,associate's degree,1,1,67,93,61,46,267,B,66.75,89.5,4.6
std-9771,female,group D,some college,0,0,60,74,80,62,276,B,69.0,53.2,9.7
std-9772,female,group C,some college,1,0,28,72,72,68,240,C,60.0,76.2,8.7
std-9773,female,group B,high school,0,1,39,74,52,50,215,C,53.75,85.8,12.9
std-9774,female,group C,some high school,1,1,87,54,100,49,290,B,72.5,90.4,11.6
std-9775,female,group E,high school,1,0,47,61,96,82,286,B,71.5,70.8,7.6
std-9776,female,group C,high school,1,0,53,71,47,66,237,C,59.25,75.1,8.6
std-9777,female,group B,associate's degree,1,1,94,38,82,51,265,B,66.25,57.2,6.9
std-9778,female,group E,associate's degree,0,0,81,55,87,100,323,A,80.75,88.5,6.4
std-9779,female,group C,associate's degree,0,0,47,89,89,89,314,B,78.5,67.1,7.0
std-9780,female,group C,associate's degree,1,0,87,89,55,71,302,B,75.5,93.3,10.3
std-9781,female,group C,bachelor's degree,0,0,90,50,95,60,295,B,73.75,93.1,4.6
std-9782,female,group D,associate's degree,0,0,58,45,44,40,187,D,46.75,69.3,1.8
std-9783,female,group C,some college,0,0,71,86,42,63,262,B,65.5,84.5,6.5
std-9784,female,group C,some college,0,0,40,70,61,40,211,C,52.75,73.6,6.5
std-9785,female,group C,some college,0,1,59,64,45,70,238,C,59.5,80.0,6.1
std-9786,female,group E,bachelor's degree,1,1,87,69,100,47,303,B,75.75,72.8,11.1
std-9787,female,group C,some high school,1,0,92,57,63,53,265,B,66.25,85.6,9.4
std-9788,female,group A,associate's degree,0,1,100,65,81,56,302,B,75.5,68.3,12.4
std-9789,female,group E,some high school,1,0,79,59,97,44,279,B,69.75,64.7,7.2
std-9790,female,group E,some college,1,0,66,60,63,40,229,C,57.25,75.9,4.9
std-9791,female,group A,bachelor's degree,0,1,27,67,83,59,236,C,59.0,75.7,12.2
std-9792,female,group D,bachelor's degree,0,0,68,60,51,75,254,B,63.5,81.6,5.8
std-9793,female,group C,some high school,1,1,45,40,76,82,243,C,60.75,72.4,10.3
std-9794,female,group B,some high school,1,0,59,100,90,86,335,A,83.75,100.0,12.6
std-9795,female,group D,associate's degree,1,0,66,47,61,65,239,C,59.75,79.3,7.5
std-9796,female,group D,bachelor's degree,1,1,69,80,74,62,285,B,71.25,83.8,6.5
std-9797,female,group C,some high school,1,0,53,97,53,79,282,B,70.5,83.2,3.3
std-9798,female,group B,high school,1,1,68,71,62,50,251,B,62.75,87.9,7.4
std-9799,female,group B,some college,1,0,38,82,65,74,259,B,64.75,84.7,7.6
std-9800,female,group A,some high school,1,0,43,73,85,75,276,B,69.0,84.9,7.4
std-9801,female,group D,associate's degree,1,0,59,67,70,54,250,B,62.5,85.4,11.2
std-9802,female,group B,some high school,1,0,75,89,100,65,329,A,82.25,68.9,8.6
std-9803,female,group B,bachelor's degree,1,1,90,56,86,56,288,B,72.0,65.8,8.2
std-9804,female,group C,some college,1,0,72,35,86,81,274,B,68.5,80.1,3.4
std-9805,female,group C,associate's degree,0,1,54,76,100,72,302,B,75.5,81.3,12.3
std-9806,female,group B,associate's degree,1,0,50,71,51,85,257,B,64.25,84.6,5.8
std-9807,female,group D,some high school,1,1,53,72,82,82,289,B,72.25,82.2,5.3
std-9808,female,group D,some college,1,0,83,47,49,72,251,B,62.75,84.1,5.7
std-9809,female,group C,some college,1,1,80,30,63,61,234,C,58.5,66.2,5.3
std-9810,female,group B,associate's degree,0,1,50,100,69,69,288,B,72.0,81.8,8.0
std-9811,female,group D,some college,1,0,70,72,74,86,302,B,75.5,71.0,6.9
std-9812,female,group C,bachelor's degree,1,0,63,35,96,68,262,B,65.5,83.3,3.7
std-9813,female,group C,high school,1,1,61,89,82,51,283,B,70.75,64.6,7.7
std-9814,female,group B,some college,0,0,75,70,80,84,309,B,77.25,86.8,5.2
std-9815,female,group B,master's degree,0,0,66,76,86,41,269,B,67.25,67.1,4.3
std-9816,female,group C,associate's degree,0,0,51,75,82,67,275,B,68.75,77.4,3.7
std-9817,female,group D,bachelor's degree,1,0,64,73,82,59,278,B,69.5,89.1,5.1
std-9818,female,group C,associate's degree,1,0,85,92,59,68,304,B,76.0,85.3,4.7
std-9819,female,group C,high school,0,0,44,91,72,80,287,B,71.75,67.0,8.0
std-9820,female,group A,some high school,1,1,39,100,56,75,270,B,67.5,74.4,9.1
std-9821,female,group C,associate's degree,1,0,45,75,80,91,291,B,72.75,68.7,9.6
std-9822,female,group E,high school,1,0,27,68,82,89,266,B,66.5,64.8,10.7
std-9823,female,group B,associate's degree,1,0,66,50,56,52,224,C,56.0,77.7,6.7
std-9824,female,group B,some college,1,0,51,51,66,91,259,B,64.75,84.6,7.0
std-9825,female,group B,some high school,0,1,59,47,78,50,234,C,58.5,81.4,9.6
std-9826,female,group C,bachelor's degree,1,0,55,80,90,64,289,B,72.25,87.4,7.7
std-9827,female,group D,bachelor's degree,0,0,69,30,65,75,239,C,59.75,77.8,5.5
std-9828,female,group B,associate's degree,1,0,78,44,89,72,283,B,70.75,79.0,6.4
std-9829,female,group B,bachelor's degree,1,1,34,70,71,64,239,C,59.75,68.2,5.3
std-9830,female,group E,associate's degree,1,1,59,44,72,61,236,C,59.0,73.7,9.9
std-9831,female,group C,high school,1,0,60,81,71,78,290,B,72.5,70.2,6.5
std-9832,female,group C,some high school,1,0,52,88,70,80,290,B,72.5,74.5,10.2
std-9833,female,group B,associate's degree,1,0,74,65,79,74,292,B,73.0,83.1,8.9
std-9834,female,group B,some high school,1,1,56,70,85,100,311,B,77.75,82.8,8.0
std-9835,female,group E,some college,1,1,56,41,89,50,236,C,59.0,100.0,10.9
std-9836,female,group E,some college,1,1,27,69,90,98,284,B,71.0,69.5,2.6
std-9837,female,group E,bachelor's degree,1,0,89,50,74,81,294,B,73.5,81.3,11.5
std-9838,female,group D,some college,1,0,96,42,82,51,271,B,67.75,67.7,2.8
std-9839,female,group C,some college,1,0,44,54,100,89,287,B,71.75,78.3,7.8
std-9840,female,group D,associate's degree,1,0,49,77,73,58,257,B,64.25,76.2,6.9
std-9841,female,group D,high school,1,1,60,71,91,80,302,B,75.5,90.7,12.2
std-9842,female,group C,some college,1,0,32,85,70,71,258,B,64.5,75.4,5.0
std-9843,female,group C,some high school,1,0,97,38,78,67,280,B,70.0,79.5,1.0
std-9844,female,group E,bachelor's degree,1,0,86,52,76,80,294,B,73.5,78.5,5.9
std-9845,female,group C,some high school,0,0,27,68,76,67,238,C,59.5,65.2,4.8
std-9846,female,group B,master's degree,1,0,72,42,70,68,252,B,63.0,73.1,0.6
std-9847,female,group B,associate's degree,0,1,79,70,56,85,290,B,72.5,78.6,9.2
std-9848,female,group E,associate's degree,1,0,61,59,77,58,255,B,63.75,79.9,3.1
std-9849,female,group A,some high school,1,1,75,89,100,90,354,A,88.5,92.4,12.2
std-9850,female,group C,some college,1,0,73,58,33,64,228,C,57.0,74.8,4.5
std-9851,female,group D,high school,1,0,65,78,100,69,312,B,78.0,81.6,12.0
std-9852,female,group C,some high school,1,1,73,95,43,75,286,B,71.5,66.3,8.4
std-9853,female,group A,associate's degree,1,1,31,100,79,46,256,B,64.0,84.1,9.4
std-9854,female,group B,some college,1,0,56,74,69,78,277,B,69.25,74.7,5.8
std-9855,female,group E,some high school,1,0,61,67,70,66,264,B,66.0,86.7,1.9
std-9856,female,group D,master's degree,1,0,81,77,80,57,295,B,73.75,94.3,6.2
std-9857,female,group D,associate's degree,1,1,100,83,64,55,302,B,75.5,81.4,11.3
std-9858,female,group E,some high school,1,1,50,54,95,59,258,B,64.5,70.2,9.8
std-9859,female,group D,some college,1,1,100,94,40,42,276,B,69.0,80.8,8.0
std-9860,female,group C,some college,1,1,45,37,80,67,229,C,57.25,80.2,4.0
std-9861,female,group C,high school,1,0,47,53,74,92,266,B,66.5,77.3,7.6
std-9862,female,group C,high school,1,1,85,51,100,88,324,A,81.0,79.8,10.9
std-9863,female,group C,associate's degree,1,1,62,76,56,42,236,C,59.0,82.7,9.9
std-9864,female,group A,some college,1,0,52,89,62,49,252,B,63.0,83.4,5.0
std-9865,female,group C,some high school,1,0,42,73,36,68,219,C,54.75,73.1,0.7
std-9866,female,group D,some college,1,1,74,100,79,76,329,A,82.25,70.4,11.4
std-9867,female,group E,high school,1,1,69,100,56,72,297,B,74.25,86.8,9.2
std-9868,female,group B,associate's degree,0,0,67,100,61,54,282,B,70.5,74.5,9.9
std-9869,female,group C,high school,1,0,44,100,89,60,293,B,73.25,84.3,6.7
std-9870,female,group C,some high school,1,1,72,100,83,68,323,A,80.75,86.2,9.8
std-9871,female,group B,some college,1,0,55,100,78,32,265,B,66.25,63.0,7.0
std-9872,female,group C,some college,1,0,72,33,90,86,281,B,70.25,82.1,4.9
std-9873,female,group C,high school,1,0,93,58,43,62,256,B,64.0,83.9,4.2
std-9874,female,group D,some high school,1,0,62,78,63,66,269,B,67.25,86.1,5.9
std-9875,female,group B,some college,0,1,58,85,77,51,271,B,67.75,81.6,6.3
std-9876,female,group C,some high school,0,0,27,95,76,66,264,B,66.0,62.1,5.4
std-9877,female,group A,bachelor's degree,1,1,52,43,98,80,273,B,68.25,92.2,13.5
std-9878,female,group D,some college,1,1,62,75,58,87,282,B,70.5,85.1,11.5
std-9879,female,group C,associate's degree,1,1,62,70,59,77,268,B,67.0,69.4,9.3
std-9880,female,group E,high school,0,0,71,94,72,60,297,B,74.25,75.6,10.6
std-9881,female,group A,some college,0,1,64,68,77,71,280,B,70.0,83.3,6.8
std-9882,female,group B,associate's degree,1,1,63,80,79,57,279,B,69.75,87.3,15.1
std-9883,female,group D,some college,1,1,64,55,100,94,313,B,78.25,79.6,8.5
std-9884,female,group C,some high school,1,0,64,87,79,64,294,B,73.5,89.8,11.7
std-9885,female,group B,some college,1,0,60,62,76,87,285,B,71.25,65.5,11.5
std-9886,female,group C,some high school,1,0,60,77,95,55,287,B,71.75,72.5,2.1
std-9887,female,group D,bachelor's degree,0,0,70,27,76,90,263,B,65.75,61.3,9.6
std-9888,female,group C,some college,1,1,86,61,91,68,306,B,76.5,75.3,8.8
std-9889,female,group D,bachelor's degree,1,0,76,52,83,62,273,B,68.25,94.3,4.8
std-9890,female,group D,some high school,1,1,72,99,66,60,297,B,74.25,100.0,10.6
std-9891,female,group E,associate's degree,1,0,84,86,72,99,341,A,85.25,88.4,5.3
std-9892,female,group D,some high school,0,0,48,100,61,66,275,B,68.75,75.1,7.5
std-9893,female,group D,some college,1,1,39,76,86,74,275,B,68.75,78.9,6.4
std-9894,female,group D,some high school,1,0,60,52,91,66,269,B,67.25,84.6,6.5
std-9895,female,group C,some college,1,0,67,41,89,57,254,B,63.5,65.0,9.1
std-9896,female,group D,bachelor's degree,1,0,42,88,83,57,270,B,67.5,75.3,7.1
std-9897,female,group E,high school,1,1,55,55,75,89,274,B,68.5,93.7,7.8
std-9898,female,group D,some high school,1,1,79,57,100,87,323,A,80.75,75.4,11.2
std-9899,female,group D,some high school,0,1,73,76,100,33,282,B,70.5,74.7,5.4
std-9900,female,group B,high school,1,1,67,65,69,58,259,B,64.75,79.6,6.3
std-9901,female,group C,some high school,1,0,63,55,65,44,227,C,56.75,79.4,4.0
std-9902,female,group C,associate's degree,1,1,86,51,53,63,253,B,63.25,73.4,10.2
std-9903,female,group C,associate's degree,1,0,100,38,97,46,281,B,70.25,82.0,7.4
std-9904,female,group B,associate's degree,1,1,97,48,61,75,281,B,70.25,86.8,10.2
std-9905,female,group C,associate's degree,1,0,57,86,91,84,318,B,79.5,100.0,7.2
std-9906,female,group B,associate's degree,1,1,62,53,91,44,250,B,62.5,77.6,6.2
std-9907,female,group E,associate's degree,1,0,62,86,74,72,294,B,73.5,82.0,10.4
std-9908,female,group B,some high school,0,0,79,83,87,53,302,B,75.5,96.8,5.1
std-9909,female,group E,bachelor's degree,1,1,73,75,100,66,314,B,78.5,79.1,10.7
std-9910,female,group C,some college,1,0,65,39,52,68,224,C,56.0,64.7,4.8
std-9911,female,group A,some college,0,1,74,87,73,42,276,B,69.0,83.2,10.2
std-9912,female,group C,high school,1,0,27,51,86,64,228,C,57.0,86.6,3.6
std-9913,female,group B,some high school,1,0,65,81,73,54,273,B,68.25,83.9,8.8
std-9914,female,group E,some high school,1,1,65,84,80,50,279,B,69.75,80.3,12.3
std-9915,female,group C,some college,0,0,89,76,85,69,319,B,79.75,71.5,9.8
std-9916,female,group C,some college,1,0,78,53,68,71,270,B,67.5,79.9,6.5
std-9917,female,group A,associate's degree,1,1,63,97,65,54,279,B,69.75,92.3,7.7
std-9918,female,group B,some college,0,0,50,100,88,66,304,B,76.0,72.1,14.0
std-9919,female,group D,some high school,1,1,73,51,80,78,282,B,70.5,79.2,6.4
std-9920,female,group B,associate's degree,1,0,52,45,93,59,249,C,62.25,75.2,7.8
std-9921,female,group E,some high school,1,1,61,75,86,66,288,B,72.0,75.6,9.9
std-9922,female,group B,master's degree,0,0,56,43,100,97,296,B,74.0,84.8,6.6
std-9923,female,group C,some college,0,0,54,78,59,72,263,B,65.75,83.8,6.4
std-9924,female,group B,bachelor's degree,1,1,58,44,82,84,268,B,67.0,84.2,7.3
std-9925,female,group C,high school,1,1,80,80,69,65,294,B,73.5,73.6,10.3
std-9926,female,group E,some high school,1,1,33,74,61,76,244,C,61.0,63.5,8.8
std-9927,female,group D,bachelor's degree,1,0,49,90,48,38,225,C,56.25,79.1,11.8
std-9928,female,group A,associate's degree,1,0,57,56,88,84,285,B,71.25,77.1,9.2
std-9929,female,group C,bachelor's degree,1,0,85,73,70,52,280,B,70.0,97.8,7.6
std-9930,female,group E,some college,1,1,95,85,69,61,310,B,77.5,100.0,11.0
std-9931,female,group A,high school,1,0,89,67,100,95,351,A,87.75,100.0,12.6
std-9932,female,group C,high school,1,0,63,77,63,68,271,B,67.75,72.1,3.7
std-9933,female,group B,some high school,0,0,57,86,69,75,287,B,71.75,87.0,6.1
std-9934,female,group A,associate's degree,1,1,27,77,100,57,261,B,65.25,87.5,3.6
std-9935,female,group E,some high school,1,0,66,81,87,46,280,B,70.0,88.1,7.8
std-9936,female,group C,high school,1,0,99,67,65,98,329,A,82.25,82.1,9.6
std-9937,female,group D,master's degree,1,0,74,60,88,72,294,B,73.5,93.9,4.2
std-9938,female,group C,high school,0,0,72,51,54,85,262,B,65.5,79.8,9.5
std-9939,female,group C,high school,0,0,83,82,88,86,339,A,84.75,87.3,6.0
std-9940,female,group C,some college,1,1,55,85,84,98,322,A,80.5,70.9,9.0
std-9941,female,group B,some high school,1,0,46,63,100,59,268,B,67.0,86.1,6.4
std-9942,female,group D,associate's degree,0,0,54,81,47,58,240,C,60.0,75.6,9.4
std-9943,female,group C,high school,1,1,97,69,93,88,347,A,86.75,91.0,8.3
std-9944,female,group E,some high school,1,1,27,55,94,50,226,C,56.5,78.9,8.3
std-9945,female,group C,high school,1,1,83,77,100,40,300,B,75.0,84.5,11.3
std-9946,female,group C,some college,1,1,97,51,78,53,279,B,69.75,80.8,10.3
std-9947,female,group E,high school,0,0,49,100,70,60,279,B,69.75,88.3,7.8
std-9948,female,group E,some high school,1,1,89,97,100,58,344,A,86.0,84.8,12.3
std-9949,female,group E,some high school,1,1,63,37,64,32,196,D,49.0,61.2,5.5
std-9950,female,group D,associate's degree,1,1,72,48,63,51,234,C,58.5,82.6,12.0
std-9951,female,group C,bachelor's degree,0,1,27,82,67,41,217,C,54.25,68.8,7.1
std-9952,female,group A,high school,0,1,76,100,25,58,259,B,64.75,67.6,7.8
std-9953,female,group D,some college,1,1,82,68,59,80,289,B,72.25,72.8,12.4
std-9954,female,group A,some college,0,0,62,53,87,82,284,B,71.0,84.1,4.9
std-9955,female,group C,some college,1,0,62,73,85,91,311,B,77.75,83.0,7.9
std-9956,female,group B,some college,0,1,90,100,97,53,340,A,85.0,67.0,8.5
std-9957,female,group B,some high school,1,0,57,77,62,64,260,B,65.0,76.2,12.2
std-9958,female,group B,some college,1,1,68,43,76,44,231,C,57.75,87.7,13.5
std-9959,female,group B,high school,1,1,66,71,83,47,267,B,66.75,76.1,8.3
std-9960,female,group C,associate's degree,1,1,58,96,88,53,295,B,73.75,81.0,10.5
std-9961,female,group D,some college,1,0,61,81,82,93,317,B,79.25,93.7,7.2
std-9962,female,group C,high school,1,0,57,84,84,62,287,B,71.75,89.0,5.7
std-9963,female,group C,some college,1,1,67,75,89,78,309,B,77.25,92.9,9.8
std-9964,female,group B,master's degree,1,0,36,63,75,88,262,B,65.5,54.8,5.8
std-9965,female,group D,bachelor's degree,1,0,36,94,96,77,303,B,75.75,98.8,3.1
std-9966,female,group E,high school,1,0,65,89,73,81,308,B,77.0,89.3,7.7
std-9967,female,group A,some high school,0,0,63,56,94,50,263,B,65.75,100.0,5.9
std-9968,female,group C,some college,1,0,33,71,97,79,280,B,70.0,74.2,7.1
std-9969,female,group D,some college,1,1,78,84,79,69,310,B,77.5,67.9,9.4
std-9970,female,group D,high school,1,1,60,74,98,56,288,B,72.0,82.0,8.1
std-9971,female,group C,high school,1,1,53,83,46,67,249,C,62.25,76.2,10.3
std-9972,female,group A,associate's degree,1,0,87,66,76,61,290,B,72.5,88.0,7.9
std-9973,female,group C,associate's degree,1,0,62,36,79,63,240,C,60.0,87.6,8.9
std-9974,female,group B,associate's degree,0,1,70,84,80,66,300,B,75.0,82.1,10.6
std-9975,female,group C,high school,1,1,78,32,84,93,287,B,71.75,79.7,8.5
std-9976,female,group E,high school,1,0,79,74,51,58,262,B,65.5,84.5,7.5
std-9977,female,group E,some high school,1,0,50,63,74,77,264,B,66.0,77.6,1.0
std-9978,female,group B,bachelor's degree,1,0,89,40,81,64,274,B,68.5,77.7,11.5
std-9979,female,group B,master's degree,1,0,91,58,76,92,317,B,79.25,93.7,7.9
std-9980,female,group B,some high school,1,0,74,70,79,73,296,B,74.0,93.9,12.2
std-9981,female,group D,associate's degree,1,1,49,66,97,84,296,B,74.0,92.3,7.1
std-9982,female,group B,associate's degree,1,1,51,69,50,77,247,C,61.75,77.0,5.3
std-9983,female,group C,master's degree,1,1,34,82,75,62,253,B,63.25,59.8,9.1
std-9984,female,group E,some high school,1,1,66,46,64,80,256,B,64.0,77.9,9.2
std-9985,female,group D,high school,1,0,80,86,93,83,342,A,85.5,79.6,8.7
std-9986,female,group C,some high school,1,0,73,60,58,81,272,B,68.0,79.4,6.6
std-9987,female,group D,some college,1,1,60,64,76,57,257,B,64.25,73.3,6.7
std-9988,female,group B,associate's degree,1,0,90,68,75,82,315,B,78.75,84.0,3.5
std-9989,female,group A,associate's degree,0,0,31,95,58,57,241,C,60.25,68.7,6.1
std-9990,female,group C,some high school,0,1,99,41,78,55,273,B,68.25,69.2,5.5
std-9991,female,group E,some high school,0,1,68,100,100,84,352,A,88.0,98.2,7.1
std-9992,female,group C,high school,1,1,51,94,78,96,319,B,79.75,75.8,8.8
std-9993,female,group D,some college,0,1,72,94,65,55,286,B,71.5,81.8,10.1
std-9994,female,group D,associate's degree,1,0,59,71,81,51,262,B,65.5,88.4,10.9
std-9995,female,group B,bachelor's degree,1,1,27,98,87,76,288,B,72.0,90.2,11.5
std-9996,female,group C,some college,1,0,78,60,46,58,242,C,60.5,85.3,9.0
std-9997,female,group C,bachelor's degree,1,0,37,92,99,73,301,B,75.25,85.7,8.5
std-9998,female,group B,associate's degree,1,1,70,71,100,90,331,A,82.75,92.0,11.0
std-9999,female,group B,some high school,1,0,87,60,100,89,336,A,84.0,98.3,13.9
std-10000,female,group B,high school,1,0,31,89,93,80,293,B,73.25,86.2,3.4
